Subject,Filename,clip_name,emotion,fold,Onset,Apex,Offset,frame_dir,depth_dir,AU,Objective class,Duration,frame_count
spNO.1,a,spNO.1_a_355,others,1,355,359,360,D:\CASME PROJECT FINAL\CASME3_Dataset\Part_A_ME_clip\Part_A_ME_clip\frame\spNO.1_a_355,D:\CASME PROJECT FINAL\CASME3_Dataset\Part_A_ME_clip\Part_A_ME_clip\depth\spNO.1_a_355,5,II,5,6
spNO.1,b,spNO.1_b_166,disgust,1,166,175,179,D:\CASME PROJECT FINAL\CASME3_Dataset\Part_A_ME_clip\Part_A_ME_clip\frame\spNO.1_b_166,D:\CASME PROJECT FINAL\CASME3_Dataset\Part_A_ME_clip\Part_A_ME_clip\depth\spNO.1_b_166,4,III,13,14
spNO.1,e,spNO.1_e_62,others,1,62,68,96,D:\CASME PROJECT FINAL\CASME3_Dataset\Part_A_ME_clip\Part_A_ME_clip\frame\spNO.1_e_62,D:\CASME PROJECT FINAL\CASME3_Dataset\Part_A_ME_clip\Part_A_ME_clip\depth\spNO.1_e_62,R12,I,34,35
spNO.1,e,spNO.1_e_96,others,1,96,102,106,D:\CASME PROJECT FINAL\CASME3_Dataset\Part_A_ME_clip\Part_A_ME_clip\frame\spNO.1_e_96,D:\CASME PROJECT FINAL\CASME3_Dataset\Part_A_ME_clip\Part_A_ME_clip\depth\spNO.1_e_96,R12,I,10,11
spNO.1,f,spNO.1_f_1421,others,1,1421,1426,1440,D:\CASME PROJECT FINAL\CASME3_Dataset\Part_A_ME_clip\Part_A_ME_clip\frame\spNO.1_f_1421,D:\CASME PROJECT FINAL\CASME3_Dataset\Part_A_ME_clip\Part_A_ME_clip\depth\spNO.1_f_1421,5,II,19,20
spNO.1,f,spNO.1_f_1568,others,1,1568,1572,1581,D:\CASME PROJECT FINAL\CASME3_Dataset\Part_A_ME_clip\Part_A_ME_clip\frame\spNO.1_f_1568,D:\CASME PROJECT FINAL\CASME3_Dataset\Part_A_ME_clip\Part_A_ME_clip\depth\spNO.1_f_1568,4,III,13,14
spNO.1,h,spNO.1_h_181,surprise,1,181,185,194,D:\CASME PROJECT FINAL\CASME3_Dataset\Part_A_ME_clip\Part_A_ME_clip\frame\spNO.1_h_181,D:\CASME PROJECT FINAL\CASME3_Dataset\Part_A_ME_clip\Part_A_ME_clip\depth\spNO.1_h_181,38,VII,13,14
spNO.1,j,spNO.1_j_28,happy,1,28,33,49,D:\CASME PROJECT FINAL\CASME3_Dataset\Part_A_ME_clip\Part_A_ME_clip\frame\spNO.1_j_28,D:\CASME PROJECT FINAL\CASME3_Dataset\Part_A_ME_clip\Part_A_ME_clip\depth\spNO.1_j_28,24,VII,21,22
spNO.1,j,spNO.1_j_102,surprise,1,102,105,113,D:\CASME PROJECT FINAL\CASME3_Dataset\Part_A_ME_clip\Part_A_ME_clip\frame\spNO.1_j_102,D:\CASME PROJECT FINAL\CASME3_Dataset\Part_A_ME_clip\Part_A_ME_clip\depth\spNO.1_j_102,26+25,II,11,12
spNO.1,k,spNO.1_k_153,happy,1,153,159,168,D:\CASME PROJECT FINAL\CASME3_Dataset\Part_A_ME_clip\Part_A_ME_clip\frame\spNO.1_k_153,D:\CASME PROJECT FINAL\CASME3_Dataset\Part_A_ME_clip\Part_A_ME_clip\depth\spNO.1_k_153,38,VII,15,16
spNO.10,a,spNO.10_a_116,disgust,3,116,121,125,D:\CASME PROJECT FINAL\CASME3_Dataset\Part_A_ME_clip\Part_A_ME_clip\frame\spNO.10_a_116,D:\CASME PROJECT FINAL\CASME3_Dataset\Part_A_ME_clip\Part_A_ME_clip\depth\spNO.10_a_116,16+24,VII,9,10
spNO.10,d,spNO.10_d_162,surprise,3,162,164,165,D:\CASME PROJECT FINAL\CASME3_Dataset\Part_A_ME_clip\Part_A_ME_clip\frame\spNO.10_d_162,D:\CASME PROJECT FINAL\CASME3_Dataset\Part_A_ME_clip\Part_A_ME_clip\depth\spNO.10_d_162,5,II,3,4
spNO.10,d,spNO.10_d_691,others,3,691,696,703,D:\CASME PROJECT FINAL\CASME3_Dataset\Part_A_ME_clip\Part_A_ME_clip\frame\spNO.10_d_691,D:\CASME PROJECT FINAL\CASME3_Dataset\Part_A_ME_clip\Part_A_ME_clip\depth\spNO.10_d_691,16+24,VII,12,13
spNO.10,f,spNO.10_f_278,fear,3,278,279,280,D:\CASME PROJECT FINAL\CASME3_Dataset\Part_A_ME_clip\Part_A_ME_clip\frame\spNO.10_f_278,D:\CASME PROJECT FINAL\CASME3_Dataset\Part_A_ME_clip\Part_A_ME_clip\depth\spNO.10_f_278,18,VII,2,3
spNO.10,f,spNO.10_f_280,fear,3,280,281,285,D:\CASME PROJECT FINAL\CASME3_Dataset\Part_A_ME_clip\Part_A_ME_clip\frame\spNO.10_f_280,D:\CASME PROJECT FINAL\CASME3_Dataset\Part_A_ME_clip\Part_A_ME_clip\depth\spNO.10_f_280,28,VII,5,6
spNO.10,i,spNO.10_i_2030,disgust,3,2030,2035,2098,D:\CASME PROJECT FINAL\CASME3_Dataset\Part_A_ME_clip\Part_A_ME_clip\frame\spNO.10_i_2030,D:\CASME PROJECT FINAL\CASME3_Dataset\Part_A_ME_clip\Part_A_ME_clip\depth\spNO.10_i_2030,4,III,68,69
spNO.10,i,spNO.10_i_2864,anger,3,2864,2868,2874,D:\CASME PROJECT FINAL\CASME3_Dataset\Part_A_ME_clip\Part_A_ME_clip\frame\spNO.10_i_2864,D:\CASME PROJECT FINAL\CASME3_Dataset\Part_A_ME_clip\Part_A_ME_clip\depth\spNO.10_i_2864,14,VII,10,11
spNO.10,j,spNO.10_j_1348,happy,3,1348,1351,1356,D:\CASME PROJECT FINAL\CASME3_Dataset\Part_A_ME_clip\Part_A_ME_clip\frame\spNO.10_j_1348,D:\CASME PROJECT FINAL\CASME3_Dataset\Part_A_ME_clip\Part_A_ME_clip\depth\spNO.10_j_1348,15,V,8,9
spNO.10,j,spNO.10_j_1565,others,3,1565,1573,1613,D:\CASME PROJECT FINAL\CASME3_Dataset\Part_A_ME_clip\Part_A_ME_clip\frame\spNO.10_j_1565,D:\CASME PROJECT FINAL\CASME3_Dataset\Part_A_ME_clip\Part_A_ME_clip\depth\spNO.10_j_1565,R10,IV,48,49
spNO.10,k,spNO.10_k_424,others,3,424,429,478,D:\CASME PROJECT FINAL\CASME3_Dataset\Part_A_ME_clip\Part_A_ME_clip\frame\spNO.10_k_424,D:\CASME PROJECT FINAL\CASME3_Dataset\Part_A_ME_clip\Part_A_ME_clip\depth\spNO.10_k_424,L2,VII,54,55
spNO.10,k,spNO.10_k_735,surprise,3,735,737,743,D:\CASME PROJECT FINAL\CASME3_Dataset\Part_A_ME_clip\Part_A_ME_clip\frame\spNO.10_k_735,D:\CASME PROJECT FINAL\CASME3_Dataset\Part_A_ME_clip\Part_A_ME_clip\depth\spNO.10_k_735,L2,VII,8,9
spNO.10,k,spNO.10_k_2067,surprise,3,2067,2069,2072,D:\CASME PROJECT FINAL\CASME3_Dataset\Part_A_ME_clip\Part_A_ME_clip\frame\spNO.10_k_2067,D:\CASME PROJECT FINAL\CASME3_Dataset\Part_A_ME_clip\Part_A_ME_clip\depth\spNO.10_k_2067,L2,VII,5,6
spNO.10,l,spNO.10_l_1,others,3,1,3,8,D:\CASME PROJECT FINAL\CASME3_Dataset\Part_A_ME_clip\Part_A_ME_clip\frame\spNO.10_l_1,D:\CASME PROJECT FINAL\CASME3_Dataset\Part_A_ME_clip\Part_A_ME_clip\depth\spNO.10_l_1,25,II,7,8
spNO.10,l,spNO.10_l_1086,anger,3,1086,1090,1094,D:\CASME PROJECT FINAL\CASME3_Dataset\Part_A_ME_clip\Part_A_ME_clip\frame\spNO.10_l_1086,D:\CASME PROJECT FINAL\CASME3_Dataset\Part_A_ME_clip\Part_A_ME_clip\depth\spNO.10_l_1086,4,III,8,9
spNO.10,l,spNO.10_l_1407,surprise,3,1407,1414,1424,D:\CASME PROJECT FINAL\CASME3_Dataset\Part_A_ME_clip\Part_A_ME_clip\frame\spNO.10_l_1407,D:\CASME PROJECT FINAL\CASME3_Dataset\Part_A_ME_clip\Part_A_ME_clip\depth\spNO.10_l_1407,4,III,17,18
spNO.11,a,spNO.11_a_8,others,2,8,15,22,D:\CASME PROJECT FINAL\CASME3_Dataset\Part_A_ME_clip\Part_A_ME_clip\frame\spNO.11_a_8,D:\CASME PROJECT FINAL\CASME3_Dataset\Part_A_ME_clip\Part_A_ME_clip\depth\spNO.11_a_8,26,VII,14,15
spNO.11,a,spNO.11_a_26,disgust,2,26,30,37,D:\CASME PROJECT FINAL\CASME3_Dataset\Part_A_ME_clip\Part_A_ME_clip\frame\spNO.11_a_26,D:\CASME PROJECT FINAL\CASME3_Dataset\Part_A_ME_clip\Part_A_ME_clip\depth\spNO.11_a_26,4,III,11,12
spNO.11,a,spNO.11_a_205,surprise,2,205,207,212,D:\CASME PROJECT FINAL\CASME3_Dataset\Part_A_ME_clip\Part_A_ME_clip\frame\spNO.11_a_205,D:\CASME PROJECT FINAL\CASME3_Dataset\Part_A_ME_clip\Part_A_ME_clip\depth\spNO.11_a_205,25,II,7,8
spNO.11,a,spNO.11_a_234,disgust,2,234,242,250,D:\CASME PROJECT FINAL\CASME3_Dataset\Part_A_ME_clip\Part_A_ME_clip\frame\spNO.11_a_234,D:\CASME PROJECT FINAL\CASME3_Dataset\Part_A_ME_clip\Part_A_ME_clip\depth\spNO.11_a_234,14,VII,16,17
spNO.11,a,spNO.11_a_257,others,2,257,260,268,D:\CASME PROJECT FINAL\CASME3_Dataset\Part_A_ME_clip\Part_A_ME_clip\frame\spNO.11_a_257,D:\CASME PROJECT FINAL\CASME3_Dataset\Part_A_ME_clip\Part_A_ME_clip\depth\spNO.11_a_257,4,III,11,12
spNO.11,a,spNO.11_a_413,disgust,2,413,415,418,D:\CASME PROJECT FINAL\CASME3_Dataset\Part_A_ME_clip\Part_A_ME_clip\frame\spNO.11_a_413,D:\CASME PROJECT FINAL\CASME3_Dataset\Part_A_ME_clip\Part_A_ME_clip\depth\spNO.11_a_413,25,II,5,6
spNO.11,d,spNO.11_d_1982,fear,2,1982,1986,1990,D:\CASME PROJECT FINAL\CASME3_Dataset\Part_A_ME_clip\Part_A_ME_clip\frame\spNO.11_d_1982,D:\CASME PROJECT FINAL\CASME3_Dataset\Part_A_ME_clip\Part_A_ME_clip\depth\spNO.11_d_1982,L2,VII,8,9
spNO.11,d,spNO.11_d_2487,fear,2,2487,2495,2506,D:\CASME PROJECT FINAL\CASME3_Dataset\Part_A_ME_clip\Part_A_ME_clip\frame\spNO.11_d_2487,D:\CASME PROJECT FINAL\CASME3_Dataset\Part_A_ME_clip\Part_A_ME_clip\depth\spNO.11_d_2487,14+24,VII,19,20
spNO.11,e,spNO.11_e_856,disgust,2,856,864,872,D:\CASME PROJECT FINAL\CASME3_Dataset\Part_A_ME_clip\Part_A_ME_clip\frame\spNO.11_e_856,D:\CASME PROJECT FINAL\CASME3_Dataset\Part_A_ME_clip\Part_A_ME_clip\depth\spNO.11_e_856,4,III,16,17
spNO.11,f,spNO.11_f_13,others,2,13,13,40,D:\CASME PROJECT FINAL\CASME3_Dataset\Part_A_ME_clip\Part_A_ME_clip\frame\spNO.11_f_13,D:\CASME PROJECT FINAL\CASME3_Dataset\Part_A_ME_clip\Part_A_ME_clip\depth\spNO.11_f_13,2+1,II,27,28
spNO.11,g,spNO.11_g_2001,sad,2,2001,2008,2026,D:\CASME PROJECT FINAL\CASME3_Dataset\Part_A_ME_clip\Part_A_ME_clip\frame\spNO.11_g_2001,D:\CASME PROJECT FINAL\CASME3_Dataset\Part_A_ME_clip\Part_A_ME_clip\depth\spNO.11_g_2001,24+14,VII,25,26
spNO.11,h,spNO.11_h_316,surprise,2,316,324,338,D:\CASME PROJECT FINAL\CASME3_Dataset\Part_A_ME_clip\Part_A_ME_clip\frame\spNO.11_h_316,D:\CASME PROJECT FINAL\CASME3_Dataset\Part_A_ME_clip\Part_A_ME_clip\depth\spNO.11_h_316,25,II,22,23
spNO.11,i,spNO.11_i_797,anger,2,797,807,811,D:\CASME PROJECT FINAL\CASME3_Dataset\Part_A_ME_clip\Part_A_ME_clip\frame\spNO.11_i_797,D:\CASME PROJECT FINAL\CASME3_Dataset\Part_A_ME_clip\Part_A_ME_clip\depth\spNO.11_i_797,12,I,14,15
spNO.11,i,spNO.11_i_2740,disgust,2,2740,2748,2758,D:\CASME PROJECT FINAL\CASME3_Dataset\Part_A_ME_clip\Part_A_ME_clip\frame\spNO.11_i_2740,D:\CASME PROJECT FINAL\CASME3_Dataset\Part_A_ME_clip\Part_A_ME_clip\depth\spNO.11_i_2740,4+18+9+25,VII,18,19
spNO.11,k,spNO.11_k_1743,others,2,1743,1746,1747,D:\CASME PROJECT FINAL\CASME3_Dataset\Part_A_ME_clip\Part_A_ME_clip\frame\spNO.11_k_1743,D:\CASME PROJECT FINAL\CASME3_Dataset\Part_A_ME_clip\Part_A_ME_clip\depth\spNO.11_k_1743,18,VII,4,5
spNO.11,l,spNO.11_l_2733,others,2,2733,2743,2746,D:\CASME PROJECT FINAL\CASME3_Dataset\Part_A_ME_clip\Part_A_ME_clip\frame\spNO.11_l_2733,D:\CASME PROJECT FINAL\CASME3_Dataset\Part_A_ME_clip\Part_A_ME_clip\depth\spNO.11_l_2733,16,VII,13,14
spNO.11,m,spNO.11_m_1602,anger,2,1602,1609,1621,D:\CASME PROJECT FINAL\CASME3_Dataset\Part_A_ME_clip\Part_A_ME_clip\frame\spNO.11_m_1602,D:\CASME PROJECT FINAL\CASME3_Dataset\Part_A_ME_clip\Part_A_ME_clip\depth\spNO.11_m_1602,R14,VII,19,20
spNO.11,m,spNO.11_m_1855,others,2,1855,1863,1870,D:\CASME PROJECT FINAL\CASME3_Dataset\Part_A_ME_clip\Part_A_ME_clip\frame\spNO.11_m_1855,D:\CASME PROJECT FINAL\CASME3_Dataset\Part_A_ME_clip\Part_A_ME_clip\depth\spNO.11_m_1855,R2,VII,15,16
spNO.11,m,spNO.11_m_2240,anger,2,2240,2245,2255,D:\CASME PROJECT FINAL\CASME3_Dataset\Part_A_ME_clip\Part_A_ME_clip\frame\spNO.11_m_2240,D:\CASME PROJECT FINAL\CASME3_Dataset\Part_A_ME_clip\Part_A_ME_clip\depth\spNO.11_m_2240,14,VII,15,16
spNO.12,a,spNO.12_a_322,others,3,322,327,336,D:\CASME PROJECT FINAL\CASME3_Dataset\Part_A_ME_clip\Part_A_ME_clip\frame\spNO.12_a_322,D:\CASME PROJECT FINAL\CASME3_Dataset\Part_A_ME_clip\Part_A_ME_clip\depth\spNO.12_a_322,7,VII,14,15
spNO.12,a,spNO.12_a_385,disgust,3,385,392,404,D:\CASME PROJECT FINAL\CASME3_Dataset\Part_A_ME_clip\Part_A_ME_clip\frame\spNO.12_a_385,D:\CASME PROJECT FINAL\CASME3_Dataset\Part_A_ME_clip\Part_A_ME_clip\depth\spNO.12_a_385,7,VII,19,20
spNO.12,d,spNO.12_d_116,others,3,116,121,139,D:\CASME PROJECT FINAL\CASME3_Dataset\Part_A_ME_clip\Part_A_ME_clip\frame\spNO.12_d_116,D:\CASME PROJECT FINAL\CASME3_Dataset\Part_A_ME_clip\Part_A_ME_clip\depth\spNO.12_d_116,14,VII,23,24
spNO.12,g,spNO.12_g_1666,anger,3,1666,1672,1695,D:\CASME PROJECT FINAL\CASME3_Dataset\Part_A_ME_clip\Part_A_ME_clip\frame\spNO.12_g_1666,D:\CASME PROJECT FINAL\CASME3_Dataset\Part_A_ME_clip\Part_A_ME_clip\depth\spNO.12_g_1666,7,VII,29,30
spNO.12,j,spNO.12_j_31,others,3,31,38,46,D:\CASME PROJECT FINAL\CASME3_Dataset\Part_A_ME_clip\Part_A_ME_clip\frame\spNO.12_j_31,D:\CASME PROJECT FINAL\CASME3_Dataset\Part_A_ME_clip\Part_A_ME_clip\depth\spNO.12_j_31,4,III,15,16
spNO.13,d,spNO.13_d_787,fear,2,787,792,800,D:\CASME PROJECT FINAL\CASME3_Dataset\Part_A_ME_clip\Part_A_ME_clip\frame\spNO.13_d_787,D:\CASME PROJECT FINAL\CASME3_Dataset\Part_A_ME_clip\Part_A_ME_clip\depth\spNO.13_d_787,16+24,VII,13,14
spNO.13,f,spNO.13_f_1014,others,2,1014,1018,1033,D:\CASME PROJECT FINAL\CASME3_Dataset\Part_A_ME_clip\Part_A_ME_clip\frame\spNO.13_f_1014,D:\CASME PROJECT FINAL\CASME3_Dataset\Part_A_ME_clip\Part_A_ME_clip\depth\spNO.13_f_1014,4,III,19,20
spNO.13,j,spNO.13_j_598,others,2,598,604,611,D:\CASME PROJECT FINAL\CASME3_Dataset\Part_A_ME_clip\Part_A_ME_clip\frame\spNO.13_j_598,D:\CASME PROJECT FINAL\CASME3_Dataset\Part_A_ME_clip\Part_A_ME_clip\depth\spNO.13_j_598,4,III,13,14
spNO.13,l,spNO.13_l_2080,sad,2,2080,2088,2096,D:\CASME PROJECT FINAL\CASME3_Dataset\Part_A_ME_clip\Part_A_ME_clip\frame\spNO.13_l_2080,D:\CASME PROJECT FINAL\CASME3_Dataset\Part_A_ME_clip\Part_A_ME_clip\depth\spNO.13_l_2080,14,VII,16,17
spNO.13,l,spNO.13_l_2096,sad,2,2096,2099,2107,D:\CASME PROJECT FINAL\CASME3_Dataset\Part_A_ME_clip\Part_A_ME_clip\frame\spNO.13_l_2096,D:\CASME PROJECT FINAL\CASME3_Dataset\Part_A_ME_clip\Part_A_ME_clip\depth\spNO.13_l_2096,24,VII,11,12
spNO.138,c,spNO.138_c_721,surprise,3,721,728,739,D:\CASME PROJECT FINAL\CASME3_Dataset\Part_A_ME_clip\Part_A_ME_clip\frame\spNO.138_c_721,D:\CASME PROJECT FINAL\CASME3_Dataset\Part_A_ME_clip\Part_A_ME_clip\depth\spNO.138_c_721,7,VII,18,19
spNO.139,l,spNO.139_l_463,sad,2,463,470,477,D:\CASME PROJECT FINAL\CASME3_Dataset\Part_A_ME_clip\Part_A_ME_clip\frame\spNO.139_l_463,D:\CASME PROJECT FINAL\CASME3_Dataset\Part_A_ME_clip\Part_A_ME_clip\depth\spNO.139_l_463,4,III,14,15
spNO.14,a,spNO.14_a_474,disgust,1,474,481,688,D:\CASME PROJECT FINAL\CASME3_Dataset\Part_A_ME_clip\Part_A_ME_clip\frame\spNO.14_a_474,D:\CASME PROJECT FINAL\CASME3_Dataset\Part_A_ME_clip\Part_A_ME_clip\depth\spNO.14_a_474,38,VII,214,215
spNO.14,e,spNO.14_e_2154,sad,1,2154,2160,2172,D:\CASME PROJECT FINAL\CASME3_Dataset\Part_A_ME_clip\Part_A_ME_clip\frame\spNO.14_e_2154,D:\CASME PROJECT FINAL\CASME3_Dataset\Part_A_ME_clip\Part_A_ME_clip\depth\spNO.14_e_2154,L14,VII,18,19
spNO.14,j,spNO.14_j_1012,others,1,1012,1019,1038,D:\CASME PROJECT FINAL\CASME3_Dataset\Part_A_ME_clip\Part_A_ME_clip\frame\spNO.14_j_1012,D:\CASME PROJECT FINAL\CASME3_Dataset\Part_A_ME_clip\Part_A_ME_clip\depth\spNO.14_j_1012,14,VII,26,27
spNO.142,a,spNO.142_a_634,surprise,4,634,642,647,D:\CASME PROJECT FINAL\CASME3_Dataset\Part_A_ME_clip\Part_A_ME_clip\frame\spNO.142_a_634,D:\CASME PROJECT FINAL\CASME3_Dataset\Part_A_ME_clip\Part_A_ME_clip\depth\spNO.142_a_634,12,I,13,14
spNO.142,c,spNO.142_c_33,disgust,4,33,39,51,D:\CASME PROJECT FINAL\CASME3_Dataset\Part_A_ME_clip\Part_A_ME_clip\frame\spNO.142_c_33,D:\CASME PROJECT FINAL\CASME3_Dataset\Part_A_ME_clip\Part_A_ME_clip\depth\spNO.142_c_33,4,III,18,19
spNO.142,c,spNO.142_c_2843,disgust,4,2843,2851,2870,D:\CASME PROJECT FINAL\CASME3_Dataset\Part_A_ME_clip\Part_A_ME_clip\frame\spNO.142_c_2843,D:\CASME PROJECT FINAL\CASME3_Dataset\Part_A_ME_clip\Part_A_ME_clip\depth\spNO.142_c_2843,24+14,VII,27,28
spNO.142,f,spNO.142_f_260,others,4,260,268,282,D:\CASME PROJECT FINAL\CASME3_Dataset\Part_A_ME_clip\Part_A_ME_clip\frame\spNO.142_f_260,D:\CASME PROJECT FINAL\CASME3_Dataset\Part_A_ME_clip\Part_A_ME_clip\depth\spNO.142_f_260,16+24+14,VII,22,23
spNO.142,g,spNO.142_g_1408,sad,4,1408,1414,1441,D:\CASME PROJECT FINAL\CASME3_Dataset\Part_A_ME_clip\Part_A_ME_clip\frame\spNO.142_g_1408,D:\CASME PROJECT FINAL\CASME3_Dataset\Part_A_ME_clip\Part_A_ME_clip\depth\spNO.142_g_1408,24+14,VII,33,34
spNO.142,g,spNO.142_g_1566,sad,4,1566,1570,1578,D:\CASME PROJECT FINAL\CASME3_Dataset\Part_A_ME_clip\Part_A_ME_clip\frame\spNO.142_g_1566,D:\CASME PROJECT FINAL\CASME3_Dataset\Part_A_ME_clip\Part_A_ME_clip\depth\spNO.142_g_1566,24,VII,12,13
spNO.142,h,spNO.142_h_5,anger,4,5,13,39,D:\CASME PROJECT FINAL\CASME3_Dataset\Part_A_ME_clip\Part_A_ME_clip\frame\spNO.142_h_5,D:\CASME PROJECT FINAL\CASME3_Dataset\Part_A_ME_clip\Part_A_ME_clip\depth\spNO.142_h_5,14+24,VII,34,35
spNO.142,h,spNO.142_h_1426,anger,4,1426,1429,1436,D:\CASME PROJECT FINAL\CASME3_Dataset\Part_A_ME_clip\Part_A_ME_clip\frame\spNO.142_h_1426,D:\CASME PROJECT FINAL\CASME3_Dataset\Part_A_ME_clip\Part_A_ME_clip\depth\spNO.142_h_1426,R14,VII,10,11
spNO.142,h,spNO.142_h_2991,anger,4,2991,3001,3006,D:\CASME PROJECT FINAL\CASME3_Dataset\Part_A_ME_clip\Part_A_ME_clip\frame\spNO.142_h_2991,D:\CASME PROJECT FINAL\CASME3_Dataset\Part_A_ME_clip\Part_A_ME_clip\depth\spNO.142_h_2991,38,VII,15,16
spNO.142,i,spNO.142_i_11,anger,4,11,11,83,D:\CASME PROJECT FINAL\CASME3_Dataset\Part_A_ME_clip\Part_A_ME_clip\frame\spNO.142_i_11,D:\CASME PROJECT FINAL\CASME3_Dataset\Part_A_ME_clip\Part_A_ME_clip\depth\spNO.142_i_11,14,VII,72,73
spNO.142,i,spNO.142_i_518,disgust,4,518,525,532,D:\CASME PROJECT FINAL\CASME3_Dataset\Part_A_ME_clip\Part_A_ME_clip\frame\spNO.142_i_518,D:\CASME PROJECT FINAL\CASME3_Dataset\Part_A_ME_clip\Part_A_ME_clip\depth\spNO.142_i_518,4,III,14,15
spNO.142,i,spNO.142_i_1308,anger,4,1308,1314,1333,D:\CASME PROJECT FINAL\CASME3_Dataset\Part_A_ME_clip\Part_A_ME_clip\frame\spNO.142_i_1308,D:\CASME PROJECT FINAL\CASME3_Dataset\Part_A_ME_clip\Part_A_ME_clip\depth\spNO.142_i_1308,14,VII,25,26
spNO.142,i,spNO.142_i_1462,disgust,4,1462,1469,1488,D:\CASME PROJECT FINAL\CASME3_Dataset\Part_A_ME_clip\Part_A_ME_clip\frame\spNO.142_i_1462,D:\CASME PROJECT FINAL\CASME3_Dataset\Part_A_ME_clip\Part_A_ME_clip\depth\spNO.142_i_1462,4,III,26,27
spNO.142,i,spNO.142_i_3283,others,4,3283,3286,3292,D:\CASME PROJECT FINAL\CASME3_Dataset\Part_A_ME_clip\Part_A_ME_clip\frame\spNO.142_i_3283,D:\CASME PROJECT FINAL\CASME3_Dataset\Part_A_ME_clip\Part_A_ME_clip\depth\spNO.142_i_3283,17,VII,9,10
spNO.142,j,spNO.142_j_7,happy,4,7,7,42,D:\CASME PROJECT FINAL\CASME3_Dataset\Part_A_ME_clip\Part_A_ME_clip\frame\spNO.142_j_7,D:\CASME PROJECT FINAL\CASME3_Dataset\Part_A_ME_clip\Part_A_ME_clip\depth\spNO.142_j_7,25+12,VII,35,36
spNO.142,m,spNO.142_m_2231,anger,4,2231,2236,2253,D:\CASME PROJECT FINAL\CASME3_Dataset\Part_A_ME_clip\Part_A_ME_clip\frame\spNO.142_m_2231,D:\CASME PROJECT FINAL\CASME3_Dataset\Part_A_ME_clip\Part_A_ME_clip\depth\spNO.142_m_2231,L14,VII,22,23
spNO.143,i,spNO.143_i_2895,others,0,2895,2902,2910,D:\CASME PROJECT FINAL\CASME3_Dataset\Part_A_ME_clip\Part_A_ME_clip\frame\spNO.143_i_2895,D:\CASME PROJECT FINAL\CASME3_Dataset\Part_A_ME_clip\Part_A_ME_clip\depth\spNO.143_i_2895,39,VII,15,16
spNO.143,l,spNO.143_l_5,others,0,5,5,30,D:\CASME PROJECT FINAL\CASME3_Dataset\Part_A_ME_clip\Part_A_ME_clip\frame\spNO.143_l_5,D:\CASME PROJECT FINAL\CASME3_Dataset\Part_A_ME_clip\Part_A_ME_clip\depth\spNO.143_l_5,14,VII,25,26
spNO.144,a,spNO.144_a_20,disgust,4,20,27,33,D:\CASME PROJECT FINAL\CASME3_Dataset\Part_A_ME_clip\Part_A_ME_clip\frame\spNO.144_a_20,D:\CASME PROJECT FINAL\CASME3_Dataset\Part_A_ME_clip\Part_A_ME_clip\depth\spNO.144_a_20,R12,I,13,14
spNO.144,d,spNO.144_d_2384,fear,4,2384,2390,2414,D:\CASME PROJECT FINAL\CASME3_Dataset\Part_A_ME_clip\Part_A_ME_clip\frame\spNO.144_d_2384,D:\CASME PROJECT FINAL\CASME3_Dataset\Part_A_ME_clip\Part_A_ME_clip\depth\spNO.144_d_2384,21,VII,30,31
spNO.144,d,spNO.144_d_3048,surprise,4,3048,3055,3063,D:\CASME PROJECT FINAL\CASME3_Dataset\Part_A_ME_clip\Part_A_ME_clip\frame\spNO.144_d_3048,D:\CASME PROJECT FINAL\CASME3_Dataset\Part_A_ME_clip\Part_A_ME_clip\depth\spNO.144_d_3048,L2+L1,II,15,16
spNO.144,d,spNO.144_d_4414,surprise,4,4414,4417,4425,D:\CASME PROJECT FINAL\CASME3_Dataset\Part_A_ME_clip\Part_A_ME_clip\frame\spNO.144_d_4414,D:\CASME PROJECT FINAL\CASME3_Dataset\Part_A_ME_clip\Part_A_ME_clip\depth\spNO.144_d_4414,5,II,11,12
spNO.144,g,spNO.144_g_422,sad,4,422,426,433,D:\CASME PROJECT FINAL\CASME3_Dataset\Part_A_ME_clip\Part_A_ME_clip\frame\spNO.144_g_422,D:\CASME PROJECT FINAL\CASME3_Dataset\Part_A_ME_clip\Part_A_ME_clip\depth\spNO.144_g_422,9,IV,11,12
spNO.144,g,spNO.144_g_884,surprise,4,884,890,898,D:\CASME PROJECT FINAL\CASME3_Dataset\Part_A_ME_clip\Part_A_ME_clip\frame\spNO.144_g_884,D:\CASME PROJECT FINAL\CASME3_Dataset\Part_A_ME_clip\Part_A_ME_clip\depth\spNO.144_g_884,L2+L1,II,14,15
spNO.144,g,spNO.144_g_1659,sad,4,1659,1665,1680,D:\CASME PROJECT FINAL\CASME3_Dataset\Part_A_ME_clip\Part_A_ME_clip\frame\spNO.144_g_1659,D:\CASME PROJECT FINAL\CASME3_Dataset\Part_A_ME_clip\Part_A_ME_clip\depth\spNO.144_g_1659,14,VII,21,22
spNO.144,g,spNO.144_g_1824,anger,4,1824,1832,1882,D:\CASME PROJECT FINAL\CASME3_Dataset\Part_A_ME_clip\Part_A_ME_clip\frame\spNO.144_g_1824,D:\CASME PROJECT FINAL\CASME3_Dataset\Part_A_ME_clip\Part_A_ME_clip\depth\spNO.144_g_1824,14,VII,58,59
spNO.144,h,spNO.144_h_553,disgust,4,553,560,601,D:\CASME PROJECT FINAL\CASME3_Dataset\Part_A_ME_clip\Part_A_ME_clip\frame\spNO.144_h_553,D:\CASME PROJECT FINAL\CASME3_Dataset\Part_A_ME_clip\Part_A_ME_clip\depth\spNO.144_h_553,4,III,48,49
spNO.144,k,spNO.144_k_2150,happy,4,2150,2155,2174,D:\CASME PROJECT FINAL\CASME3_Dataset\Part_A_ME_clip\Part_A_ME_clip\frame\spNO.144_k_2150,D:\CASME PROJECT FINAL\CASME3_Dataset\Part_A_ME_clip\Part_A_ME_clip\depth\spNO.144_k_2150,4,III,24,25
spNO.144,l,spNO.144_l_1102,others,4,1102,1105,1115,D:\CASME PROJECT FINAL\CASME3_Dataset\Part_A_ME_clip\Part_A_ME_clip\frame\spNO.144_l_1102,D:\CASME PROJECT FINAL\CASME3_Dataset\Part_A_ME_clip\Part_A_ME_clip\depth\spNO.144_l_1102,R14,VII,13,14
spNO.144,l,spNO.144_l_1293,sad,4,1293,1299,1325,D:\CASME PROJECT FINAL\CASME3_Dataset\Part_A_ME_clip\Part_A_ME_clip\frame\spNO.144_l_1293,D:\CASME PROJECT FINAL\CASME3_Dataset\Part_A_ME_clip\Part_A_ME_clip\depth\spNO.144_l_1293,14,VII,32,33
spNO.144,m,spNO.144_m_928,anger,4,928,935,943,D:\CASME PROJECT FINAL\CASME3_Dataset\Part_A_ME_clip\Part_A_ME_clip\frame\spNO.144_m_928,D:\CASME PROJECT FINAL\CASME3_Dataset\Part_A_ME_clip\Part_A_ME_clip\depth\spNO.144_m_928,R14,VII,15,16
spNO.145,g,spNO.145_g_150,surprise,4,150,156,158,D:\CASME PROJECT FINAL\CASME3_Dataset\Part_A_ME_clip\Part_A_ME_clip\frame\spNO.145_g_150,D:\CASME PROJECT FINAL\CASME3_Dataset\Part_A_ME_clip\Part_A_ME_clip\depth\spNO.145_g_150,5,II,8,9
spNO.145,j,spNO.145_j_1304,happy,4,1304,1311,1325,D:\CASME PROJECT FINAL\CASME3_Dataset\Part_A_ME_clip\Part_A_ME_clip\frame\spNO.145_j_1304,D:\CASME PROJECT FINAL\CASME3_Dataset\Part_A_ME_clip\Part_A_ME_clip\depth\spNO.145_j_1304,L14,VII,21,22
spNO.146,a,spNO.146_a_530,disgust,1,530,536,561,D:\CASME PROJECT FINAL\CASME3_Dataset\Part_A_ME_clip\Part_A_ME_clip\frame\spNO.146_a_530,D:\CASME PROJECT FINAL\CASME3_Dataset\Part_A_ME_clip\Part_A_ME_clip\depth\spNO.146_a_530,24,VII,31,32
spNO.146,d,spNO.146_d_1607,fear,1,1607,1615,1638,D:\CASME PROJECT FINAL\CASME3_Dataset\Part_A_ME_clip\Part_A_ME_clip\frame\spNO.146_d_1607,D:\CASME PROJECT FINAL\CASME3_Dataset\Part_A_ME_clip\Part_A_ME_clip\depth\spNO.146_d_1607,L12,I,31,32
spNO.147,d,spNO.147_d_1146,surprise,2,1146,1150,1163,D:\CASME PROJECT FINAL\CASME3_Dataset\Part_A_ME_clip\Part_A_ME_clip\frame\spNO.147_d_1146,D:\CASME PROJECT FINAL\CASME3_Dataset\Part_A_ME_clip\Part_A_ME_clip\depth\spNO.147_d_1146,5,II,17,18
spNO.147,e,spNO.147_e_1058,others,2,1058,1069,1071,D:\CASME PROJECT FINAL\CASME3_Dataset\Part_A_ME_clip\Part_A_ME_clip\frame\spNO.147_e_1058,D:\CASME PROJECT FINAL\CASME3_Dataset\Part_A_ME_clip\Part_A_ME_clip\depth\spNO.147_e_1058,5,II,13,14
spNO.147,f,spNO.147_f_1473,surprise,2,1473,1477,1504,D:\CASME PROJECT FINAL\CASME3_Dataset\Part_A_ME_clip\Part_A_ME_clip\frame\spNO.147_f_1473,D:\CASME PROJECT FINAL\CASME3_Dataset\Part_A_ME_clip\Part_A_ME_clip\depth\spNO.147_f_1473,5,II,31,32
spNO.147,m,spNO.147_m_1840,anger,2,1840,1845,1982,D:\CASME PROJECT FINAL\CASME3_Dataset\Part_A_ME_clip\Part_A_ME_clip\frame\spNO.147_m_1840,D:\CASME PROJECT FINAL\CASME3_Dataset\Part_A_ME_clip\Part_A_ME_clip\depth\spNO.147_m_1840,14,VII,142,143
spNO.148,a,spNO.148_a_403,disgust,3,403,411,435,D:\CASME PROJECT FINAL\CASME3_Dataset\Part_A_ME_clip\Part_A_ME_clip\frame\spNO.148_a_403,D:\CASME PROJECT FINAL\CASME3_Dataset\Part_A_ME_clip\Part_A_ME_clip\depth\spNO.148_a_403,4,III,32,33
spNO.148,a,spNO.148_a_925,disgust,3,925,933,977,D:\CASME PROJECT FINAL\CASME3_Dataset\Part_A_ME_clip\Part_A_ME_clip\frame\spNO.148_a_925,D:\CASME PROJECT FINAL\CASME3_Dataset\Part_A_ME_clip\Part_A_ME_clip\depth\spNO.148_a_925,4,III,52,53
spNO.148,b,spNO.148_b_204,disgust,3,204,213,218,D:\CASME PROJECT FINAL\CASME3_Dataset\Part_A_ME_clip\Part_A_ME_clip\frame\spNO.148_b_204,D:\CASME PROJECT FINAL\CASME3_Dataset\Part_A_ME_clip\Part_A_ME_clip\depth\spNO.148_b_204,4,III,14,15
spNO.148,b,spNO.148_b_287,disgust,3,287,290,295,D:\CASME PROJECT FINAL\CASME3_Dataset\Part_A_ME_clip\Part_A_ME_clip\frame\spNO.148_b_287,D:\CASME PROJECT FINAL\CASME3_Dataset\Part_A_ME_clip\Part_A_ME_clip\depth\spNO.148_b_287,4,III,8,9
spNO.148,b,spNO.148_b_336,disgust,3,336,342,348,D:\CASME PROJECT FINAL\CASME3_Dataset\Part_A_ME_clip\Part_A_ME_clip\frame\spNO.148_b_336,D:\CASME PROJECT FINAL\CASME3_Dataset\Part_A_ME_clip\Part_A_ME_clip\depth\spNO.148_b_336,4,III,12,13
spNO.148,b,spNO.148_b_560,disgust,3,560,568,585,D:\CASME PROJECT FINAL\CASME3_Dataset\Part_A_ME_clip\Part_A_ME_clip\frame\spNO.148_b_560,D:\CASME PROJECT FINAL\CASME3_Dataset\Part_A_ME_clip\Part_A_ME_clip\depth\spNO.148_b_560,4,III,25,26
spNO.148,b,spNO.148_b_811,disgust,3,811,815,820,D:\CASME PROJECT FINAL\CASME3_Dataset\Part_A_ME_clip\Part_A_ME_clip\frame\spNO.148_b_811,D:\CASME PROJECT FINAL\CASME3_Dataset\Part_A_ME_clip\Part_A_ME_clip\depth\spNO.148_b_811,4,III,9,10
spNO.148,c,spNO.148_c_161,disgust,3,161,166,174,D:\CASME PROJECT FINAL\CASME3_Dataset\Part_A_ME_clip\Part_A_ME_clip\frame\spNO.148_c_161,D:\CASME PROJECT FINAL\CASME3_Dataset\Part_A_ME_clip\Part_A_ME_clip\depth\spNO.148_c_161,4,III,13,14
spNO.148,c,spNO.148_c_629,disgust,3,629,637,662,D:\CASME PROJECT FINAL\CASME3_Dataset\Part_A_ME_clip\Part_A_ME_clip\frame\spNO.148_c_629,D:\CASME PROJECT FINAL\CASME3_Dataset\Part_A_ME_clip\Part_A_ME_clip\depth\spNO.148_c_629,4,III,33,34
spNO.148,c,spNO.148_c_801,disgust,3,801,806,845,D:\CASME PROJECT FINAL\CASME3_Dataset\Part_A_ME_clip\Part_A_ME_clip\frame\spNO.148_c_801,D:\CASME PROJECT FINAL\CASME3_Dataset\Part_A_ME_clip\Part_A_ME_clip\depth\spNO.148_c_801,4,III,44,45
spNO.148,c,spNO.148_c_1665,disgust,3,1665,1672,1890,D:\CASME PROJECT FINAL\CASME3_Dataset\Part_A_ME_clip\Part_A_ME_clip\frame\spNO.148_c_1665,D:\CASME PROJECT FINAL\CASME3_Dataset\Part_A_ME_clip\Part_A_ME_clip\depth\spNO.148_c_1665,4,III,225,226
spNO.148,c,spNO.148_c_2296,disgust,3,2296,2301,2308,D:\CASME PROJECT FINAL\CASME3_Dataset\Part_A_ME_clip\Part_A_ME_clip\frame\spNO.148_c_2296,D:\CASME PROJECT FINAL\CASME3_Dataset\Part_A_ME_clip\Part_A_ME_clip\depth\spNO.148_c_2296,2+1,II,12,13
spNO.148,c,spNO.148_c_2341,disgust,3,2341,2347,2372,D:\CASME PROJECT FINAL\CASME3_Dataset\Part_A_ME_clip\Part_A_ME_clip\frame\spNO.148_c_2341,D:\CASME PROJECT FINAL\CASME3_Dataset\Part_A_ME_clip\Part_A_ME_clip\depth\spNO.148_c_2341,4,III,31,32
spNO.148,d,spNO.148_d_1899,surprise,3,1899,1902,1909,D:\CASME PROJECT FINAL\CASME3_Dataset\Part_A_ME_clip\Part_A_ME_clip\frame\spNO.148_d_1899,D:\CASME PROJECT FINAL\CASME3_Dataset\Part_A_ME_clip\Part_A_ME_clip\depth\spNO.148_d_1899,2+1,II,10,11
spNO.148,d,spNO.148_d_2261,fear,3,2261,2266,2272,D:\CASME PROJECT FINAL\CASME3_Dataset\Part_A_ME_clip\Part_A_ME_clip\frame\spNO.148_d_2261,D:\CASME PROJECT FINAL\CASME3_Dataset\Part_A_ME_clip\Part_A_ME_clip\depth\spNO.148_d_2261,4,III,11,12
spNO.148,d,spNO.148_d_2657,fear,3,2657,2662,2665,D:\CASME PROJECT FINAL\CASME3_Dataset\Part_A_ME_clip\Part_A_ME_clip\frame\spNO.148_d_2657,D:\CASME PROJECT FINAL\CASME3_Dataset\Part_A_ME_clip\Part_A_ME_clip\depth\spNO.148_d_2657,4,III,8,9
spNO.148,d,spNO.148_d_2668,fear,3,2668,2674,2680,D:\CASME PROJECT FINAL\CASME3_Dataset\Part_A_ME_clip\Part_A_ME_clip\frame\spNO.148_d_2668,D:\CASME PROJECT FINAL\CASME3_Dataset\Part_A_ME_clip\Part_A_ME_clip\depth\spNO.148_d_2668,14,VII,12,13
spNO.148,d,spNO.148_d_4738,fear,3,4738,4741,4770,D:\CASME PROJECT FINAL\CASME3_Dataset\Part_A_ME_clip\Part_A_ME_clip\frame\spNO.148_d_4738,D:\CASME PROJECT FINAL\CASME3_Dataset\Part_A_ME_clip\Part_A_ME_clip\depth\spNO.148_d_4738,1,V,32,33
spNO.148,e,spNO.148_e_881,disgust,3,881,889,896,D:\CASME PROJECT FINAL\CASME3_Dataset\Part_A_ME_clip\Part_A_ME_clip\frame\spNO.148_e_881,D:\CASME PROJECT FINAL\CASME3_Dataset\Part_A_ME_clip\Part_A_ME_clip\depth\spNO.148_e_881,4,III,15,16
spNO.148,f,spNO.148_f_597,fear,3,597,601,607,D:\CASME PROJECT FINAL\CASME3_Dataset\Part_A_ME_clip\Part_A_ME_clip\frame\spNO.148_f_597,D:\CASME PROJECT FINAL\CASME3_Dataset\Part_A_ME_clip\Part_A_ME_clip\depth\spNO.148_f_597,4,III,10,11
spNO.148,f,spNO.148_f_798,surprise,3,798,802,807,D:\CASME PROJECT FINAL\CASME3_Dataset\Part_A_ME_clip\Part_A_ME_clip\frame\spNO.148_f_798,D:\CASME PROJECT FINAL\CASME3_Dataset\Part_A_ME_clip\Part_A_ME_clip\depth\spNO.148_f_798,1,V,9,10
spNO.148,f,spNO.148_f_1385,disgust,3,1385,1391,1396,D:\CASME PROJECT FINAL\CASME3_Dataset\Part_A_ME_clip\Part_A_ME_clip\frame\spNO.148_f_1385,D:\CASME PROJECT FINAL\CASME3_Dataset\Part_A_ME_clip\Part_A_ME_clip\depth\spNO.148_f_1385,4,III,11,12
spNO.148,f,spNO.148_f_1464,fear,3,1464,1468,1474,D:\CASME PROJECT FINAL\CASME3_Dataset\Part_A_ME_clip\Part_A_ME_clip\frame\spNO.148_f_1464,D:\CASME PROJECT FINAL\CASME3_Dataset\Part_A_ME_clip\Part_A_ME_clip\depth\spNO.148_f_1464,4,III,10,11
spNO.148,i,spNO.148_i_133,surprise,3,133,139,147,D:\CASME PROJECT FINAL\CASME3_Dataset\Part_A_ME_clip\Part_A_ME_clip\frame\spNO.148_i_133,D:\CASME PROJECT FINAL\CASME3_Dataset\Part_A_ME_clip\Part_A_ME_clip\depth\spNO.148_i_133,2+1,II,14,15
spNO.148,k,spNO.148_k_1998,surprise,3,1998,2005,2058,D:\CASME PROJECT FINAL\CASME3_Dataset\Part_A_ME_clip\Part_A_ME_clip\frame\spNO.148_k_1998,D:\CASME PROJECT FINAL\CASME3_Dataset\Part_A_ME_clip\Part_A_ME_clip\depth\spNO.148_k_1998,4,III,60,61
spNO.148,k,spNO.148_k_2590,disgust,3,2590,2595,2599,D:\CASME PROJECT FINAL\CASME3_Dataset\Part_A_ME_clip\Part_A_ME_clip\frame\spNO.148_k_2590,D:\CASME PROJECT FINAL\CASME3_Dataset\Part_A_ME_clip\Part_A_ME_clip\depth\spNO.148_k_2590,4,III,9,10
spNO.148,l,spNO.148_l_1349,disgust,3,1349,1353,1364,D:\CASME PROJECT FINAL\CASME3_Dataset\Part_A_ME_clip\Part_A_ME_clip\frame\spNO.148_l_1349,D:\CASME PROJECT FINAL\CASME3_Dataset\Part_A_ME_clip\Part_A_ME_clip\depth\spNO.148_l_1349,4,III,15,16
spNO.148,m,spNO.148_m_337,disgust,3,337,343,359,D:\CASME PROJECT FINAL\CASME3_Dataset\Part_A_ME_clip\Part_A_ME_clip\frame\spNO.148_m_337,D:\CASME PROJECT FINAL\CASME3_Dataset\Part_A_ME_clip\Part_A_ME_clip\depth\spNO.148_m_337,4,III,22,23
spNO.148,m,spNO.148_m_1598,anger,3,1598,1603,1614,D:\CASME PROJECT FINAL\CASME3_Dataset\Part_A_ME_clip\Part_A_ME_clip\frame\spNO.148_m_1598,D:\CASME PROJECT FINAL\CASME3_Dataset\Part_A_ME_clip\Part_A_ME_clip\depth\spNO.148_m_1598,1,V,16,17
spNO.149,g,spNO.149_g_233,others,3,233,237,265,D:\CASME PROJECT FINAL\CASME3_Dataset\Part_A_ME_clip\Part_A_ME_clip\frame\spNO.149_g_233,D:\CASME PROJECT FINAL\CASME3_Dataset\Part_A_ME_clip\Part_A_ME_clip\depth\spNO.149_g_233,24,VII,32,33
spNO.149,i,spNO.149_i_1826,disgust,3,1826,1832,1833,D:\CASME PROJECT FINAL\CASME3_Dataset\Part_A_ME_clip\Part_A_ME_clip\frame\spNO.149_i_1826,D:\CASME PROJECT FINAL\CASME3_Dataset\Part_A_ME_clip\Part_A_ME_clip\depth\spNO.149_i_1826,24,VII,7,8
spNO.149,i,spNO.149_i_1848,surprise,3,1848,1852,1861,D:\CASME PROJECT FINAL\CASME3_Dataset\Part_A_ME_clip\Part_A_ME_clip\frame\spNO.149_i_1848,D:\CASME PROJECT FINAL\CASME3_Dataset\Part_A_ME_clip\Part_A_ME_clip\depth\spNO.149_i_1848,25,II,13,14
spNO.149,m,spNO.149_m_1318,others,3,1318,1325,1337,D:\CASME PROJECT FINAL\CASME3_Dataset\Part_A_ME_clip\Part_A_ME_clip\frame\spNO.149_m_1318,D:\CASME PROJECT FINAL\CASME3_Dataset\Part_A_ME_clip\Part_A_ME_clip\depth\spNO.149_m_1318,25+18,VII,19,20
spNO.15,j,spNO.15_j_31,others,4,31,37,46,D:\CASME PROJECT FINAL\CASME3_Dataset\Part_A_ME_clip\Part_A_ME_clip\frame\spNO.15_j_31,D:\CASME PROJECT FINAL\CASME3_Dataset\Part_A_ME_clip\Part_A_ME_clip\depth\spNO.15_j_31,R14,VII,15,16
spNO.15,j,spNO.15_j_135,happy,4,135,140,181,D:\CASME PROJECT FINAL\CASME3_Dataset\Part_A_ME_clip\Part_A_ME_clip\frame\spNO.15_j_135,D:\CASME PROJECT FINAL\CASME3_Dataset\Part_A_ME_clip\Part_A_ME_clip\depth\spNO.15_j_135,12,I,46,47
spNO.15,j,spNO.15_j_726,happy,4,726,734,763,D:\CASME PROJECT FINAL\CASME3_Dataset\Part_A_ME_clip\Part_A_ME_clip\frame\spNO.15_j_726,D:\CASME PROJECT FINAL\CASME3_Dataset\Part_A_ME_clip\Part_A_ME_clip\depth\spNO.15_j_726,14,VII,37,38
spNO.15,j,spNO.15_j_972,others,4,972,976,1009,D:\CASME PROJECT FINAL\CASME3_Dataset\Part_A_ME_clip\Part_A_ME_clip\frame\spNO.15_j_972,D:\CASME PROJECT FINAL\CASME3_Dataset\Part_A_ME_clip\Part_A_ME_clip\depth\spNO.15_j_972,R14,VII,37,38
spNO.15,j,spNO.15_j_1157,happy,4,1157,1165,1173,D:\CASME PROJECT FINAL\CASME3_Dataset\Part_A_ME_clip\Part_A_ME_clip\frame\spNO.15_j_1157,D:\CASME PROJECT FINAL\CASME3_Dataset\Part_A_ME_clip\Part_A_ME_clip\depth\spNO.15_j_1157,14,VII,16,17
spNO.15,j,spNO.15_j_1564,happy,4,1564,1571,1573,D:\CASME PROJECT FINAL\CASME3_Dataset\Part_A_ME_clip\Part_A_ME_clip\frame\spNO.15_j_1564,D:\CASME PROJECT FINAL\CASME3_Dataset\Part_A_ME_clip\Part_A_ME_clip\depth\spNO.15_j_1564,12,I,9,10
spNO.15,l,spNO.15_l_1400,anger,4,1400,1403,1408,D:\CASME PROJECT FINAL\CASME3_Dataset\Part_A_ME_clip\Part_A_ME_clip\frame\spNO.15_l_1400,D:\CASME PROJECT FINAL\CASME3_Dataset\Part_A_ME_clip\Part_A_ME_clip\depth\spNO.15_l_1400,4,III,8,9
spNO.15,l,spNO.15_l_2979,anger,4,2979,2986,2992,D:\CASME PROJECT FINAL\CASME3_Dataset\Part_A_ME_clip\Part_A_ME_clip\frame\spNO.15_l_2979,D:\CASME PROJECT FINAL\CASME3_Dataset\Part_A_ME_clip\Part_A_ME_clip\depth\spNO.15_l_2979,4,III,13,14
spNO.150,a,spNO.150_a_355,disgust,1,355,361,373,D:\CASME PROJECT FINAL\CASME3_Dataset\Part_A_ME_clip\Part_A_ME_clip\frame\spNO.150_a_355,D:\CASME PROJECT FINAL\CASME3_Dataset\Part_A_ME_clip\Part_A_ME_clip\depth\spNO.150_a_355,10+4,VII,18,19
spNO.150,c,spNO.150_c_916,others,1,916,922,948,D:\CASME PROJECT FINAL\CASME3_Dataset\Part_A_ME_clip\Part_A_ME_clip\frame\spNO.150_c_916,D:\CASME PROJECT FINAL\CASME3_Dataset\Part_A_ME_clip\Part_A_ME_clip\depth\spNO.150_c_916,26+25,II,32,33
spNO.150,c,spNO.150_c_1985,disgust,1,1985,1987,1995,D:\CASME PROJECT FINAL\CASME3_Dataset\Part_A_ME_clip\Part_A_ME_clip\frame\spNO.150_c_1985,D:\CASME PROJECT FINAL\CASME3_Dataset\Part_A_ME_clip\Part_A_ME_clip\depth\spNO.150_c_1985,1,V,10,11
spNO.150,c,spNO.150_c_2024,others,1,2024,2031,2046,D:\CASME PROJECT FINAL\CASME3_Dataset\Part_A_ME_clip\Part_A_ME_clip\frame\spNO.150_c_2024,D:\CASME PROJECT FINAL\CASME3_Dataset\Part_A_ME_clip\Part_A_ME_clip\depth\spNO.150_c_2024,14,VII,22,23
spNO.150,e,spNO.150_e_1040,surprise,1,1040,1048,1062,D:\CASME PROJECT FINAL\CASME3_Dataset\Part_A_ME_clip\Part_A_ME_clip\frame\spNO.150_e_1040,D:\CASME PROJECT FINAL\CASME3_Dataset\Part_A_ME_clip\Part_A_ME_clip\depth\spNO.150_e_1040,1,V,22,23
spNO.150,e,spNO.150_e_2277,disgust,1,2277,2278,2282,D:\CASME PROJECT FINAL\CASME3_Dataset\Part_A_ME_clip\Part_A_ME_clip\frame\spNO.150_e_2277,D:\CASME PROJECT FINAL\CASME3_Dataset\Part_A_ME_clip\Part_A_ME_clip\depth\spNO.150_e_2277,4,III,5,6
spNO.150,f,spNO.150_f_2035,fear,1,2035,2042,2049,D:\CASME PROJECT FINAL\CASME3_Dataset\Part_A_ME_clip\Part_A_ME_clip\frame\spNO.150_f_2035,D:\CASME PROJECT FINAL\CASME3_Dataset\Part_A_ME_clip\Part_A_ME_clip\depth\spNO.150_f_2035,L14,VII,14,15
spNO.150,f,spNO.150_f_2080,others,1,2080,2089,2095,D:\CASME PROJECT FINAL\CASME3_Dataset\Part_A_ME_clip\Part_A_ME_clip\frame\spNO.150_f_2080,D:\CASME PROJECT FINAL\CASME3_Dataset\Part_A_ME_clip\Part_A_ME_clip\depth\spNO.150_f_2080,R14,VII,15,16
spNO.150,f,spNO.150_f_2131,fear,1,2131,2137,2146,D:\CASME PROJECT FINAL\CASME3_Dataset\Part_A_ME_clip\Part_A_ME_clip\frame\spNO.150_f_2131,D:\CASME PROJECT FINAL\CASME3_Dataset\Part_A_ME_clip\Part_A_ME_clip\depth\spNO.150_f_2131,14,VII,15,16
spNO.150,g,spNO.150_g_734,surprise,1,734,737,765,D:\CASME PROJECT FINAL\CASME3_Dataset\Part_A_ME_clip\Part_A_ME_clip\frame\spNO.150_g_734,D:\CASME PROJECT FINAL\CASME3_Dataset\Part_A_ME_clip\Part_A_ME_clip\depth\spNO.150_g_734,2+1,II,31,32
spNO.150,g,spNO.150_g_1360,anger,1,1360,1366,1379,D:\CASME PROJECT FINAL\CASME3_Dataset\Part_A_ME_clip\Part_A_ME_clip\frame\spNO.150_g_1360,D:\CASME PROJECT FINAL\CASME3_Dataset\Part_A_ME_clip\Part_A_ME_clip\depth\spNO.150_g_1360,1,V,19,20
spNO.150,j,spNO.150_j_714,surprise,1,714,722,735,D:\CASME PROJECT FINAL\CASME3_Dataset\Part_A_ME_clip\Part_A_ME_clip\frame\spNO.150_j_714,D:\CASME PROJECT FINAL\CASME3_Dataset\Part_A_ME_clip\Part_A_ME_clip\depth\spNO.150_j_714,R2+R1,II,21,22
spNO.150,j,spNO.150_j_747,surprise,1,747,753,760,D:\CASME PROJECT FINAL\CASME3_Dataset\Part_A_ME_clip\Part_A_ME_clip\frame\spNO.150_j_747,D:\CASME PROJECT FINAL\CASME3_Dataset\Part_A_ME_clip\Part_A_ME_clip\depth\spNO.150_j_747,4,III,13,14
spNO.150,j,spNO.150_j_1728,surprise,1,1728,1731,1743,D:\CASME PROJECT FINAL\CASME3_Dataset\Part_A_ME_clip\Part_A_ME_clip\frame\spNO.150_j_1728,D:\CASME PROJECT FINAL\CASME3_Dataset\Part_A_ME_clip\Part_A_ME_clip\depth\spNO.150_j_1728,4,III,15,16
spNO.150,k,spNO.150_k_341,happy,1,341,347,372,D:\CASME PROJECT FINAL\CASME3_Dataset\Part_A_ME_clip\Part_A_ME_clip\frame\spNO.150_k_341,D:\CASME PROJECT FINAL\CASME3_Dataset\Part_A_ME_clip\Part_A_ME_clip\depth\spNO.150_k_341,38,VII,31,32
spNO.152,c,spNO.152_c_1536,disgust,2,1536,1540,1547,D:\CASME PROJECT FINAL\CASME3_Dataset\Part_A_ME_clip\Part_A_ME_clip\frame\spNO.152_c_1536,D:\CASME PROJECT FINAL\CASME3_Dataset\Part_A_ME_clip\Part_A_ME_clip\depth\spNO.152_c_1536,4,III,11,12
spNO.152,d,spNO.152_d_2556,fear,2,2556,2561,2565,D:\CASME PROJECT FINAL\CASME3_Dataset\Part_A_ME_clip\Part_A_ME_clip\frame\spNO.152_d_2556,D:\CASME PROJECT FINAL\CASME3_Dataset\Part_A_ME_clip\Part_A_ME_clip\depth\spNO.152_d_2556,4,III,9,10
spNO.152,f,spNO.152_f_1152,surprise,2,1152,1156,1164,D:\CASME PROJECT FINAL\CASME3_Dataset\Part_A_ME_clip\Part_A_ME_clip\frame\spNO.152_f_1152,D:\CASME PROJECT FINAL\CASME3_Dataset\Part_A_ME_clip\Part_A_ME_clip\depth\spNO.152_f_1152,24,VII,12,13
spNO.152,i,spNO.152_i_118,disgust,2,118,119,122,D:\CASME PROJECT FINAL\CASME3_Dataset\Part_A_ME_clip\Part_A_ME_clip\frame\spNO.152_i_118,D:\CASME PROJECT FINAL\CASME3_Dataset\Part_A_ME_clip\Part_A_ME_clip\depth\spNO.152_i_118,4,III,4,5
spNO.152,i,spNO.152_i_133,anger,2,133,140,409,D:\CASME PROJECT FINAL\CASME3_Dataset\Part_A_ME_clip\Part_A_ME_clip\frame\spNO.152_i_133,D:\CASME PROJECT FINAL\CASME3_Dataset\Part_A_ME_clip\Part_A_ME_clip\depth\spNO.152_i_133,24+14+4,VII,276,277
spNO.152,m,spNO.152_m_735,anger,2,735,740,765,D:\CASME PROJECT FINAL\CASME3_Dataset\Part_A_ME_clip\Part_A_ME_clip\frame\spNO.152_m_735,D:\CASME PROJECT FINAL\CASME3_Dataset\Part_A_ME_clip\Part_A_ME_clip\depth\spNO.152_m_735,14,VII,30,31
spNO.153,a,spNO.153_a_34,disgust,2,34,38,50,D:\CASME PROJECT FINAL\CASME3_Dataset\Part_A_ME_clip\Part_A_ME_clip\frame\spNO.153_a_34,D:\CASME PROJECT FINAL\CASME3_Dataset\Part_A_ME_clip\Part_A_ME_clip\depth\spNO.153_a_34,4,III,16,17
spNO.153,d,spNO.153_d_2152,fear,2,2152,2159,2191,D:\CASME PROJECT FINAL\CASME3_Dataset\Part_A_ME_clip\Part_A_ME_clip\frame\spNO.153_d_2152,D:\CASME PROJECT FINAL\CASME3_Dataset\Part_A_ME_clip\Part_A_ME_clip\depth\spNO.153_d_2152,R20,VI,39,40
spNO.153,d,spNO.153_d_3484,fear,2,3484,3491,3534,D:\CASME PROJECT FINAL\CASME3_Dataset\Part_A_ME_clip\Part_A_ME_clip\frame\spNO.153_d_3484,D:\CASME PROJECT FINAL\CASME3_Dataset\Part_A_ME_clip\Part_A_ME_clip\depth\spNO.153_d_3484,4,III,50,51
spNO.153,d,spNO.153_d_3654,fear,2,3654,3660,3687,D:\CASME PROJECT FINAL\CASME3_Dataset\Part_A_ME_clip\Part_A_ME_clip\frame\spNO.153_d_3654,D:\CASME PROJECT FINAL\CASME3_Dataset\Part_A_ME_clip\Part_A_ME_clip\depth\spNO.153_d_3654,R20,VI,33,34
spNO.153,d,spNO.153_d_4563,fear,2,4563,4570,4589,D:\CASME PROJECT FINAL\CASME3_Dataset\Part_A_ME_clip\Part_A_ME_clip\frame\spNO.153_d_4563,D:\CASME PROJECT FINAL\CASME3_Dataset\Part_A_ME_clip\Part_A_ME_clip\depth\spNO.153_d_4563,R20,VI,26,27
spNO.153,h,spNO.153_h_2019,surprise,2,2019,2024,2032,D:\CASME PROJECT FINAL\CASME3_Dataset\Part_A_ME_clip\Part_A_ME_clip\frame\spNO.153_h_2019,D:\CASME PROJECT FINAL\CASME3_Dataset\Part_A_ME_clip\Part_A_ME_clip\depth\spNO.153_h_2019,5,II,13,14
spNO.153,j,spNO.153_j_7,happy,2,7,8,113,D:\CASME PROJECT FINAL\CASME3_Dataset\Part_A_ME_clip\Part_A_ME_clip\frame\spNO.153_j_7,D:\CASME PROJECT FINAL\CASME3_Dataset\Part_A_ME_clip\Part_A_ME_clip\depth\spNO.153_j_7,28+14,VII,106,107
spNO.153,j,spNO.153_j_274,surprise,2,274,280,288,D:\CASME PROJECT FINAL\CASME3_Dataset\Part_A_ME_clip\Part_A_ME_clip\frame\spNO.153_j_274,D:\CASME PROJECT FINAL\CASME3_Dataset\Part_A_ME_clip\Part_A_ME_clip\depth\spNO.153_j_274,5,II,14,15
spNO.153,j,spNO.153_j_1123,surprise,2,1123,1129,1140,D:\CASME PROJECT FINAL\CASME3_Dataset\Part_A_ME_clip\Part_A_ME_clip\frame\spNO.153_j_1123,D:\CASME PROJECT FINAL\CASME3_Dataset\Part_A_ME_clip\Part_A_ME_clip\depth\spNO.153_j_1123,4,III,17,18
spNO.153,j,spNO.153_j_1573,surprise,2,1573,1579,1586,D:\CASME PROJECT FINAL\CASME3_Dataset\Part_A_ME_clip\Part_A_ME_clip\frame\spNO.153_j_1573,D:\CASME PROJECT FINAL\CASME3_Dataset\Part_A_ME_clip\Part_A_ME_clip\depth\spNO.153_j_1573,5+2+1,VII,13,14
spNO.153,k,spNO.153_k_8,others,2,8,15,47,D:\CASME PROJECT FINAL\CASME3_Dataset\Part_A_ME_clip\Part_A_ME_clip\frame\spNO.153_k_8,D:\CASME PROJECT FINAL\CASME3_Dataset\Part_A_ME_clip\Part_A_ME_clip\depth\spNO.153_k_8,28+14,VII,39,40
spNO.153,m,spNO.153_m_422,disgust,2,422,430,445,D:\CASME PROJECT FINAL\CASME3_Dataset\Part_A_ME_clip\Part_A_ME_clip\frame\spNO.153_m_422,D:\CASME PROJECT FINAL\CASME3_Dataset\Part_A_ME_clip\Part_A_ME_clip\depth\spNO.153_m_422,4,III,23,24
spNO.154,h,spNO.154_h_259,sad,4,259,267,352,D:\CASME PROJECT FINAL\CASME3_Dataset\Part_A_ME_clip\Part_A_ME_clip\frame\spNO.154_h_259,D:\CASME PROJECT FINAL\CASME3_Dataset\Part_A_ME_clip\Part_A_ME_clip\depth\spNO.154_h_259,14,VII,93,94
spNO.154,i,spNO.154_i_1336,disgust,4,1336,1342,1366,D:\CASME PROJECT FINAL\CASME3_Dataset\Part_A_ME_clip\Part_A_ME_clip\frame\spNO.154_i_1336,D:\CASME PROJECT FINAL\CASME3_Dataset\Part_A_ME_clip\Part_A_ME_clip\depth\spNO.154_i_1336,7+4,III,30,31
spNO.155,d,spNO.155_d_5,others,2,5,12,136,D:\CASME PROJECT FINAL\CASME3_Dataset\Part_A_ME_clip\Part_A_ME_clip\frame\spNO.155_d_5,D:\CASME PROJECT FINAL\CASME3_Dataset\Part_A_ME_clip\Part_A_ME_clip\depth\spNO.155_d_5,14,VII,131,132
spNO.155,h,spNO.155_h_1984,sad,2,1984,1992,2009,D:\CASME PROJECT FINAL\CASME3_Dataset\Part_A_ME_clip\Part_A_ME_clip\frame\spNO.155_h_1984,D:\CASME PROJECT FINAL\CASME3_Dataset\Part_A_ME_clip\Part_A_ME_clip\depth\spNO.155_h_1984,14,VII,25,26
spNO.156,a,spNO.156_a_34,disgust,0,34,38,46,D:\CASME PROJECT FINAL\CASME3_Dataset\Part_A_ME_clip\Part_A_ME_clip\frame\spNO.156_a_34,D:\CASME PROJECT FINAL\CASME3_Dataset\Part_A_ME_clip\Part_A_ME_clip\depth\spNO.156_a_34,4,III,12,13
spNO.156,a,spNO.156_a_340,others,0,340,348,380,D:\CASME PROJECT FINAL\CASME3_Dataset\Part_A_ME_clip\Part_A_ME_clip\frame\spNO.156_a_340,D:\CASME PROJECT FINAL\CASME3_Dataset\Part_A_ME_clip\Part_A_ME_clip\depth\spNO.156_a_340,2+1,II,40,41
spNO.156,b,spNO.156_b_38,disgust,0,38,43,50,D:\CASME PROJECT FINAL\CASME3_Dataset\Part_A_ME_clip\Part_A_ME_clip\frame\spNO.156_b_38,D:\CASME PROJECT FINAL\CASME3_Dataset\Part_A_ME_clip\Part_A_ME_clip\depth\spNO.156_b_38,24,VII,12,13
spNO.156,b,spNO.156_b_98,others,0,98,103,110,D:\CASME PROJECT FINAL\CASME3_Dataset\Part_A_ME_clip\Part_A_ME_clip\frame\spNO.156_b_98,D:\CASME PROJECT FINAL\CASME3_Dataset\Part_A_ME_clip\Part_A_ME_clip\depth\spNO.156_b_98,38,VII,12,13
spNO.156,b,spNO.156_b_181,disgust,0,181,186,189,D:\CASME PROJECT FINAL\CASME3_Dataset\Part_A_ME_clip\Part_A_ME_clip\frame\spNO.156_b_181,D:\CASME PROJECT FINAL\CASME3_Dataset\Part_A_ME_clip\Part_A_ME_clip\depth\spNO.156_b_181,4,III,8,9
spNO.156,b,spNO.156_b_371,disgust,0,371,374,378,D:\CASME PROJECT FINAL\CASME3_Dataset\Part_A_ME_clip\Part_A_ME_clip\frame\spNO.156_b_371,D:\CASME PROJECT FINAL\CASME3_Dataset\Part_A_ME_clip\Part_A_ME_clip\depth\spNO.156_b_371,4,III,7,8
spNO.156,c,spNO.156_c_90,disgust,0,90,94,101,D:\CASME PROJECT FINAL\CASME3_Dataset\Part_A_ME_clip\Part_A_ME_clip\frame\spNO.156_c_90,D:\CASME PROJECT FINAL\CASME3_Dataset\Part_A_ME_clip\Part_A_ME_clip\depth\spNO.156_c_90,4,III,11,12
spNO.156,c,spNO.156_c_2183,disgust,0,2183,2188,2193,D:\CASME PROJECT FINAL\CASME3_Dataset\Part_A_ME_clip\Part_A_ME_clip\frame\spNO.156_c_2183,D:\CASME PROJECT FINAL\CASME3_Dataset\Part_A_ME_clip\Part_A_ME_clip\depth\spNO.156_c_2183,4,III,10,11
spNO.156,d,spNO.156_d_204,fear,0,204,211,217,D:\CASME PROJECT FINAL\CASME3_Dataset\Part_A_ME_clip\Part_A_ME_clip\frame\spNO.156_d_204,D:\CASME PROJECT FINAL\CASME3_Dataset\Part_A_ME_clip\Part_A_ME_clip\depth\spNO.156_d_204,38+24+10+9,VII,13,14
spNO.156,d,spNO.156_d_1117,fear,0,1117,1122,1132,D:\CASME PROJECT FINAL\CASME3_Dataset\Part_A_ME_clip\Part_A_ME_clip\frame\spNO.156_d_1117,D:\CASME PROJECT FINAL\CASME3_Dataset\Part_A_ME_clip\Part_A_ME_clip\depth\spNO.156_d_1117,2+1,II,15,16
spNO.156,d,spNO.156_d_4680,fear,0,4680,4687,4694,D:\CASME PROJECT FINAL\CASME3_Dataset\Part_A_ME_clip\Part_A_ME_clip\frame\spNO.156_d_4680,D:\CASME PROJECT FINAL\CASME3_Dataset\Part_A_ME_clip\Part_A_ME_clip\depth\spNO.156_d_4680,4,III,14,15
spNO.156,i,spNO.156_i_2132,disgust,0,2132,2135,2176,D:\CASME PROJECT FINAL\CASME3_Dataset\Part_A_ME_clip\Part_A_ME_clip\frame\spNO.156_i_2132,D:\CASME PROJECT FINAL\CASME3_Dataset\Part_A_ME_clip\Part_A_ME_clip\depth\spNO.156_i_2132,4,III,44,45
spNO.156,l,spNO.156_l_106,anger,0,106,109,114,D:\CASME PROJECT FINAL\CASME3_Dataset\Part_A_ME_clip\Part_A_ME_clip\frame\spNO.156_l_106,D:\CASME PROJECT FINAL\CASME3_Dataset\Part_A_ME_clip\Part_A_ME_clip\depth\spNO.156_l_106,38,VII,8,9
spNO.157,b,spNO.157_b_112,disgust,1,112,120,132,D:\CASME PROJECT FINAL\CASME3_Dataset\Part_A_ME_clip\Part_A_ME_clip\frame\spNO.157_b_112,D:\CASME PROJECT FINAL\CASME3_Dataset\Part_A_ME_clip\Part_A_ME_clip\depth\spNO.157_b_112,4,III,20,21
spNO.157,d,spNO.157_d_2506,fear,1,2506,2510,2515,D:\CASME PROJECT FINAL\CASME3_Dataset\Part_A_ME_clip\Part_A_ME_clip\frame\spNO.157_d_2506,D:\CASME PROJECT FINAL\CASME3_Dataset\Part_A_ME_clip\Part_A_ME_clip\depth\spNO.157_d_2506,4,III,9,10
spNO.157,g,spNO.157_g_7,sad,1,7,14,171,D:\CASME PROJECT FINAL\CASME3_Dataset\Part_A_ME_clip\Part_A_ME_clip\frame\spNO.157_g_7,D:\CASME PROJECT FINAL\CASME3_Dataset\Part_A_ME_clip\Part_A_ME_clip\depth\spNO.157_g_7,14,VII,164,165
spNO.157,h,spNO.157_h_5,sad,1,5,10,42,D:\CASME PROJECT FINAL\CASME3_Dataset\Part_A_ME_clip\Part_A_ME_clip\frame\spNO.157_h_5,D:\CASME PROJECT FINAL\CASME3_Dataset\Part_A_ME_clip\Part_A_ME_clip\depth\spNO.157_h_5,14,VII,37,38
spNO.157,j,spNO.157_j_1701,disgust,1,1701,1709,1751,D:\CASME PROJECT FINAL\CASME3_Dataset\Part_A_ME_clip\Part_A_ME_clip\frame\spNO.157_j_1701,D:\CASME PROJECT FINAL\CASME3_Dataset\Part_A_ME_clip\Part_A_ME_clip\depth\spNO.157_j_1701,4,III,50,51
spNO.157,l,spNO.157_l_2536,surprise,1,2536,2542,2551,D:\CASME PROJECT FINAL\CASME3_Dataset\Part_A_ME_clip\Part_A_ME_clip\frame\spNO.157_l_2536,D:\CASME PROJECT FINAL\CASME3_Dataset\Part_A_ME_clip\Part_A_ME_clip\depth\spNO.157_l_2536,2+1,II,15,16
spNO.158,d,spNO.158_d_3347,others,4,3347,3351,3399,D:\CASME PROJECT FINAL\CASME3_Dataset\Part_A_ME_clip\Part_A_ME_clip\frame\spNO.158_d_3347,D:\CASME PROJECT FINAL\CASME3_Dataset\Part_A_ME_clip\Part_A_ME_clip\depth\spNO.158_d_3347,2+1,II,52,53
spNO.158,h,spNO.158_h_288,sad,4,288,296,304,D:\CASME PROJECT FINAL\CASME3_Dataset\Part_A_ME_clip\Part_A_ME_clip\frame\spNO.158_h_288,D:\CASME PROJECT FINAL\CASME3_Dataset\Part_A_ME_clip\Part_A_ME_clip\depth\spNO.158_h_288,4,III,16,17
spNO.159,k,spNO.159_k_2462,others,2,2462,2468,2482,D:\CASME PROJECT FINAL\CASME3_Dataset\Part_A_ME_clip\Part_A_ME_clip\frame\spNO.159_k_2462,D:\CASME PROJECT FINAL\CASME3_Dataset\Part_A_ME_clip\Part_A_ME_clip\depth\spNO.159_k_2462,2+1,II,20,21
spNO.160,c,spNO.160_c_2054,disgust,0,2054,2061,2070,D:\CASME PROJECT FINAL\CASME3_Dataset\Part_A_ME_clip\Part_A_ME_clip\frame\spNO.160_c_2054,D:\CASME PROJECT FINAL\CASME3_Dataset\Part_A_ME_clip\Part_A_ME_clip\depth\spNO.160_c_2054,4,III,16,17
spNO.160,c,spNO.160_c_2283,surprise,0,2283,2290,2298,D:\CASME PROJECT FINAL\CASME3_Dataset\Part_A_ME_clip\Part_A_ME_clip\frame\spNO.160_c_2283,D:\CASME PROJECT FINAL\CASME3_Dataset\Part_A_ME_clip\Part_A_ME_clip\depth\spNO.160_c_2283,4,III,15,16
spNO.160,c,spNO.160_c_3216,fear,0,3216,3224,3258,D:\CASME PROJECT FINAL\CASME3_Dataset\Part_A_ME_clip\Part_A_ME_clip\frame\spNO.160_c_3216,D:\CASME PROJECT FINAL\CASME3_Dataset\Part_A_ME_clip\Part_A_ME_clip\depth\spNO.160_c_3216,4,III,42,43
spNO.160,d,spNO.160_d_542,fear,0,542,545,550,D:\CASME PROJECT FINAL\CASME3_Dataset\Part_A_ME_clip\Part_A_ME_clip\frame\spNO.160_d_542,D:\CASME PROJECT FINAL\CASME3_Dataset\Part_A_ME_clip\Part_A_ME_clip\depth\spNO.160_d_542,17,VII,8,9
spNO.160,d,spNO.160_d_974,fear,0,974,979,988,D:\CASME PROJECT FINAL\CASME3_Dataset\Part_A_ME_clip\Part_A_ME_clip\frame\spNO.160_d_974,D:\CASME PROJECT FINAL\CASME3_Dataset\Part_A_ME_clip\Part_A_ME_clip\depth\spNO.160_d_974,4,III,14,15
spNO.160,d,spNO.160_d_1199,fear,0,1199,1203,1208,D:\CASME PROJECT FINAL\CASME3_Dataset\Part_A_ME_clip\Part_A_ME_clip\frame\spNO.160_d_1199,D:\CASME PROJECT FINAL\CASME3_Dataset\Part_A_ME_clip\Part_A_ME_clip\depth\spNO.160_d_1199,2+1,II,9,10
spNO.160,d,spNO.160_d_1497,fear,0,1497,1501,1505,D:\CASME PROJECT FINAL\CASME3_Dataset\Part_A_ME_clip\Part_A_ME_clip\frame\spNO.160_d_1497,D:\CASME PROJECT FINAL\CASME3_Dataset\Part_A_ME_clip\Part_A_ME_clip\depth\spNO.160_d_1497,14,VII,8,9
spNO.160,d,spNO.160_d_2186,fear,0,2186,2194,2204,D:\CASME PROJECT FINAL\CASME3_Dataset\Part_A_ME_clip\Part_A_ME_clip\frame\spNO.160_d_2186,D:\CASME PROJECT FINAL\CASME3_Dataset\Part_A_ME_clip\Part_A_ME_clip\depth\spNO.160_d_2186,18,VII,18,19
spNO.160,d,spNO.160_d_2952,fear,0,2952,2958,3007,D:\CASME PROJECT FINAL\CASME3_Dataset\Part_A_ME_clip\Part_A_ME_clip\frame\spNO.160_d_2952,D:\CASME PROJECT FINAL\CASME3_Dataset\Part_A_ME_clip\Part_A_ME_clip\depth\spNO.160_d_2952,4,III,55,56
spNO.160,d,spNO.160_d_3034,fear,0,3034,3042,3049,D:\CASME PROJECT FINAL\CASME3_Dataset\Part_A_ME_clip\Part_A_ME_clip\frame\spNO.160_d_3034,D:\CASME PROJECT FINAL\CASME3_Dataset\Part_A_ME_clip\Part_A_ME_clip\depth\spNO.160_d_3034,24,VII,15,16
spNO.160,d,spNO.160_d_4076,fear,0,4076,4081,4088,D:\CASME PROJECT FINAL\CASME3_Dataset\Part_A_ME_clip\Part_A_ME_clip\frame\spNO.160_d_4076,D:\CASME PROJECT FINAL\CASME3_Dataset\Part_A_ME_clip\Part_A_ME_clip\depth\spNO.160_d_4076,4,III,12,13
spNO.160,e,spNO.160_e_341,surprise,0,341,345,349,D:\CASME PROJECT FINAL\CASME3_Dataset\Part_A_ME_clip\Part_A_ME_clip\frame\spNO.160_e_341,D:\CASME PROJECT FINAL\CASME3_Dataset\Part_A_ME_clip\Part_A_ME_clip\depth\spNO.160_e_341,4,III,8,9
spNO.160,e,spNO.160_e_459,surprise,0,459,464,469,D:\CASME PROJECT FINAL\CASME3_Dataset\Part_A_ME_clip\Part_A_ME_clip\frame\spNO.160_e_459,D:\CASME PROJECT FINAL\CASME3_Dataset\Part_A_ME_clip\Part_A_ME_clip\depth\spNO.160_e_459,4,III,10,11
spNO.160,e,spNO.160_e_586,surprise,0,586,592,597,D:\CASME PROJECT FINAL\CASME3_Dataset\Part_A_ME_clip\Part_A_ME_clip\frame\spNO.160_e_586,D:\CASME PROJECT FINAL\CASME3_Dataset\Part_A_ME_clip\Part_A_ME_clip\depth\spNO.160_e_586,2+1,II,11,12
spNO.160,e,spNO.160_e_635,surprise,0,635,643,651,D:\CASME PROJECT FINAL\CASME3_Dataset\Part_A_ME_clip\Part_A_ME_clip\frame\spNO.160_e_635,D:\CASME PROJECT FINAL\CASME3_Dataset\Part_A_ME_clip\Part_A_ME_clip\depth\spNO.160_e_635,2+1,II,16,17
spNO.160,e,spNO.160_e_888,surprise,0,888,894,900,D:\CASME PROJECT FINAL\CASME3_Dataset\Part_A_ME_clip\Part_A_ME_clip\frame\spNO.160_e_888,D:\CASME PROJECT FINAL\CASME3_Dataset\Part_A_ME_clip\Part_A_ME_clip\depth\spNO.160_e_888,4,III,12,13
spNO.160,e,spNO.160_e_1433,surprise,0,1433,1439,1447,D:\CASME PROJECT FINAL\CASME3_Dataset\Part_A_ME_clip\Part_A_ME_clip\frame\spNO.160_e_1433,D:\CASME PROJECT FINAL\CASME3_Dataset\Part_A_ME_clip\Part_A_ME_clip\depth\spNO.160_e_1433,2+1,II,14,15
spNO.160,e,spNO.160_e_1498,surprise,0,1498,1504,1519,D:\CASME PROJECT FINAL\CASME3_Dataset\Part_A_ME_clip\Part_A_ME_clip\frame\spNO.160_e_1498,D:\CASME PROJECT FINAL\CASME3_Dataset\Part_A_ME_clip\Part_A_ME_clip\depth\spNO.160_e_1498,4,III,21,22
spNO.160,e,spNO.160_e_1531,surprise,0,1531,1537,1543,D:\CASME PROJECT FINAL\CASME3_Dataset\Part_A_ME_clip\Part_A_ME_clip\frame\spNO.160_e_1531,D:\CASME PROJECT FINAL\CASME3_Dataset\Part_A_ME_clip\Part_A_ME_clip\depth\spNO.160_e_1531,14,VII,12,13
spNO.160,e,spNO.160_e_1749,surprise,0,1749,1752,1758,D:\CASME PROJECT FINAL\CASME3_Dataset\Part_A_ME_clip\Part_A_ME_clip\frame\spNO.160_e_1749,D:\CASME PROJECT FINAL\CASME3_Dataset\Part_A_ME_clip\Part_A_ME_clip\depth\spNO.160_e_1749,4,III,9,10
spNO.160,e,spNO.160_e_2093,surprise,0,2093,2101,2113,D:\CASME PROJECT FINAL\CASME3_Dataset\Part_A_ME_clip\Part_A_ME_clip\frame\spNO.160_e_2093,D:\CASME PROJECT FINAL\CASME3_Dataset\Part_A_ME_clip\Part_A_ME_clip\depth\spNO.160_e_2093,18,VII,20,21
spNO.160,f,spNO.160_f_569,surprise,0,569,576,586,D:\CASME PROJECT FINAL\CASME3_Dataset\Part_A_ME_clip\Part_A_ME_clip\frame\spNO.160_f_569,D:\CASME PROJECT FINAL\CASME3_Dataset\Part_A_ME_clip\Part_A_ME_clip\depth\spNO.160_f_569,2+1,II,17,18
spNO.160,f,spNO.160_f_1833,fear,0,1833,1841,1872,D:\CASME PROJECT FINAL\CASME3_Dataset\Part_A_ME_clip\Part_A_ME_clip\frame\spNO.160_f_1833,D:\CASME PROJECT FINAL\CASME3_Dataset\Part_A_ME_clip\Part_A_ME_clip\depth\spNO.160_f_1833,2+1,II,39,40
spNO.160,f,spNO.160_f_2218,fear,0,2218,2222,2234,D:\CASME PROJECT FINAL\CASME3_Dataset\Part_A_ME_clip\Part_A_ME_clip\frame\spNO.160_f_2218,D:\CASME PROJECT FINAL\CASME3_Dataset\Part_A_ME_clip\Part_A_ME_clip\depth\spNO.160_f_2218,4,III,16,17
spNO.160,g,spNO.160_g_440,sad,0,440,448,457,D:\CASME PROJECT FINAL\CASME3_Dataset\Part_A_ME_clip\Part_A_ME_clip\frame\spNO.160_g_440,D:\CASME PROJECT FINAL\CASME3_Dataset\Part_A_ME_clip\Part_A_ME_clip\depth\spNO.160_g_440,4,III,17,18
spNO.160,g,spNO.160_g_1786,anger,0,1786,1792,1805,D:\CASME PROJECT FINAL\CASME3_Dataset\Part_A_ME_clip\Part_A_ME_clip\frame\spNO.160_g_1786,D:\CASME PROJECT FINAL\CASME3_Dataset\Part_A_ME_clip\Part_A_ME_clip\depth\spNO.160_g_1786,14,VII,19,20
spNO.160,h,spNO.160_h_481,sad,0,481,488,494,D:\CASME PROJECT FINAL\CASME3_Dataset\Part_A_ME_clip\Part_A_ME_clip\frame\spNO.160_h_481,D:\CASME PROJECT FINAL\CASME3_Dataset\Part_A_ME_clip\Part_A_ME_clip\depth\spNO.160_h_481,4,III,13,14
spNO.160,h,spNO.160_h_694,sad,0,694,698,715,D:\CASME PROJECT FINAL\CASME3_Dataset\Part_A_ME_clip\Part_A_ME_clip\frame\spNO.160_h_694,D:\CASME PROJECT FINAL\CASME3_Dataset\Part_A_ME_clip\Part_A_ME_clip\depth\spNO.160_h_694,4,III,21,22
spNO.160,h,spNO.160_h_1575,sad,0,1575,1583,1594,D:\CASME PROJECT FINAL\CASME3_Dataset\Part_A_ME_clip\Part_A_ME_clip\frame\spNO.160_h_1575,D:\CASME PROJECT FINAL\CASME3_Dataset\Part_A_ME_clip\Part_A_ME_clip\depth\spNO.160_h_1575,4,III,19,20
spNO.160,h,spNO.160_h_2816,anger,0,2816,2824,2837,D:\CASME PROJECT FINAL\CASME3_Dataset\Part_A_ME_clip\Part_A_ME_clip\frame\spNO.160_h_2816,D:\CASME PROJECT FINAL\CASME3_Dataset\Part_A_ME_clip\Part_A_ME_clip\depth\spNO.160_h_2816,14,VII,21,22
spNO.160,i,spNO.160_i_1270,disgust,0,1270,1276,1281,D:\CASME PROJECT FINAL\CASME3_Dataset\Part_A_ME_clip\Part_A_ME_clip\frame\spNO.160_i_1270,D:\CASME PROJECT FINAL\CASME3_Dataset\Part_A_ME_clip\Part_A_ME_clip\depth\spNO.160_i_1270,4,III,11,12
spNO.160,i,spNO.160_i_1281,surprise,0,1281,1286,1298,D:\CASME PROJECT FINAL\CASME3_Dataset\Part_A_ME_clip\Part_A_ME_clip\frame\spNO.160_i_1281,D:\CASME PROJECT FINAL\CASME3_Dataset\Part_A_ME_clip\Part_A_ME_clip\depth\spNO.160_i_1281,2+1,II,17,18
spNO.160,i,spNO.160_i_1311,surprise,0,1311,1316,1321,D:\CASME PROJECT FINAL\CASME3_Dataset\Part_A_ME_clip\Part_A_ME_clip\frame\spNO.160_i_1311,D:\CASME PROJECT FINAL\CASME3_Dataset\Part_A_ME_clip\Part_A_ME_clip\depth\spNO.160_i_1311,5,II,10,11
spNO.160,i,spNO.160_i_1418,disgust,0,1418,1425,1482,D:\CASME PROJECT FINAL\CASME3_Dataset\Part_A_ME_clip\Part_A_ME_clip\frame\spNO.160_i_1418,D:\CASME PROJECT FINAL\CASME3_Dataset\Part_A_ME_clip\Part_A_ME_clip\depth\spNO.160_i_1418,4,III,64,65
spNO.160,i,spNO.160_i_1642,anger,0,1642,1649,1685,D:\CASME PROJECT FINAL\CASME3_Dataset\Part_A_ME_clip\Part_A_ME_clip\frame\spNO.160_i_1642,D:\CASME PROJECT FINAL\CASME3_Dataset\Part_A_ME_clip\Part_A_ME_clip\depth\spNO.160_i_1642,14,VII,43,44
spNO.160,i,spNO.160_i_1762,disgust,0,1762,1765,1773,D:\CASME PROJECT FINAL\CASME3_Dataset\Part_A_ME_clip\Part_A_ME_clip\frame\spNO.160_i_1762,D:\CASME PROJECT FINAL\CASME3_Dataset\Part_A_ME_clip\Part_A_ME_clip\depth\spNO.160_i_1762,18+4,VII,11,12
spNO.160,i,spNO.160_i_1874,disgust,0,1874,1881,1894,D:\CASME PROJECT FINAL\CASME3_Dataset\Part_A_ME_clip\Part_A_ME_clip\frame\spNO.160_i_1874,D:\CASME PROJECT FINAL\CASME3_Dataset\Part_A_ME_clip\Part_A_ME_clip\depth\spNO.160_i_1874,4,III,20,21
spNO.160,i,spNO.160_i_1940,disgust,0,1940,1948,1955,D:\CASME PROJECT FINAL\CASME3_Dataset\Part_A_ME_clip\Part_A_ME_clip\frame\spNO.160_i_1940,D:\CASME PROJECT FINAL\CASME3_Dataset\Part_A_ME_clip\Part_A_ME_clip\depth\spNO.160_i_1940,38+4,III,15,16
spNO.160,i,spNO.160_i_2670,disgust,0,2670,2676,2687,D:\CASME PROJECT FINAL\CASME3_Dataset\Part_A_ME_clip\Part_A_ME_clip\frame\spNO.160_i_2670,D:\CASME PROJECT FINAL\CASME3_Dataset\Part_A_ME_clip\Part_A_ME_clip\depth\spNO.160_i_2670,4,III,17,18
spNO.160,i,spNO.160_i_3174,surprise,0,3174,3179,3187,D:\CASME PROJECT FINAL\CASME3_Dataset\Part_A_ME_clip\Part_A_ME_clip\frame\spNO.160_i_3174,D:\CASME PROJECT FINAL\CASME3_Dataset\Part_A_ME_clip\Part_A_ME_clip\depth\spNO.160_i_3174,2+1,II,13,14
spNO.160,i,spNO.160_i_3307,disgust,0,3307,3314,3329,D:\CASME PROJECT FINAL\CASME3_Dataset\Part_A_ME_clip\Part_A_ME_clip\frame\spNO.160_i_3307,D:\CASME PROJECT FINAL\CASME3_Dataset\Part_A_ME_clip\Part_A_ME_clip\depth\spNO.160_i_3307,4,III,22,23
spNO.160,i,spNO.160_i_3403,disgust,0,3403,3409,3418,D:\CASME PROJECT FINAL\CASME3_Dataset\Part_A_ME_clip\Part_A_ME_clip\frame\spNO.160_i_3403,D:\CASME PROJECT FINAL\CASME3_Dataset\Part_A_ME_clip\Part_A_ME_clip\depth\spNO.160_i_3403,4,III,15,16
spNO.160,i,spNO.160_i_3674,disgust,0,3674,3680,3695,D:\CASME PROJECT FINAL\CASME3_Dataset\Part_A_ME_clip\Part_A_ME_clip\frame\spNO.160_i_3674,D:\CASME PROJECT FINAL\CASME3_Dataset\Part_A_ME_clip\Part_A_ME_clip\depth\spNO.160_i_3674,4,III,21,22
spNO.160,i,spNO.160_i_3733,disgust,0,3733,3741,3756,D:\CASME PROJECT FINAL\CASME3_Dataset\Part_A_ME_clip\Part_A_ME_clip\frame\spNO.160_i_3733,D:\CASME PROJECT FINAL\CASME3_Dataset\Part_A_ME_clip\Part_A_ME_clip\depth\spNO.160_i_3733,4,III,23,24
spNO.160,i,spNO.160_i_3770,disgust,0,3770,3776,3788,D:\CASME PROJECT FINAL\CASME3_Dataset\Part_A_ME_clip\Part_A_ME_clip\frame\spNO.160_i_3770,D:\CASME PROJECT FINAL\CASME3_Dataset\Part_A_ME_clip\Part_A_ME_clip\depth\spNO.160_i_3770,4,III,18,19
spNO.160,i,spNO.160_i_3985,disgust,0,3985,3990,3997,D:\CASME PROJECT FINAL\CASME3_Dataset\Part_A_ME_clip\Part_A_ME_clip\frame\spNO.160_i_3985,D:\CASME PROJECT FINAL\CASME3_Dataset\Part_A_ME_clip\Part_A_ME_clip\depth\spNO.160_i_3985,4,III,12,13
spNO.160,i,spNO.160_i_4160,disgust,0,4160,4168,4175,D:\CASME PROJECT FINAL\CASME3_Dataset\Part_A_ME_clip\Part_A_ME_clip\frame\spNO.160_i_4160,D:\CASME PROJECT FINAL\CASME3_Dataset\Part_A_ME_clip\Part_A_ME_clip\depth\spNO.160_i_4160,17+4,VII,15,16
spNO.160,j,spNO.160_j_1623,disgust,0,1623,1627,1634,D:\CASME PROJECT FINAL\CASME3_Dataset\Part_A_ME_clip\Part_A_ME_clip\frame\spNO.160_j_1623,D:\CASME PROJECT FINAL\CASME3_Dataset\Part_A_ME_clip\Part_A_ME_clip\depth\spNO.160_j_1623,4,III,11,12
spNO.160,k,spNO.160_k_2426,disgust,0,2426,2433,2450,D:\CASME PROJECT FINAL\CASME3_Dataset\Part_A_ME_clip\Part_A_ME_clip\frame\spNO.160_k_2426,D:\CASME PROJECT FINAL\CASME3_Dataset\Part_A_ME_clip\Part_A_ME_clip\depth\spNO.160_k_2426,4,III,24,25
spNO.160,k,spNO.160_k_2754,happy,0,2754,2760,2774,D:\CASME PROJECT FINAL\CASME3_Dataset\Part_A_ME_clip\Part_A_ME_clip\frame\spNO.160_k_2754,D:\CASME PROJECT FINAL\CASME3_Dataset\Part_A_ME_clip\Part_A_ME_clip\depth\spNO.160_k_2754,15,V,20,21
spNO.160,l,spNO.160_l_79,sad,0,79,85,93,D:\CASME PROJECT FINAL\CASME3_Dataset\Part_A_ME_clip\Part_A_ME_clip\frame\spNO.160_l_79,D:\CASME PROJECT FINAL\CASME3_Dataset\Part_A_ME_clip\Part_A_ME_clip\depth\spNO.160_l_79,4,III,14,15
spNO.160,l,spNO.160_l_1091,surprise,0,1091,1099,1111,D:\CASME PROJECT FINAL\CASME3_Dataset\Part_A_ME_clip\Part_A_ME_clip\frame\spNO.160_l_1091,D:\CASME PROJECT FINAL\CASME3_Dataset\Part_A_ME_clip\Part_A_ME_clip\depth\spNO.160_l_1091,2+1,II,20,21
spNO.160,l,spNO.160_l_1278,sad,0,1278,1284,1291,D:\CASME PROJECT FINAL\CASME3_Dataset\Part_A_ME_clip\Part_A_ME_clip\frame\spNO.160_l_1278,D:\CASME PROJECT FINAL\CASME3_Dataset\Part_A_ME_clip\Part_A_ME_clip\depth\spNO.160_l_1278,4,III,13,14
spNO.160,m,spNO.160_m_36,disgust,0,36,43,49,D:\CASME PROJECT FINAL\CASME3_Dataset\Part_A_ME_clip\Part_A_ME_clip\frame\spNO.160_m_36,D:\CASME PROJECT FINAL\CASME3_Dataset\Part_A_ME_clip\Part_A_ME_clip\depth\spNO.160_m_36,4,III,13,14
spNO.160,m,spNO.160_m_1261,disgust,0,1261,1267,1282,D:\CASME PROJECT FINAL\CASME3_Dataset\Part_A_ME_clip\Part_A_ME_clip\frame\spNO.160_m_1261,D:\CASME PROJECT FINAL\CASME3_Dataset\Part_A_ME_clip\Part_A_ME_clip\depth\spNO.160_m_1261,4,III,21,22
spNO.160,m,spNO.160_m_1286,disgust,0,1286,1294,1302,D:\CASME PROJECT FINAL\CASME3_Dataset\Part_A_ME_clip\Part_A_ME_clip\frame\spNO.160_m_1286,D:\CASME PROJECT FINAL\CASME3_Dataset\Part_A_ME_clip\Part_A_ME_clip\depth\spNO.160_m_1286,4,III,16,17
spNO.161,f,spNO.161_f_1572,surprise,2,1572,1579,1599,D:\CASME PROJECT FINAL\CASME3_Dataset\Part_A_ME_clip\Part_A_ME_clip\frame\spNO.161_f_1572,D:\CASME PROJECT FINAL\CASME3_Dataset\Part_A_ME_clip\Part_A_ME_clip\depth\spNO.161_f_1572,2+1,II,27,28
spNO.162,b,spNO.162_b_1056,disgust,0,1056,1060,1067,D:\CASME PROJECT FINAL\CASME3_Dataset\Part_A_ME_clip\Part_A_ME_clip\frame\spNO.162_b_1056,D:\CASME PROJECT FINAL\CASME3_Dataset\Part_A_ME_clip\Part_A_ME_clip\depth\spNO.162_b_1056,4,III,11,12
spNO.162,c,spNO.162_c_3059,disgust,0,3059,3067,3077,D:\CASME PROJECT FINAL\CASME3_Dataset\Part_A_ME_clip\Part_A_ME_clip\frame\spNO.162_c_3059,D:\CASME PROJECT FINAL\CASME3_Dataset\Part_A_ME_clip\Part_A_ME_clip\depth\spNO.162_c_3059,4,III,18,19
spNO.162,d,spNO.162_d_26,surprise,0,26,33,49,D:\CASME PROJECT FINAL\CASME3_Dataset\Part_A_ME_clip\Part_A_ME_clip\frame\spNO.162_d_26,D:\CASME PROJECT FINAL\CASME3_Dataset\Part_A_ME_clip\Part_A_ME_clip\depth\spNO.162_d_26,14,VII,23,24
spNO.162,i,spNO.162_i_1663,disgust,0,1663,1666,1673,D:\CASME PROJECT FINAL\CASME3_Dataset\Part_A_ME_clip\Part_A_ME_clip\frame\spNO.162_i_1663,D:\CASME PROJECT FINAL\CASME3_Dataset\Part_A_ME_clip\Part_A_ME_clip\depth\spNO.162_i_1663,4,III,10,11
spNO.162,i,spNO.162_i_3898,anger,0,3898,3900,3932,D:\CASME PROJECT FINAL\CASME3_Dataset\Part_A_ME_clip\Part_A_ME_clip\frame\spNO.162_i_3898,D:\CASME PROJECT FINAL\CASME3_Dataset\Part_A_ME_clip\Part_A_ME_clip\depth\spNO.162_i_3898,14,VII,34,35
spNO.162,i,spNO.162_i_4008,disgust,0,4008,4010,4016,D:\CASME PROJECT FINAL\CASME3_Dataset\Part_A_ME_clip\Part_A_ME_clip\frame\spNO.162_i_4008,D:\CASME PROJECT FINAL\CASME3_Dataset\Part_A_ME_clip\Part_A_ME_clip\depth\spNO.162_i_4008,4,III,8,9
spNO.162,i,spNO.162_i_4177,disgust,0,4177,4184,4192,D:\CASME PROJECT FINAL\CASME3_Dataset\Part_A_ME_clip\Part_A_ME_clip\frame\spNO.162_i_4177,D:\CASME PROJECT FINAL\CASME3_Dataset\Part_A_ME_clip\Part_A_ME_clip\depth\spNO.162_i_4177,4,III,15,16
spNO.162,m,spNO.162_m_191,disgust,0,191,197,206,D:\CASME PROJECT FINAL\CASME3_Dataset\Part_A_ME_clip\Part_A_ME_clip\frame\spNO.162_m_191,D:\CASME PROJECT FINAL\CASME3_Dataset\Part_A_ME_clip\Part_A_ME_clip\depth\spNO.162_m_191,4,III,15,16
spNO.163,e,spNO.163_e_600,happy,0,600,607,618,D:\CASME PROJECT FINAL\CASME3_Dataset\Part_A_ME_clip\Part_A_ME_clip\frame\spNO.163_e_600,D:\CASME PROJECT FINAL\CASME3_Dataset\Part_A_ME_clip\Part_A_ME_clip\depth\spNO.163_e_600,R14,VII,18,19
spNO.165,a,spNO.165_a_728,disgust,0,728,736,790,D:\CASME PROJECT FINAL\CASME3_Dataset\Part_A_ME_clip\Part_A_ME_clip\frame\spNO.165_a_728,D:\CASME PROJECT FINAL\CASME3_Dataset\Part_A_ME_clip\Part_A_ME_clip\depth\spNO.165_a_728,17,VII,62,63
spNO.165,b,spNO.165_b_31,disgust,0,31,38,52,D:\CASME PROJECT FINAL\CASME3_Dataset\Part_A_ME_clip\Part_A_ME_clip\frame\spNO.165_b_31,D:\CASME PROJECT FINAL\CASME3_Dataset\Part_A_ME_clip\Part_A_ME_clip\depth\spNO.165_b_31,4,III,21,22
spNO.165,c,spNO.165_c_447,surprise,0,447,453,462,D:\CASME PROJECT FINAL\CASME3_Dataset\Part_A_ME_clip\Part_A_ME_clip\frame\spNO.165_c_447,D:\CASME PROJECT FINAL\CASME3_Dataset\Part_A_ME_clip\Part_A_ME_clip\depth\spNO.165_c_447,17+14,VII,15,16
spNO.165,c,spNO.165_c_945,disgust,0,945,949,954,D:\CASME PROJECT FINAL\CASME3_Dataset\Part_A_ME_clip\Part_A_ME_clip\frame\spNO.165_c_945,D:\CASME PROJECT FINAL\CASME3_Dataset\Part_A_ME_clip\Part_A_ME_clip\depth\spNO.165_c_945,2+1,II,9,10
spNO.165,e,spNO.165_e_7,disgust,0,7,11,19,D:\CASME PROJECT FINAL\CASME3_Dataset\Part_A_ME_clip\Part_A_ME_clip\frame\spNO.165_e_7,D:\CASME PROJECT FINAL\CASME3_Dataset\Part_A_ME_clip\Part_A_ME_clip\depth\spNO.165_e_7,4,III,12,13
spNO.165,f,spNO.165_f_2090,others,0,2090,2095,2102,D:\CASME PROJECT FINAL\CASME3_Dataset\Part_A_ME_clip\Part_A_ME_clip\frame\spNO.165_f_2090,D:\CASME PROJECT FINAL\CASME3_Dataset\Part_A_ME_clip\Part_A_ME_clip\depth\spNO.165_f_2090,17,VII,12,13
spNO.165,f,spNO.165_f_2154,fear,0,2154,2160,2313,D:\CASME PROJECT FINAL\CASME3_Dataset\Part_A_ME_clip\Part_A_ME_clip\frame\spNO.165_f_2154,D:\CASME PROJECT FINAL\CASME3_Dataset\Part_A_ME_clip\Part_A_ME_clip\depth\spNO.165_f_2154,4,III,159,160
spNO.165,g,spNO.165_g_2539,anger,0,2539,2542,2549,D:\CASME PROJECT FINAL\CASME3_Dataset\Part_A_ME_clip\Part_A_ME_clip\frame\spNO.165_g_2539,D:\CASME PROJECT FINAL\CASME3_Dataset\Part_A_ME_clip\Part_A_ME_clip\depth\spNO.165_g_2539,L14,VII,10,11
spNO.165,j,spNO.165_j_78,disgust,0,78,86,116,D:\CASME PROJECT FINAL\CASME3_Dataset\Part_A_ME_clip\Part_A_ME_clip\frame\spNO.165_j_78,D:\CASME PROJECT FINAL\CASME3_Dataset\Part_A_ME_clip\Part_A_ME_clip\depth\spNO.165_j_78,4,III,38,39
spNO.165,k,spNO.165_k_2024,disgust,0,2024,2031,2039,D:\CASME PROJECT FINAL\CASME3_Dataset\Part_A_ME_clip\Part_A_ME_clip\frame\spNO.165_k_2024,D:\CASME PROJECT FINAL\CASME3_Dataset\Part_A_ME_clip\Part_A_ME_clip\depth\spNO.165_k_2024,9+6+4,VII,15,16
spNO.166,b,spNO.166_b_68,surprise,3,68,74,326,D:\CASME PROJECT FINAL\CASME3_Dataset\Part_A_ME_clip\Part_A_ME_clip\frame\spNO.166_b_68,D:\CASME PROJECT FINAL\CASME3_Dataset\Part_A_ME_clip\Part_A_ME_clip\depth\spNO.166_b_68,2+1,II,258,259
spNO.166,b,spNO.166_b_834,others,3,834,837,861,D:\CASME PROJECT FINAL\CASME3_Dataset\Part_A_ME_clip\Part_A_ME_clip\frame\spNO.166_b_834,D:\CASME PROJECT FINAL\CASME3_Dataset\Part_A_ME_clip\Part_A_ME_clip\depth\spNO.166_b_834,2+1,II,27,28
spNO.166,i,spNO.166_i_3479,others,3,3479,3486,3560,D:\CASME PROJECT FINAL\CASME3_Dataset\Part_A_ME_clip\Part_A_ME_clip\frame\spNO.166_i_3479,D:\CASME PROJECT FINAL\CASME3_Dataset\Part_A_ME_clip\Part_A_ME_clip\depth\spNO.166_i_3479,39,VII,81,82
spNO.166,l,spNO.166_l_2573,surprise,3,2573,2579,2628,D:\CASME PROJECT FINAL\CASME3_Dataset\Part_A_ME_clip\Part_A_ME_clip\frame\spNO.166_l_2573,D:\CASME PROJECT FINAL\CASME3_Dataset\Part_A_ME_clip\Part_A_ME_clip\depth\spNO.166_l_2573,1,V,55,56
spNO.167,h,spNO.167_h_85,surprise,4,85,92,103,D:\CASME PROJECT FINAL\CASME3_Dataset\Part_A_ME_clip\Part_A_ME_clip\frame\spNO.167_h_85,D:\CASME PROJECT FINAL\CASME3_Dataset\Part_A_ME_clip\Part_A_ME_clip\depth\spNO.167_h_85,2+1,II,18,19
spNO.167,j,spNO.167_j_69,disgust,4,69,76,84,D:\CASME PROJECT FINAL\CASME3_Dataset\Part_A_ME_clip\Part_A_ME_clip\frame\spNO.167_j_69,D:\CASME PROJECT FINAL\CASME3_Dataset\Part_A_ME_clip\Part_A_ME_clip\depth\spNO.167_j_69,4,III,15,16
spNO.167,j,spNO.167_j_418,surprise,4,418,422,437,D:\CASME PROJECT FINAL\CASME3_Dataset\Part_A_ME_clip\Part_A_ME_clip\frame\spNO.167_j_418,D:\CASME PROJECT FINAL\CASME3_Dataset\Part_A_ME_clip\Part_A_ME_clip\depth\spNO.167_j_418,2+1,II,19,20
spNO.167,j,spNO.167_j_1692,surprise,4,1692,1697,1705,D:\CASME PROJECT FINAL\CASME3_Dataset\Part_A_ME_clip\Part_A_ME_clip\frame\spNO.167_j_1692,D:\CASME PROJECT FINAL\CASME3_Dataset\Part_A_ME_clip\Part_A_ME_clip\depth\spNO.167_j_1692,2+1,II,13,14
spNO.168,a,spNO.168_a_4,others,3,4,4,34,D:\CASME PROJECT FINAL\CASME3_Dataset\Part_A_ME_clip\Part_A_ME_clip\frame\spNO.168_a_4,D:\CASME PROJECT FINAL\CASME3_Dataset\Part_A_ME_clip\Part_A_ME_clip\depth\spNO.168_a_4,14,VII,30,31
spNO.169,a,spNO.169_a_8,others,4,8,8,61,D:\CASME PROJECT FINAL\CASME3_Dataset\Part_A_ME_clip\Part_A_ME_clip\frame\spNO.169_a_8,D:\CASME PROJECT FINAL\CASME3_Dataset\Part_A_ME_clip\Part_A_ME_clip\depth\spNO.169_a_8,R2,VII,53,54
spNO.169,b,spNO.169_b_91,surprise,4,91,99,188,D:\CASME PROJECT FINAL\CASME3_Dataset\Part_A_ME_clip\Part_A_ME_clip\frame\spNO.169_b_91,D:\CASME PROJECT FINAL\CASME3_Dataset\Part_A_ME_clip\Part_A_ME_clip\depth\spNO.169_b_91,R2,VII,97,98
spNO.169,b,spNO.169_b_819,others,4,819,827,868,D:\CASME PROJECT FINAL\CASME3_Dataset\Part_A_ME_clip\Part_A_ME_clip\frame\spNO.169_b_819,D:\CASME PROJECT FINAL\CASME3_Dataset\Part_A_ME_clip\Part_A_ME_clip\depth\spNO.169_b_819,L14,VII,49,50
spNO.169,c,spNO.169_c_4,others,4,4,4,73,D:\CASME PROJECT FINAL\CASME3_Dataset\Part_A_ME_clip\Part_A_ME_clip\frame\spNO.169_c_4,D:\CASME PROJECT FINAL\CASME3_Dataset\Part_A_ME_clip\Part_A_ME_clip\depth\spNO.169_c_4,4,III,69,70
spNO.169,c,spNO.169_c_149,surprise,4,149,156,188,D:\CASME PROJECT FINAL\CASME3_Dataset\Part_A_ME_clip\Part_A_ME_clip\frame\spNO.169_c_149,D:\CASME PROJECT FINAL\CASME3_Dataset\Part_A_ME_clip\Part_A_ME_clip\depth\spNO.169_c_149,1+2,II,39,40
spNO.169,c,spNO.169_c_2049,surprise,4,2049,2053,2065,D:\CASME PROJECT FINAL\CASME3_Dataset\Part_A_ME_clip\Part_A_ME_clip\frame\spNO.169_c_2049,D:\CASME PROJECT FINAL\CASME3_Dataset\Part_A_ME_clip\Part_A_ME_clip\depth\spNO.169_c_2049,16,VII,16,17
spNO.169,c,spNO.169_c_2297,others,4,2297,2305,2319,D:\CASME PROJECT FINAL\CASME3_Dataset\Part_A_ME_clip\Part_A_ME_clip\frame\spNO.169_c_2297,D:\CASME PROJECT FINAL\CASME3_Dataset\Part_A_ME_clip\Part_A_ME_clip\depth\spNO.169_c_2297,24,VII,22,23
spNO.169,d,spNO.169_d_747,surprise,4,747,751,774,D:\CASME PROJECT FINAL\CASME3_Dataset\Part_A_ME_clip\Part_A_ME_clip\frame\spNO.169_d_747,D:\CASME PROJECT FINAL\CASME3_Dataset\Part_A_ME_clip\Part_A_ME_clip\depth\spNO.169_d_747,24,VII,27,28
spNO.169,d,spNO.169_d_3115,surprise,4,3115,3122,3165,D:\CASME PROJECT FINAL\CASME3_Dataset\Part_A_ME_clip\Part_A_ME_clip\frame\spNO.169_d_3115,D:\CASME PROJECT FINAL\CASME3_Dataset\Part_A_ME_clip\Part_A_ME_clip\depth\spNO.169_d_3115,R2,VII,50,51
spNO.169,h,spNO.169_h_1322,disgust,4,1322,1328,1363,D:\CASME PROJECT FINAL\CASME3_Dataset\Part_A_ME_clip\Part_A_ME_clip\frame\spNO.169_h_1322,D:\CASME PROJECT FINAL\CASME3_Dataset\Part_A_ME_clip\Part_A_ME_clip\depth\spNO.169_h_1322,24,VII,41,42
spNO.169,i,spNO.169_i_379,disgust,4,379,384,388,D:\CASME PROJECT FINAL\CASME3_Dataset\Part_A_ME_clip\Part_A_ME_clip\frame\spNO.169_i_379,D:\CASME PROJECT FINAL\CASME3_Dataset\Part_A_ME_clip\Part_A_ME_clip\depth\spNO.169_i_379,24,VII,9,10
spNO.169,i,spNO.169_i_1088,disgust,4,1088,1093,1104,D:\CASME PROJECT FINAL\CASME3_Dataset\Part_A_ME_clip\Part_A_ME_clip\frame\spNO.169_i_1088,D:\CASME PROJECT FINAL\CASME3_Dataset\Part_A_ME_clip\Part_A_ME_clip\depth\spNO.169_i_1088,24,VII,16,17
spNO.169,i,spNO.169_i_1647,disgust,4,1647,1653,1665,D:\CASME PROJECT FINAL\CASME3_Dataset\Part_A_ME_clip\Part_A_ME_clip\frame\spNO.169_i_1647,D:\CASME PROJECT FINAL\CASME3_Dataset\Part_A_ME_clip\Part_A_ME_clip\depth\spNO.169_i_1647,24,VII,18,19
spNO.169,j,spNO.169_j_123,disgust,4,123,129,192,D:\CASME PROJECT FINAL\CASME3_Dataset\Part_A_ME_clip\Part_A_ME_clip\frame\spNO.169_j_123,D:\CASME PROJECT FINAL\CASME3_Dataset\Part_A_ME_clip\Part_A_ME_clip\depth\spNO.169_j_123,7,VII,69,70
spNO.169,k,spNO.169_k_1782,surprise,4,1782,1790,1816,D:\CASME PROJECT FINAL\CASME3_Dataset\Part_A_ME_clip\Part_A_ME_clip\frame\spNO.169_k_1782,D:\CASME PROJECT FINAL\CASME3_Dataset\Part_A_ME_clip\Part_A_ME_clip\depth\spNO.169_k_1782,4+R2,VII,34,35
spNO.169,l,spNO.169_l_1424,disgust,4,1424,1429,1487,D:\CASME PROJECT FINAL\CASME3_Dataset\Part_A_ME_clip\Part_A_ME_clip\frame\spNO.169_l_1424,D:\CASME PROJECT FINAL\CASME3_Dataset\Part_A_ME_clip\Part_A_ME_clip\depth\spNO.169_l_1424,24,VII,63,64
spNO.169,l,spNO.169_l_3285,others,4,3285,3293,3303,D:\CASME PROJECT FINAL\CASME3_Dataset\Part_A_ME_clip\Part_A_ME_clip\frame\spNO.169_l_3285,D:\CASME PROJECT FINAL\CASME3_Dataset\Part_A_ME_clip\Part_A_ME_clip\depth\spNO.169_l_3285,14,VII,18,19
spNO.169,m,spNO.169_m_817,disgust,4,817,825,846,D:\CASME PROJECT FINAL\CASME3_Dataset\Part_A_ME_clip\Part_A_ME_clip\frame\spNO.169_m_817,D:\CASME PROJECT FINAL\CASME3_Dataset\Part_A_ME_clip\Part_A_ME_clip\depth\spNO.169_m_817,4,III,29,30
spNO.169,m,spNO.169_m_1589,disgust,4,1589,1594,1616,D:\CASME PROJECT FINAL\CASME3_Dataset\Part_A_ME_clip\Part_A_ME_clip\frame\spNO.169_m_1589,D:\CASME PROJECT FINAL\CASME3_Dataset\Part_A_ME_clip\Part_A_ME_clip\depth\spNO.169_m_1589,6+4,VII,27,28
spNO.17,a,spNO.17_a_127,surprise,1,127,135,175,D:\CASME PROJECT FINAL\CASME3_Dataset\Part_A_ME_clip\Part_A_ME_clip\frame\spNO.17_a_127,D:\CASME PROJECT FINAL\CASME3_Dataset\Part_A_ME_clip\Part_A_ME_clip\depth\spNO.17_a_127,2+1,II,48,49
spNO.17,m,spNO.17_m_959,others,1,959,966,974,D:\CASME PROJECT FINAL\CASME3_Dataset\Part_A_ME_clip\Part_A_ME_clip\frame\spNO.17_m_959,D:\CASME PROJECT FINAL\CASME3_Dataset\Part_A_ME_clip\Part_A_ME_clip\depth\spNO.17_m_959,9,IV,15,16
spNO.17,m,spNO.17_m_1128,disgust,1,1128,1136,1140,D:\CASME PROJECT FINAL\CASME3_Dataset\Part_A_ME_clip\Part_A_ME_clip\frame\spNO.17_m_1128,D:\CASME PROJECT FINAL\CASME3_Dataset\Part_A_ME_clip\Part_A_ME_clip\depth\spNO.17_m_1128,24+9+4,VII,12,13
spNO.170,m,spNO.170_m_2593,anger,2,2593,2601,2641,D:\CASME PROJECT FINAL\CASME3_Dataset\Part_A_ME_clip\Part_A_ME_clip\frame\spNO.170_m_2593,D:\CASME PROJECT FINAL\CASME3_Dataset\Part_A_ME_clip\Part_A_ME_clip\depth\spNO.170_m_2593,14,VII,48,49
spNO.171,a,spNO.171_a_226,disgust,1,226,230,234,D:\CASME PROJECT FINAL\CASME3_Dataset\Part_A_ME_clip\Part_A_ME_clip\frame\spNO.171_a_226,D:\CASME PROJECT FINAL\CASME3_Dataset\Part_A_ME_clip\Part_A_ME_clip\depth\spNO.171_a_226,4,III,8,9
spNO.171,b,spNO.171_b_138,surprise,1,138,146,193,D:\CASME PROJECT FINAL\CASME3_Dataset\Part_A_ME_clip\Part_A_ME_clip\frame\spNO.171_b_138,D:\CASME PROJECT FINAL\CASME3_Dataset\Part_A_ME_clip\Part_A_ME_clip\depth\spNO.171_b_138,14,VII,55,56
spNO.171,c,spNO.171_c_810,fear,1,810,815,835,D:\CASME PROJECT FINAL\CASME3_Dataset\Part_A_ME_clip\Part_A_ME_clip\frame\spNO.171_c_810,D:\CASME PROJECT FINAL\CASME3_Dataset\Part_A_ME_clip\Part_A_ME_clip\depth\spNO.171_c_810,4,III,25,26
spNO.171,d,spNO.171_d_48,fear,1,48,56,63,D:\CASME PROJECT FINAL\CASME3_Dataset\Part_A_ME_clip\Part_A_ME_clip\frame\spNO.171_d_48,D:\CASME PROJECT FINAL\CASME3_Dataset\Part_A_ME_clip\Part_A_ME_clip\depth\spNO.171_d_48,4,III,15,16
spNO.171,d,spNO.171_d_274,fear,1,274,280,304,D:\CASME PROJECT FINAL\CASME3_Dataset\Part_A_ME_clip\Part_A_ME_clip\frame\spNO.171_d_274,D:\CASME PROJECT FINAL\CASME3_Dataset\Part_A_ME_clip\Part_A_ME_clip\depth\spNO.171_d_274,4,III,30,31
spNO.171,d,spNO.171_d_542,fear,1,542,548,552,D:\CASME PROJECT FINAL\CASME3_Dataset\Part_A_ME_clip\Part_A_ME_clip\frame\spNO.171_d_542,D:\CASME PROJECT FINAL\CASME3_Dataset\Part_A_ME_clip\Part_A_ME_clip\depth\spNO.171_d_542,4,III,10,11
spNO.171,d,spNO.171_d_1666,fear,1,1666,1674,1684,D:\CASME PROJECT FINAL\CASME3_Dataset\Part_A_ME_clip\Part_A_ME_clip\frame\spNO.171_d_1666,D:\CASME PROJECT FINAL\CASME3_Dataset\Part_A_ME_clip\Part_A_ME_clip\depth\spNO.171_d_1666,4,III,18,19
spNO.171,d,spNO.171_d_2163,fear,1,2163,2170,2178,D:\CASME PROJECT FINAL\CASME3_Dataset\Part_A_ME_clip\Part_A_ME_clip\frame\spNO.171_d_2163,D:\CASME PROJECT FINAL\CASME3_Dataset\Part_A_ME_clip\Part_A_ME_clip\depth\spNO.171_d_2163,4,III,15,16
spNO.171,g,spNO.171_g_96,disgust,1,96,99,103,D:\CASME PROJECT FINAL\CASME3_Dataset\Part_A_ME_clip\Part_A_ME_clip\frame\spNO.171_g_96,D:\CASME PROJECT FINAL\CASME3_Dataset\Part_A_ME_clip\Part_A_ME_clip\depth\spNO.171_g_96,4,III,7,8
spNO.171,g,spNO.171_g_1604,sad,1,1604,1612,1653,D:\CASME PROJECT FINAL\CASME3_Dataset\Part_A_ME_clip\Part_A_ME_clip\frame\spNO.171_g_1604,D:\CASME PROJECT FINAL\CASME3_Dataset\Part_A_ME_clip\Part_A_ME_clip\depth\spNO.171_g_1604,1,V,49,50
spNO.171,g,spNO.171_g_1882,disgust,1,1882,1886,1892,D:\CASME PROJECT FINAL\CASME3_Dataset\Part_A_ME_clip\Part_A_ME_clip\frame\spNO.171_g_1882,D:\CASME PROJECT FINAL\CASME3_Dataset\Part_A_ME_clip\Part_A_ME_clip\depth\spNO.171_g_1882,4,III,10,11
spNO.171,g,spNO.171_g_2298,disgust,1,2298,2306,2335,D:\CASME PROJECT FINAL\CASME3_Dataset\Part_A_ME_clip\Part_A_ME_clip\frame\spNO.171_g_2298,D:\CASME PROJECT FINAL\CASME3_Dataset\Part_A_ME_clip\Part_A_ME_clip\depth\spNO.171_g_2298,4,III,37,38
spNO.171,h,spNO.171_h_163,disgust,1,163,166,173,D:\CASME PROJECT FINAL\CASME3_Dataset\Part_A_ME_clip\Part_A_ME_clip\frame\spNO.171_h_163,D:\CASME PROJECT FINAL\CASME3_Dataset\Part_A_ME_clip\Part_A_ME_clip\depth\spNO.171_h_163,4,III,10,11
spNO.171,l,spNO.171_l_1625,disgust,1,1625,1632,1638,D:\CASME PROJECT FINAL\CASME3_Dataset\Part_A_ME_clip\Part_A_ME_clip\frame\spNO.171_l_1625,D:\CASME PROJECT FINAL\CASME3_Dataset\Part_A_ME_clip\Part_A_ME_clip\depth\spNO.171_l_1625,4,III,13,14
spNO.171,l,spNO.171_l_1758,disgust,1,1758,1763,1769,D:\CASME PROJECT FINAL\CASME3_Dataset\Part_A_ME_clip\Part_A_ME_clip\frame\spNO.171_l_1758,D:\CASME PROJECT FINAL\CASME3_Dataset\Part_A_ME_clip\Part_A_ME_clip\depth\spNO.171_l_1758,4,III,11,12
spNO.171,l,spNO.171_l_3553,disgust,1,3553,3559,3569,D:\CASME PROJECT FINAL\CASME3_Dataset\Part_A_ME_clip\Part_A_ME_clip\frame\spNO.171_l_3553,D:\CASME PROJECT FINAL\CASME3_Dataset\Part_A_ME_clip\Part_A_ME_clip\depth\spNO.171_l_3553,4,III,16,17
spNO.171,l,spNO.171_l_3881,disgust,1,3881,3887,3900,D:\CASME PROJECT FINAL\CASME3_Dataset\Part_A_ME_clip\Part_A_ME_clip\frame\spNO.171_l_3881,D:\CASME PROJECT FINAL\CASME3_Dataset\Part_A_ME_clip\Part_A_ME_clip\depth\spNO.171_l_3881,4,III,19,20
spNO.171,m,spNO.171_m_8,anger,1,8,12,55,D:\CASME PROJECT FINAL\CASME3_Dataset\Part_A_ME_clip\Part_A_ME_clip\frame\spNO.171_m_8,D:\CASME PROJECT FINAL\CASME3_Dataset\Part_A_ME_clip\Part_A_ME_clip\depth\spNO.171_m_8,14,VII,47,48
spNO.171,m,spNO.171_m_677,anger,1,677,685,723,D:\CASME PROJECT FINAL\CASME3_Dataset\Part_A_ME_clip\Part_A_ME_clip\frame\spNO.171_m_677,D:\CASME PROJECT FINAL\CASME3_Dataset\Part_A_ME_clip\Part_A_ME_clip\depth\spNO.171_m_677,1,V,46,47
spNO.171,m,spNO.171_m_1865,disgust,1,1865,1872,1888,D:\CASME PROJECT FINAL\CASME3_Dataset\Part_A_ME_clip\Part_A_ME_clip\frame\spNO.171_m_1865,D:\CASME PROJECT FINAL\CASME3_Dataset\Part_A_ME_clip\Part_A_ME_clip\depth\spNO.171_m_1865,4,III,23,24
spNO.171,m,spNO.171_m_2213,anger,1,2213,2221,2256,D:\CASME PROJECT FINAL\CASME3_Dataset\Part_A_ME_clip\Part_A_ME_clip\frame\spNO.171_m_2213,D:\CASME PROJECT FINAL\CASME3_Dataset\Part_A_ME_clip\Part_A_ME_clip\depth\spNO.171_m_2213,L14,VII,43,44
spNO.171,m,spNO.171_m_2469,disgust,1,2469,2474,2485,D:\CASME PROJECT FINAL\CASME3_Dataset\Part_A_ME_clip\Part_A_ME_clip\frame\spNO.171_m_2469,D:\CASME PROJECT FINAL\CASME3_Dataset\Part_A_ME_clip\Part_A_ME_clip\depth\spNO.171_m_2469,4,III,16,17
spNO.172,b,spNO.172_b_938,disgust,3,938,945,978,D:\CASME PROJECT FINAL\CASME3_Dataset\Part_A_ME_clip\Part_A_ME_clip\frame\spNO.172_b_938,D:\CASME PROJECT FINAL\CASME3_Dataset\Part_A_ME_clip\Part_A_ME_clip\depth\spNO.172_b_938,12,I,40,41
spNO.172,f,spNO.172_f_1933,fear,3,1933,1935,1941,D:\CASME PROJECT FINAL\CASME3_Dataset\Part_A_ME_clip\Part_A_ME_clip\frame\spNO.172_f_1933,D:\CASME PROJECT FINAL\CASME3_Dataset\Part_A_ME_clip\Part_A_ME_clip\depth\spNO.172_f_1933,R12,I,8,9
spNO.172,h,spNO.172_h_206,anger,3,206,214,219,D:\CASME PROJECT FINAL\CASME3_Dataset\Part_A_ME_clip\Part_A_ME_clip\frame\spNO.172_h_206,D:\CASME PROJECT FINAL\CASME3_Dataset\Part_A_ME_clip\Part_A_ME_clip\depth\spNO.172_h_206,R10,IV,13,14
spNO.172,h,spNO.172_h_840,sad,3,840,847,862,D:\CASME PROJECT FINAL\CASME3_Dataset\Part_A_ME_clip\Part_A_ME_clip\frame\spNO.172_h_840,D:\CASME PROJECT FINAL\CASME3_Dataset\Part_A_ME_clip\Part_A_ME_clip\depth\spNO.172_h_840,L14,VII,22,23
spNO.172,i,spNO.172_i_538,surprise,3,538,543,566,D:\CASME PROJECT FINAL\CASME3_Dataset\Part_A_ME_clip\Part_A_ME_clip\frame\spNO.172_i_538,D:\CASME PROJECT FINAL\CASME3_Dataset\Part_A_ME_clip\Part_A_ME_clip\depth\spNO.172_i_538,2+1,II,28,29
spNO.172,k,spNO.172_k_1877,happy,3,1877,1882,1891,D:\CASME PROJECT FINAL\CASME3_Dataset\Part_A_ME_clip\Part_A_ME_clip\frame\spNO.172_k_1877,D:\CASME PROJECT FINAL\CASME3_Dataset\Part_A_ME_clip\Part_A_ME_clip\depth\spNO.172_k_1877,18,VII,14,15
spNO.172,l,spNO.172_l_1617,disgust,3,1617,1623,1631,D:\CASME PROJECT FINAL\CASME3_Dataset\Part_A_ME_clip\Part_A_ME_clip\frame\spNO.172_l_1617,D:\CASME PROJECT FINAL\CASME3_Dataset\Part_A_ME_clip\Part_A_ME_clip\depth\spNO.172_l_1617,4,III,14,15
spNO.173,a,spNO.173_a_7,others,2,7,15,59,D:\CASME PROJECT FINAL\CASME3_Dataset\Part_A_ME_clip\Part_A_ME_clip\frame\spNO.173_a_7,D:\CASME PROJECT FINAL\CASME3_Dataset\Part_A_ME_clip\Part_A_ME_clip\depth\spNO.173_a_7,14,VII,52,53
spNO.174,j,spNO.174_j_205,happy,1,205,212,221,D:\CASME PROJECT FINAL\CASME3_Dataset\Part_A_ME_clip\Part_A_ME_clip\frame\spNO.174_j_205,D:\CASME PROJECT FINAL\CASME3_Dataset\Part_A_ME_clip\Part_A_ME_clip\depth\spNO.174_j_205,14,VII,16,17
spNO.174,k,spNO.174_k_12,happy,1,12,14,35,D:\CASME PROJECT FINAL\CASME3_Dataset\Part_A_ME_clip\Part_A_ME_clip\frame\spNO.174_k_12,D:\CASME PROJECT FINAL\CASME3_Dataset\Part_A_ME_clip\Part_A_ME_clip\depth\spNO.174_k_12,14,VII,23,24
spNO.174,m,spNO.174_m_7,anger,1,7,8,45,D:\CASME PROJECT FINAL\CASME3_Dataset\Part_A_ME_clip\Part_A_ME_clip\frame\spNO.174_m_7,D:\CASME PROJECT FINAL\CASME3_Dataset\Part_A_ME_clip\Part_A_ME_clip\depth\spNO.174_m_7,14,VII,38,39
spNO.175,b,spNO.175_b_62,disgust,4,62,65,70,D:\CASME PROJECT FINAL\CASME3_Dataset\Part_A_ME_clip\Part_A_ME_clip\frame\spNO.175_b_62,D:\CASME PROJECT FINAL\CASME3_Dataset\Part_A_ME_clip\Part_A_ME_clip\depth\spNO.175_b_62,L2+L1,II,8,9
spNO.175,d,spNO.175_d_2730,fear,4,2730,2736,2753,D:\CASME PROJECT FINAL\CASME3_Dataset\Part_A_ME_clip\Part_A_ME_clip\frame\spNO.175_d_2730,D:\CASME PROJECT FINAL\CASME3_Dataset\Part_A_ME_clip\Part_A_ME_clip\depth\spNO.175_d_2730,5,II,23,24
spNO.175,f,spNO.175_f_7,fear,4,7,7,42,D:\CASME PROJECT FINAL\CASME3_Dataset\Part_A_ME_clip\Part_A_ME_clip\frame\spNO.175_f_7,D:\CASME PROJECT FINAL\CASME3_Dataset\Part_A_ME_clip\Part_A_ME_clip\depth\spNO.175_f_7,14,VII,35,36
spNO.175,g,spNO.175_g_329,disgust,4,329,335,355,D:\CASME PROJECT FINAL\CASME3_Dataset\Part_A_ME_clip\Part_A_ME_clip\frame\spNO.175_g_329,D:\CASME PROJECT FINAL\CASME3_Dataset\Part_A_ME_clip\Part_A_ME_clip\depth\spNO.175_g_329,2+1+7,VII,26,27
spNO.175,k,spNO.175_k_2169,disgust,4,2169,2177,2186,D:\CASME PROJECT FINAL\CASME3_Dataset\Part_A_ME_clip\Part_A_ME_clip\frame\spNO.175_k_2169,D:\CASME PROJECT FINAL\CASME3_Dataset\Part_A_ME_clip\Part_A_ME_clip\depth\spNO.175_k_2169,4,III,17,18
spNO.176,d,spNO.176_d_7,others,1,7,13,41,D:\CASME PROJECT FINAL\CASME3_Dataset\Part_A_ME_clip\Part_A_ME_clip\frame\spNO.176_d_7,D:\CASME PROJECT FINAL\CASME3_Dataset\Part_A_ME_clip\Part_A_ME_clip\depth\spNO.176_d_7,14,VII,34,35
spNO.176,k,spNO.176_k_8,others,1,8,12,27,D:\CASME PROJECT FINAL\CASME3_Dataset\Part_A_ME_clip\Part_A_ME_clip\frame\spNO.176_k_8,D:\CASME PROJECT FINAL\CASME3_Dataset\Part_A_ME_clip\Part_A_ME_clip\depth\spNO.176_k_8,14,VII,19,20
spNO.176,l,spNO.176_l_7,anger,1,7,14,45,D:\CASME PROJECT FINAL\CASME3_Dataset\Part_A_ME_clip\Part_A_ME_clip\frame\spNO.176_l_7,D:\CASME PROJECT FINAL\CASME3_Dataset\Part_A_ME_clip\Part_A_ME_clip\depth\spNO.176_l_7,14,VII,38,39
spNO.177,d,spNO.177_d_7,others,2,7,14,72,D:\CASME PROJECT FINAL\CASME3_Dataset\Part_A_ME_clip\Part_A_ME_clip\frame\spNO.177_d_7,D:\CASME PROJECT FINAL\CASME3_Dataset\Part_A_ME_clip\Part_A_ME_clip\depth\spNO.177_d_7,14,VII,65,66
spNO.177,d,spNO.177_d_4170,surprise,2,4170,4180,4183,D:\CASME PROJECT FINAL\CASME3_Dataset\Part_A_ME_clip\Part_A_ME_clip\frame\spNO.177_d_4170,D:\CASME PROJECT FINAL\CASME3_Dataset\Part_A_ME_clip\Part_A_ME_clip\depth\spNO.177_d_4170,5,II,13,14
spNO.177,k,spNO.177_k_1333,happy,2,1333,1341,1369,D:\CASME PROJECT FINAL\CASME3_Dataset\Part_A_ME_clip\Part_A_ME_clip\frame\spNO.177_k_1333,D:\CASME PROJECT FINAL\CASME3_Dataset\Part_A_ME_clip\Part_A_ME_clip\depth\spNO.177_k_1333,10,IV,36,37
spNO.178,j,spNO.178_j_1184,happy,2,1184,1188,1192,D:\CASME PROJECT FINAL\CASME3_Dataset\Part_A_ME_clip\Part_A_ME_clip\frame\spNO.178_j_1184,D:\CASME PROJECT FINAL\CASME3_Dataset\Part_A_ME_clip\Part_A_ME_clip\depth\spNO.178_j_1184,24,VII,8,9
spNO.178,m,spNO.178_m_33,disgust,2,33,40,48,D:\CASME PROJECT FINAL\CASME3_Dataset\Part_A_ME_clip\Part_A_ME_clip\frame\spNO.178_m_33,D:\CASME PROJECT FINAL\CASME3_Dataset\Part_A_ME_clip\Part_A_ME_clip\depth\spNO.178_m_33,4,III,15,16
spNO.179,b,spNO.179_b_7,disgust,2,7,7,57,D:\CASME PROJECT FINAL\CASME3_Dataset\Part_A_ME_clip\Part_A_ME_clip\frame\spNO.179_b_7,D:\CASME PROJECT FINAL\CASME3_Dataset\Part_A_ME_clip\Part_A_ME_clip\depth\spNO.179_b_7,1,V,50,51
spNO.179,d,spNO.179_d_680,others,2,680,686,707,D:\CASME PROJECT FINAL\CASME3_Dataset\Part_A_ME_clip\Part_A_ME_clip\frame\spNO.179_d_680,D:\CASME PROJECT FINAL\CASME3_Dataset\Part_A_ME_clip\Part_A_ME_clip\depth\spNO.179_d_680,R2+R1,II,27,28
spNO.179,k,spNO.179_k_1407,disgust,2,1407,1415,1438,D:\CASME PROJECT FINAL\CASME3_Dataset\Part_A_ME_clip\Part_A_ME_clip\frame\spNO.179_k_1407,D:\CASME PROJECT FINAL\CASME3_Dataset\Part_A_ME_clip\Part_A_ME_clip\depth\spNO.179_k_1407,4,III,31,32
spNO.179,k,spNO.179_k_1493,surprise,2,1493,1499,1525,D:\CASME PROJECT FINAL\CASME3_Dataset\Part_A_ME_clip\Part_A_ME_clip\frame\spNO.179_k_1493,D:\CASME PROJECT FINAL\CASME3_Dataset\Part_A_ME_clip\Part_A_ME_clip\depth\spNO.179_k_1493,2+1,II,32,33
spNO.179,l,spNO.179_l_1071,sad,2,1071,1077,1093,D:\CASME PROJECT FINAL\CASME3_Dataset\Part_A_ME_clip\Part_A_ME_clip\frame\spNO.179_l_1071,D:\CASME PROJECT FINAL\CASME3_Dataset\Part_A_ME_clip\Part_A_ME_clip\depth\spNO.179_l_1071,R2+R1,II,22,23
spNO.179,m,spNO.179_m_1264,disgust,2,1264,1269,1292,D:\CASME PROJECT FINAL\CASME3_Dataset\Part_A_ME_clip\Part_A_ME_clip\frame\spNO.179_m_1264,D:\CASME PROJECT FINAL\CASME3_Dataset\Part_A_ME_clip\Part_A_ME_clip\depth\spNO.179_m_1264,4,III,28,29
spNO.180,b,spNO.180_b_78,disgust,2,78,84,94,D:\CASME PROJECT FINAL\CASME3_Dataset\Part_A_ME_clip\Part_A_ME_clip\frame\spNO.180_b_78,D:\CASME PROJECT FINAL\CASME3_Dataset\Part_A_ME_clip\Part_A_ME_clip\depth\spNO.180_b_78,4,III,16,17
spNO.180,h,spNO.180_h_1794,surprise,2,1794,1802,1843,D:\CASME PROJECT FINAL\CASME3_Dataset\Part_A_ME_clip\Part_A_ME_clip\frame\spNO.180_h_1794,D:\CASME PROJECT FINAL\CASME3_Dataset\Part_A_ME_clip\Part_A_ME_clip\depth\spNO.180_h_1794,2+1,II,49,50
spNO.180,j,spNO.180_j_423,surprise,2,423,428,448,D:\CASME PROJECT FINAL\CASME3_Dataset\Part_A_ME_clip\Part_A_ME_clip\frame\spNO.180_j_423,D:\CASME PROJECT FINAL\CASME3_Dataset\Part_A_ME_clip\Part_A_ME_clip\depth\spNO.180_j_423,R2+R1,II,25,26
spNO.180,j,spNO.180_j_1670,surprise,2,1670,1676,1686,D:\CASME PROJECT FINAL\CASME3_Dataset\Part_A_ME_clip\Part_A_ME_clip\frame\spNO.180_j_1670,D:\CASME PROJECT FINAL\CASME3_Dataset\Part_A_ME_clip\Part_A_ME_clip\depth\spNO.180_j_1670,2+1,II,16,17
spNO.181,c,spNO.181_c_1467,surprise,4,1467,1470,1476,D:\CASME PROJECT FINAL\CASME3_Dataset\Part_A_ME_clip\Part_A_ME_clip\frame\spNO.181_c_1467,D:\CASME PROJECT FINAL\CASME3_Dataset\Part_A_ME_clip\Part_A_ME_clip\depth\spNO.181_c_1467,5,II,9,10
spNO.181,d,spNO.181_d_22,fear,4,22,30,36,D:\CASME PROJECT FINAL\CASME3_Dataset\Part_A_ME_clip\Part_A_ME_clip\frame\spNO.181_d_22,D:\CASME PROJECT FINAL\CASME3_Dataset\Part_A_ME_clip\Part_A_ME_clip\depth\spNO.181_d_22,R2,VII,14,15
spNO.181,d,spNO.181_d_1023,fear,4,1023,1030,1097,D:\CASME PROJECT FINAL\CASME3_Dataset\Part_A_ME_clip\Part_A_ME_clip\frame\spNO.181_d_1023,D:\CASME PROJECT FINAL\CASME3_Dataset\Part_A_ME_clip\Part_A_ME_clip\depth\spNO.181_d_1023,2+1,II,74,75
spNO.181,d,spNO.181_d_2376,fear,4,2376,2383,2390,D:\CASME PROJECT FINAL\CASME3_Dataset\Part_A_ME_clip\Part_A_ME_clip\frame\spNO.181_d_2376,D:\CASME PROJECT FINAL\CASME3_Dataset\Part_A_ME_clip\Part_A_ME_clip\depth\spNO.181_d_2376,5,II,14,15
spNO.181,d,spNO.181_d_3290,surprise,4,3290,3298,3304,D:\CASME PROJECT FINAL\CASME3_Dataset\Part_A_ME_clip\Part_A_ME_clip\frame\spNO.181_d_3290,D:\CASME PROJECT FINAL\CASME3_Dataset\Part_A_ME_clip\Part_A_ME_clip\depth\spNO.181_d_3290,5,II,14,15
spNO.181,e,spNO.181_e_1655,surprise,4,1655,1662,1720,D:\CASME PROJECT FINAL\CASME3_Dataset\Part_A_ME_clip\Part_A_ME_clip\frame\spNO.181_e_1655,D:\CASME PROJECT FINAL\CASME3_Dataset\Part_A_ME_clip\Part_A_ME_clip\depth\spNO.181_e_1655,2+1,II,65,66
spNO.181,g,spNO.181_g_958,disgust,4,958,966,1020,D:\CASME PROJECT FINAL\CASME3_Dataset\Part_A_ME_clip\Part_A_ME_clip\frame\spNO.181_g_958,D:\CASME PROJECT FINAL\CASME3_Dataset\Part_A_ME_clip\Part_A_ME_clip\depth\spNO.181_g_958,4,III,62,63
spNO.181,g,spNO.181_g_1964,disgust,4,1964,1967,1988,D:\CASME PROJECT FINAL\CASME3_Dataset\Part_A_ME_clip\Part_A_ME_clip\frame\spNO.181_g_1964,D:\CASME PROJECT FINAL\CASME3_Dataset\Part_A_ME_clip\Part_A_ME_clip\depth\spNO.181_g_1964,4,III,24,25
spNO.181,j,spNO.181_j_24,disgust,4,24,32,42,D:\CASME PROJECT FINAL\CASME3_Dataset\Part_A_ME_clip\Part_A_ME_clip\frame\spNO.181_j_24,D:\CASME PROJECT FINAL\CASME3_Dataset\Part_A_ME_clip\Part_A_ME_clip\depth\spNO.181_j_24,4,III,18,19
spNO.181,j,spNO.181_j_258,surprise,4,258,262,278,D:\CASME PROJECT FINAL\CASME3_Dataset\Part_A_ME_clip\Part_A_ME_clip\frame\spNO.181_j_258,D:\CASME PROJECT FINAL\CASME3_Dataset\Part_A_ME_clip\Part_A_ME_clip\depth\spNO.181_j_258,R2,VII,20,21
spNO.181,j,spNO.181_j_1568,surprise,4,1568,1574,1595,D:\CASME PROJECT FINAL\CASME3_Dataset\Part_A_ME_clip\Part_A_ME_clip\frame\spNO.181_j_1568,D:\CASME PROJECT FINAL\CASME3_Dataset\Part_A_ME_clip\Part_A_ME_clip\depth\spNO.181_j_1568,R2,VII,27,28
spNO.181,k,spNO.181_k_1288,surprise,4,1288,1296,1313,D:\CASME PROJECT FINAL\CASME3_Dataset\Part_A_ME_clip\Part_A_ME_clip\frame\spNO.181_k_1288,D:\CASME PROJECT FINAL\CASME3_Dataset\Part_A_ME_clip\Part_A_ME_clip\depth\spNO.181_k_1288,1,V,25,26
spNO.181,l,spNO.181_l_1312,surprise,4,1312,1321,1323,D:\CASME PROJECT FINAL\CASME3_Dataset\Part_A_ME_clip\Part_A_ME_clip\frame\spNO.181_l_1312,D:\CASME PROJECT FINAL\CASME3_Dataset\Part_A_ME_clip\Part_A_ME_clip\depth\spNO.181_l_1312,5,II,11,12
spNO.181,m,spNO.181_m_34,disgust,4,34,41,46,D:\CASME PROJECT FINAL\CASME3_Dataset\Part_A_ME_clip\Part_A_ME_clip\frame\spNO.181_m_34,D:\CASME PROJECT FINAL\CASME3_Dataset\Part_A_ME_clip\Part_A_ME_clip\depth\spNO.181_m_34,4+L2,VII,12,13
spNO.181,m,spNO.181_m_423,surprise,4,423,428,503,D:\CASME PROJECT FINAL\CASME3_Dataset\Part_A_ME_clip\Part_A_ME_clip\frame\spNO.181_m_423,D:\CASME PROJECT FINAL\CASME3_Dataset\Part_A_ME_clip\Part_A_ME_clip\depth\spNO.181_m_423,2+1,II,80,81
spNO.181,m,spNO.181_m_569,surprise,4,569,577,609,D:\CASME PROJECT FINAL\CASME3_Dataset\Part_A_ME_clip\Part_A_ME_clip\frame\spNO.181_m_569,D:\CASME PROJECT FINAL\CASME3_Dataset\Part_A_ME_clip\Part_A_ME_clip\depth\spNO.181_m_569,2+1,II,40,41
spNO.181,m,spNO.181_m_876,surprise,4,876,882,928,D:\CASME PROJECT FINAL\CASME3_Dataset\Part_A_ME_clip\Part_A_ME_clip\frame\spNO.181_m_876,D:\CASME PROJECT FINAL\CASME3_Dataset\Part_A_ME_clip\Part_A_ME_clip\depth\spNO.181_m_876,2+1,II,52,53
spNO.181,m,spNO.181_m_1322,disgust,4,1322,1326,1438,D:\CASME PROJECT FINAL\CASME3_Dataset\Part_A_ME_clip\Part_A_ME_clip\frame\spNO.181_m_1322,D:\CASME PROJECT FINAL\CASME3_Dataset\Part_A_ME_clip\Part_A_ME_clip\depth\spNO.181_m_1322,4,III,116,117
spNO.182,a,spNO.182_a_742,surprise,4,742,749,769,D:\CASME PROJECT FINAL\CASME3_Dataset\Part_A_ME_clip\Part_A_ME_clip\frame\spNO.182_a_742,D:\CASME PROJECT FINAL\CASME3_Dataset\Part_A_ME_clip\Part_A_ME_clip\depth\spNO.182_a_742,1,V,27,28
spNO.182,e,spNO.182_e_2693,others,4,2693,2701,2716,D:\CASME PROJECT FINAL\CASME3_Dataset\Part_A_ME_clip\Part_A_ME_clip\frame\spNO.182_e_2693,D:\CASME PROJECT FINAL\CASME3_Dataset\Part_A_ME_clip\Part_A_ME_clip\depth\spNO.182_e_2693,17,VII,23,24
spNO.182,g,spNO.182_g_88,sad,4,88,96,127,D:\CASME PROJECT FINAL\CASME3_Dataset\Part_A_ME_clip\Part_A_ME_clip\frame\spNO.182_g_88,D:\CASME PROJECT FINAL\CASME3_Dataset\Part_A_ME_clip\Part_A_ME_clip\depth\spNO.182_g_88,1,V,39,40
spNO.183,j,spNO.183_j_416,happy,0,416,421,438,D:\CASME PROJECT FINAL\CASME3_Dataset\Part_A_ME_clip\Part_A_ME_clip\frame\spNO.183_j_416,D:\CASME PROJECT FINAL\CASME3_Dataset\Part_A_ME_clip\Part_A_ME_clip\depth\spNO.183_j_416,24,VII,22,23
spNO.183,m,spNO.183_m_133,anger,0,133,137,148,D:\CASME PROJECT FINAL\CASME3_Dataset\Part_A_ME_clip\Part_A_ME_clip\frame\spNO.183_m_133,D:\CASME PROJECT FINAL\CASME3_Dataset\Part_A_ME_clip\Part_A_ME_clip\depth\spNO.183_m_133,1,V,15,16
spNO.184,c,spNO.184_c_466,others,1,466,471,490,D:\CASME PROJECT FINAL\CASME3_Dataset\Part_A_ME_clip\Part_A_ME_clip\frame\spNO.184_c_466,D:\CASME PROJECT FINAL\CASME3_Dataset\Part_A_ME_clip\Part_A_ME_clip\depth\spNO.184_c_466,24+14,VII,24,25
spNO.184,c,spNO.184_c_682,disgust,1,682,690,698,D:\CASME PROJECT FINAL\CASME3_Dataset\Part_A_ME_clip\Part_A_ME_clip\frame\spNO.184_c_682,D:\CASME PROJECT FINAL\CASME3_Dataset\Part_A_ME_clip\Part_A_ME_clip\depth\spNO.184_c_682,4,III,16,17
spNO.184,c,spNO.184_c_1296,disgust,1,1296,1300,1318,D:\CASME PROJECT FINAL\CASME3_Dataset\Part_A_ME_clip\Part_A_ME_clip\frame\spNO.184_c_1296,D:\CASME PROJECT FINAL\CASME3_Dataset\Part_A_ME_clip\Part_A_ME_clip\depth\spNO.184_c_1296,4,III,22,23
spNO.184,c,spNO.184_c_2792,others,1,2792,2799,2813,D:\CASME PROJECT FINAL\CASME3_Dataset\Part_A_ME_clip\Part_A_ME_clip\frame\spNO.184_c_2792,D:\CASME PROJECT FINAL\CASME3_Dataset\Part_A_ME_clip\Part_A_ME_clip\depth\spNO.184_c_2792,14,VII,21,22
spNO.184,f,spNO.184_f_5,others,1,5,12,23,D:\CASME PROJECT FINAL\CASME3_Dataset\Part_A_ME_clip\Part_A_ME_clip\frame\spNO.184_f_5,D:\CASME PROJECT FINAL\CASME3_Dataset\Part_A_ME_clip\Part_A_ME_clip\depth\spNO.184_f_5,22,VII,18,19
spNO.184,h,spNO.184_h_1742,disgust,1,1742,1748,1755,D:\CASME PROJECT FINAL\CASME3_Dataset\Part_A_ME_clip\Part_A_ME_clip\frame\spNO.184_h_1742,D:\CASME PROJECT FINAL\CASME3_Dataset\Part_A_ME_clip\Part_A_ME_clip\depth\spNO.184_h_1742,4,III,13,14
spNO.184,h,spNO.184_h_3411,disgust,1,3411,3414,3417,D:\CASME PROJECT FINAL\CASME3_Dataset\Part_A_ME_clip\Part_A_ME_clip\frame\spNO.184_h_3411,D:\CASME PROJECT FINAL\CASME3_Dataset\Part_A_ME_clip\Part_A_ME_clip\depth\spNO.184_h_3411,4,III,6,7
spNO.184,h,spNO.184_h_3418,disgust,1,3418,3424,3428,D:\CASME PROJECT FINAL\CASME3_Dataset\Part_A_ME_clip\Part_A_ME_clip\frame\spNO.184_h_3418,D:\CASME PROJECT FINAL\CASME3_Dataset\Part_A_ME_clip\Part_A_ME_clip\depth\spNO.184_h_3418,4,III,10,11
spNO.184,i,spNO.184_i_8,others,1,8,8,23,D:\CASME PROJECT FINAL\CASME3_Dataset\Part_A_ME_clip\Part_A_ME_clip\frame\spNO.184_i_8,D:\CASME PROJECT FINAL\CASME3_Dataset\Part_A_ME_clip\Part_A_ME_clip\depth\spNO.184_i_8,18,VII,15,16
spNO.184,i,spNO.184_i_3339,others,1,3339,3347,3354,D:\CASME PROJECT FINAL\CASME3_Dataset\Part_A_ME_clip\Part_A_ME_clip\frame\spNO.184_i_3339,D:\CASME PROJECT FINAL\CASME3_Dataset\Part_A_ME_clip\Part_A_ME_clip\depth\spNO.184_i_3339,L7,VII,15,16
spNO.184,j,spNO.184_j_227,disgust,1,227,234,241,D:\CASME PROJECT FINAL\CASME3_Dataset\Part_A_ME_clip\Part_A_ME_clip\frame\spNO.184_j_227,D:\CASME PROJECT FINAL\CASME3_Dataset\Part_A_ME_clip\Part_A_ME_clip\depth\spNO.184_j_227,4,III,14,15
spNO.184,j,spNO.184_j_1324,disgust,1,1324,1330,1343,D:\CASME PROJECT FINAL\CASME3_Dataset\Part_A_ME_clip\Part_A_ME_clip\frame\spNO.184_j_1324,D:\CASME PROJECT FINAL\CASME3_Dataset\Part_A_ME_clip\Part_A_ME_clip\depth\spNO.184_j_1324,4,III,19,20
spNO.184,j,spNO.184_j_1374,disgust,1,1374,1380,1387,D:\CASME PROJECT FINAL\CASME3_Dataset\Part_A_ME_clip\Part_A_ME_clip\frame\spNO.184_j_1374,D:\CASME PROJECT FINAL\CASME3_Dataset\Part_A_ME_clip\Part_A_ME_clip\depth\spNO.184_j_1374,4,III,13,14
spNO.184,j,spNO.184_j_1397,disgust,1,1397,1403,1428,D:\CASME PROJECT FINAL\CASME3_Dataset\Part_A_ME_clip\Part_A_ME_clip\frame\spNO.184_j_1397,D:\CASME PROJECT FINAL\CASME3_Dataset\Part_A_ME_clip\Part_A_ME_clip\depth\spNO.184_j_1397,4,III,31,32
spNO.184,j,spNO.184_j_1917,disgust,1,1917,1925,1976,D:\CASME PROJECT FINAL\CASME3_Dataset\Part_A_ME_clip\Part_A_ME_clip\frame\spNO.184_j_1917,D:\CASME PROJECT FINAL\CASME3_Dataset\Part_A_ME_clip\Part_A_ME_clip\depth\spNO.184_j_1917,4,III,59,60
spNO.184,k,spNO.184_k_149,disgust,1,149,154,161,D:\CASME PROJECT FINAL\CASME3_Dataset\Part_A_ME_clip\Part_A_ME_clip\frame\spNO.184_k_149,D:\CASME PROJECT FINAL\CASME3_Dataset\Part_A_ME_clip\Part_A_ME_clip\depth\spNO.184_k_149,4,III,12,13
spNO.184,k,spNO.184_k_1421,disgust,1,1421,1427,1437,D:\CASME PROJECT FINAL\CASME3_Dataset\Part_A_ME_clip\Part_A_ME_clip\frame\spNO.184_k_1421,D:\CASME PROJECT FINAL\CASME3_Dataset\Part_A_ME_clip\Part_A_ME_clip\depth\spNO.184_k_1421,4,III,16,17
spNO.185,k,spNO.185_k_997,others,0,997,1003,1034,D:\CASME PROJECT FINAL\CASME3_Dataset\Part_A_ME_clip\Part_A_ME_clip\frame\spNO.185_k_997,D:\CASME PROJECT FINAL\CASME3_Dataset\Part_A_ME_clip\Part_A_ME_clip\depth\spNO.185_k_997,L7,VII,37,38
spNO.186,c,spNO.186_c_337,surprise,4,337,343,352,D:\CASME PROJECT FINAL\CASME3_Dataset\Part_A_ME_clip\Part_A_ME_clip\frame\spNO.186_c_337,D:\CASME PROJECT FINAL\CASME3_Dataset\Part_A_ME_clip\Part_A_ME_clip\depth\spNO.186_c_337,22,VII,15,16
spNO.186,c,spNO.186_c_359,disgust,4,359,365,473,D:\CASME PROJECT FINAL\CASME3_Dataset\Part_A_ME_clip\Part_A_ME_clip\frame\spNO.186_c_359,D:\CASME PROJECT FINAL\CASME3_Dataset\Part_A_ME_clip\Part_A_ME_clip\depth\spNO.186_c_359,14,VII,114,115
spNO.186,f,spNO.186_f_448,surprise,4,448,456,502,D:\CASME PROJECT FINAL\CASME3_Dataset\Part_A_ME_clip\Part_A_ME_clip\frame\spNO.186_f_448,D:\CASME PROJECT FINAL\CASME3_Dataset\Part_A_ME_clip\Part_A_ME_clip\depth\spNO.186_f_448,1,V,54,55
spNO.186,l,spNO.186_l_3634,disgust,4,3634,3640,3660,D:\CASME PROJECT FINAL\CASME3_Dataset\Part_A_ME_clip\Part_A_ME_clip\frame\spNO.186_l_3634,D:\CASME PROJECT FINAL\CASME3_Dataset\Part_A_ME_clip\Part_A_ME_clip\depth\spNO.186_l_3634,4,III,26,27
spNO.186,l,spNO.186_l_3677,disgust,4,3677,3683,3699,D:\CASME PROJECT FINAL\CASME3_Dataset\Part_A_ME_clip\Part_A_ME_clip\frame\spNO.186_l_3677,D:\CASME PROJECT FINAL\CASME3_Dataset\Part_A_ME_clip\Part_A_ME_clip\depth\spNO.186_l_3677,4,III,22,23
spNO.187,c,spNO.187_c_2541,others,0,2541,2549,2575,D:\CASME PROJECT FINAL\CASME3_Dataset\Part_A_ME_clip\Part_A_ME_clip\frame\spNO.187_c_2541,D:\CASME PROJECT FINAL\CASME3_Dataset\Part_A_ME_clip\Part_A_ME_clip\depth\spNO.187_c_2541,B23,III,34,35
spNO.187,d,spNO.187_d_1802,fear,0,1802,1808,1852,D:\CASME PROJECT FINAL\CASME3_Dataset\Part_A_ME_clip\Part_A_ME_clip\frame\spNO.187_d_1802,D:\CASME PROJECT FINAL\CASME3_Dataset\Part_A_ME_clip\Part_A_ME_clip\depth\spNO.187_d_1802,4,III,50,51
spNO.187,i,spNO.187_i_3994,disgust,0,3994,3998,4015,D:\CASME PROJECT FINAL\CASME3_Dataset\Part_A_ME_clip\Part_A_ME_clip\frame\spNO.187_i_3994,D:\CASME PROJECT FINAL\CASME3_Dataset\Part_A_ME_clip\Part_A_ME_clip\depth\spNO.187_i_3994,4,III,21,22
spNO.187,l,spNO.187_l_3437,sad,0,3437,3444,3484,D:\CASME PROJECT FINAL\CASME3_Dataset\Part_A_ME_clip\Part_A_ME_clip\frame\spNO.187_l_3437,D:\CASME PROJECT FINAL\CASME3_Dataset\Part_A_ME_clip\Part_A_ME_clip\depth\spNO.187_l_3437,B28,VII,47,48
spNO.188,c,spNO.188_c_309,surprise,1,309,317,333,D:\CASME PROJECT FINAL\CASME3_Dataset\Part_A_ME_clip\Part_A_ME_clip\frame\spNO.188_c_309,D:\CASME PROJECT FINAL\CASME3_Dataset\Part_A_ME_clip\Part_A_ME_clip\depth\spNO.188_c_309,2+1,II,24,25
spNO.188,e,spNO.188_e_8,surprise,1,8,8,39,D:\CASME PROJECT FINAL\CASME3_Dataset\Part_A_ME_clip\Part_A_ME_clip\frame\spNO.188_e_8,D:\CASME PROJECT FINAL\CASME3_Dataset\Part_A_ME_clip\Part_A_ME_clip\depth\spNO.188_e_8,2+1,II,31,32
spNO.188,m,spNO.188_m_1052,disgust,1,1052,1057,1076,D:\CASME PROJECT FINAL\CASME3_Dataset\Part_A_ME_clip\Part_A_ME_clip\frame\spNO.188_m_1052,D:\CASME PROJECT FINAL\CASME3_Dataset\Part_A_ME_clip\Part_A_ME_clip\depth\spNO.188_m_1052,4,III,24,25
spNO.189,a,spNO.189_a_467,disgust,1,467,471,474,D:\CASME PROJECT FINAL\CASME3_Dataset\Part_A_ME_clip\Part_A_ME_clip\frame\spNO.189_a_467,D:\CASME PROJECT FINAL\CASME3_Dataset\Part_A_ME_clip\Part_A_ME_clip\depth\spNO.189_a_467,6+9+4,VII,7,8
spNO.189,d,spNO.189_d_101,fear,1,101,104,107,D:\CASME PROJECT FINAL\CASME3_Dataset\Part_A_ME_clip\Part_A_ME_clip\frame\spNO.189_d_101,D:\CASME PROJECT FINAL\CASME3_Dataset\Part_A_ME_clip\Part_A_ME_clip\depth\spNO.189_d_101,9+4,IV,6,7
spNO.189,d,spNO.189_d_122,fear,1,122,127,130,D:\CASME PROJECT FINAL\CASME3_Dataset\Part_A_ME_clip\Part_A_ME_clip\frame\spNO.189_d_122,D:\CASME PROJECT FINAL\CASME3_Dataset\Part_A_ME_clip\Part_A_ME_clip\depth\spNO.189_d_122,9,IV,8,9
spNO.189,e,spNO.189_e_8,others,1,8,8,28,D:\CASME PROJECT FINAL\CASME3_Dataset\Part_A_ME_clip\Part_A_ME_clip\frame\spNO.189_e_8,D:\CASME PROJECT FINAL\CASME3_Dataset\Part_A_ME_clip\Part_A_ME_clip\depth\spNO.189_e_8,14,VII,20,21
spNO.189,e,spNO.189_e_148,disgust,1,148,153,156,D:\CASME PROJECT FINAL\CASME3_Dataset\Part_A_ME_clip\Part_A_ME_clip\frame\spNO.189_e_148,D:\CASME PROJECT FINAL\CASME3_Dataset\Part_A_ME_clip\Part_A_ME_clip\depth\spNO.189_e_148,6+9+4,VII,8,9
spNO.189,e,spNO.189_e_1194,disgust,1,1194,1202,1239,D:\CASME PROJECT FINAL\CASME3_Dataset\Part_A_ME_clip\Part_A_ME_clip\frame\spNO.189_e_1194,D:\CASME PROJECT FINAL\CASME3_Dataset\Part_A_ME_clip\Part_A_ME_clip\depth\spNO.189_e_1194,14+9+4,VII,45,46
spNO.189,e,spNO.189_e_2095,disgust,1,2095,2101,2105,D:\CASME PROJECT FINAL\CASME3_Dataset\Part_A_ME_clip\Part_A_ME_clip\frame\spNO.189_e_2095,D:\CASME PROJECT FINAL\CASME3_Dataset\Part_A_ME_clip\Part_A_ME_clip\depth\spNO.189_e_2095,9+4,IV,10,11
spNO.189,e,spNO.189_e_2334,disgust,1,2334,2341,2365,D:\CASME PROJECT FINAL\CASME3_Dataset\Part_A_ME_clip\Part_A_ME_clip\frame\spNO.189_e_2334,D:\CASME PROJECT FINAL\CASME3_Dataset\Part_A_ME_clip\Part_A_ME_clip\depth\spNO.189_e_2334,14,VII,31,32
spNO.189,f,spNO.189_f_7,others,1,7,7,70,D:\CASME PROJECT FINAL\CASME3_Dataset\Part_A_ME_clip\Part_A_ME_clip\frame\spNO.189_f_7,D:\CASME PROJECT FINAL\CASME3_Dataset\Part_A_ME_clip\Part_A_ME_clip\depth\spNO.189_f_7,14,VII,63,64
spNO.189,f,spNO.189_f_144,fear,1,144,150,208,D:\CASME PROJECT FINAL\CASME3_Dataset\Part_A_ME_clip\Part_A_ME_clip\frame\spNO.189_f_144,D:\CASME PROJECT FINAL\CASME3_Dataset\Part_A_ME_clip\Part_A_ME_clip\depth\spNO.189_f_144,9+4+14,VII,64,65
spNO.189,f,spNO.189_f_679,fear,1,679,685,695,D:\CASME PROJECT FINAL\CASME3_Dataset\Part_A_ME_clip\Part_A_ME_clip\frame\spNO.189_f_679,D:\CASME PROJECT FINAL\CASME3_Dataset\Part_A_ME_clip\Part_A_ME_clip\depth\spNO.189_f_679,14+9,VII,16,17
spNO.189,f,spNO.189_f_1387,fear,1,1387,1390,1394,D:\CASME PROJECT FINAL\CASME3_Dataset\Part_A_ME_clip\Part_A_ME_clip\frame\spNO.189_f_1387,D:\CASME PROJECT FINAL\CASME3_Dataset\Part_A_ME_clip\Part_A_ME_clip\depth\spNO.189_f_1387,9+4,IV,7,8
spNO.189,f,spNO.189_f_1395,fear,1,1395,1403,1423,D:\CASME PROJECT FINAL\CASME3_Dataset\Part_A_ME_clip\Part_A_ME_clip\frame\spNO.189_f_1395,D:\CASME PROJECT FINAL\CASME3_Dataset\Part_A_ME_clip\Part_A_ME_clip\depth\spNO.189_f_1395,14,VII,28,29
spNO.189,g,spNO.189_g_40,disgust,1,40,44,48,D:\CASME PROJECT FINAL\CASME3_Dataset\Part_A_ME_clip\Part_A_ME_clip\frame\spNO.189_g_40,D:\CASME PROJECT FINAL\CASME3_Dataset\Part_A_ME_clip\Part_A_ME_clip\depth\spNO.189_g_40,9+4,IV,8,9
spNO.189,g,spNO.189_g_50,disgust,1,50,55,59,D:\CASME PROJECT FINAL\CASME3_Dataset\Part_A_ME_clip\Part_A_ME_clip\frame\spNO.189_g_50,D:\CASME PROJECT FINAL\CASME3_Dataset\Part_A_ME_clip\Part_A_ME_clip\depth\spNO.189_g_50,9+4,IV,9,10
spNO.189,g,spNO.189_g_367,disgust,1,367,372,376,D:\CASME PROJECT FINAL\CASME3_Dataset\Part_A_ME_clip\Part_A_ME_clip\frame\spNO.189_g_367,D:\CASME PROJECT FINAL\CASME3_Dataset\Part_A_ME_clip\Part_A_ME_clip\depth\spNO.189_g_367,9+4,IV,9,10
spNO.189,g,spNO.189_g_911,disgust,1,911,915,920,D:\CASME PROJECT FINAL\CASME3_Dataset\Part_A_ME_clip\Part_A_ME_clip\frame\spNO.189_g_911,D:\CASME PROJECT FINAL\CASME3_Dataset\Part_A_ME_clip\Part_A_ME_clip\depth\spNO.189_g_911,9+4,IV,9,10
spNO.189,g,spNO.189_g_990,disgust,1,990,996,1003,D:\CASME PROJECT FINAL\CASME3_Dataset\Part_A_ME_clip\Part_A_ME_clip\frame\spNO.189_g_990,D:\CASME PROJECT FINAL\CASME3_Dataset\Part_A_ME_clip\Part_A_ME_clip\depth\spNO.189_g_990,9+10,VII,13,14
spNO.189,g,spNO.189_g_1719,disgust,1,1719,1727,1779,D:\CASME PROJECT FINAL\CASME3_Dataset\Part_A_ME_clip\Part_A_ME_clip\frame\spNO.189_g_1719,D:\CASME PROJECT FINAL\CASME3_Dataset\Part_A_ME_clip\Part_A_ME_clip\depth\spNO.189_g_1719,4,III,60,61
spNO.189,g,spNO.189_g_1812,disgust,1,1812,1819,1843,D:\CASME PROJECT FINAL\CASME3_Dataset\Part_A_ME_clip\Part_A_ME_clip\frame\spNO.189_g_1812,D:\CASME PROJECT FINAL\CASME3_Dataset\Part_A_ME_clip\Part_A_ME_clip\depth\spNO.189_g_1812,2+1,II,31,32
spNO.189,g,spNO.189_g_2043,disgust,1,2043,2048,2062,D:\CASME PROJECT FINAL\CASME3_Dataset\Part_A_ME_clip\Part_A_ME_clip\frame\spNO.189_g_2043,D:\CASME PROJECT FINAL\CASME3_Dataset\Part_A_ME_clip\Part_A_ME_clip\depth\spNO.189_g_2043,4,III,19,20
spNO.189,h,spNO.189_h_37,disgust,1,37,44,66,D:\CASME PROJECT FINAL\CASME3_Dataset\Part_A_ME_clip\Part_A_ME_clip\frame\spNO.189_h_37,D:\CASME PROJECT FINAL\CASME3_Dataset\Part_A_ME_clip\Part_A_ME_clip\depth\spNO.189_h_37,9,IV,29,30
spNO.189,h,spNO.189_h_77,disgust,1,77,85,95,D:\CASME PROJECT FINAL\CASME3_Dataset\Part_A_ME_clip\Part_A_ME_clip\frame\spNO.189_h_77,D:\CASME PROJECT FINAL\CASME3_Dataset\Part_A_ME_clip\Part_A_ME_clip\depth\spNO.189_h_77,T18,VII,18,19
spNO.189,h,spNO.189_h_610,disgust,1,610,617,643,D:\CASME PROJECT FINAL\CASME3_Dataset\Part_A_ME_clip\Part_A_ME_clip\frame\spNO.189_h_610,D:\CASME PROJECT FINAL\CASME3_Dataset\Part_A_ME_clip\Part_A_ME_clip\depth\spNO.189_h_610,14,VII,33,34
spNO.189,h,spNO.189_h_644,disgust,1,644,647,659,D:\CASME PROJECT FINAL\CASME3_Dataset\Part_A_ME_clip\Part_A_ME_clip\frame\spNO.189_h_644,D:\CASME PROJECT FINAL\CASME3_Dataset\Part_A_ME_clip\Part_A_ME_clip\depth\spNO.189_h_644,9,IV,15,16
spNO.189,h,spNO.189_h_1196,disgust,1,1196,1204,1222,D:\CASME PROJECT FINAL\CASME3_Dataset\Part_A_ME_clip\Part_A_ME_clip\frame\spNO.189_h_1196,D:\CASME PROJECT FINAL\CASME3_Dataset\Part_A_ME_clip\Part_A_ME_clip\depth\spNO.189_h_1196,9,IV,26,27
spNO.189,h,spNO.189_h_2046,disgust,1,2046,2048,2053,D:\CASME PROJECT FINAL\CASME3_Dataset\Part_A_ME_clip\Part_A_ME_clip\frame\spNO.189_h_2046,D:\CASME PROJECT FINAL\CASME3_Dataset\Part_A_ME_clip\Part_A_ME_clip\depth\spNO.189_h_2046,9,IV,7,8
spNO.189,h,spNO.189_h_2441,disgust,1,2441,2444,2448,D:\CASME PROJECT FINAL\CASME3_Dataset\Part_A_ME_clip\Part_A_ME_clip\frame\spNO.189_h_2441,D:\CASME PROJECT FINAL\CASME3_Dataset\Part_A_ME_clip\Part_A_ME_clip\depth\spNO.189_h_2441,9,IV,7,8
spNO.189,h,spNO.189_h_3309,disgust,1,3309,3317,3339,D:\CASME PROJECT FINAL\CASME3_Dataset\Part_A_ME_clip\Part_A_ME_clip\frame\spNO.189_h_3309,D:\CASME PROJECT FINAL\CASME3_Dataset\Part_A_ME_clip\Part_A_ME_clip\depth\spNO.189_h_3309,T18,VII,30,31
spNO.189,i,spNO.189_i_5,anger,1,5,5,16,D:\CASME PROJECT FINAL\CASME3_Dataset\Part_A_ME_clip\Part_A_ME_clip\frame\spNO.189_i_5,D:\CASME PROJECT FINAL\CASME3_Dataset\Part_A_ME_clip\Part_A_ME_clip\depth\spNO.189_i_5,14+9+4,VII,11,12
spNO.189,i,spNO.189_i_111,disgust,1,111,116,120,D:\CASME PROJECT FINAL\CASME3_Dataset\Part_A_ME_clip\Part_A_ME_clip\frame\spNO.189_i_111,D:\CASME PROJECT FINAL\CASME3_Dataset\Part_A_ME_clip\Part_A_ME_clip\depth\spNO.189_i_111,9+4,IV,9,10
spNO.189,i,spNO.189_i_173,disgust,1,173,181,185,D:\CASME PROJECT FINAL\CASME3_Dataset\Part_A_ME_clip\Part_A_ME_clip\frame\spNO.189_i_173,D:\CASME PROJECT FINAL\CASME3_Dataset\Part_A_ME_clip\Part_A_ME_clip\depth\spNO.189_i_173,9+4,IV,12,13
spNO.189,i,spNO.189_i_271,disgust,1,271,275,280,D:\CASME PROJECT FINAL\CASME3_Dataset\Part_A_ME_clip\Part_A_ME_clip\frame\spNO.189_i_271,D:\CASME PROJECT FINAL\CASME3_Dataset\Part_A_ME_clip\Part_A_ME_clip\depth\spNO.189_i_271,9+4,IV,9,10
spNO.189,i,spNO.189_i_441,anger,1,441,449,459,D:\CASME PROJECT FINAL\CASME3_Dataset\Part_A_ME_clip\Part_A_ME_clip\frame\spNO.189_i_441,D:\CASME PROJECT FINAL\CASME3_Dataset\Part_A_ME_clip\Part_A_ME_clip\depth\spNO.189_i_441,L14,VII,18,19
spNO.189,i,spNO.189_i_461,anger,1,461,467,532,D:\CASME PROJECT FINAL\CASME3_Dataset\Part_A_ME_clip\Part_A_ME_clip\frame\spNO.189_i_461,D:\CASME PROJECT FINAL\CASME3_Dataset\Part_A_ME_clip\Part_A_ME_clip\depth\spNO.189_i_461,14,VII,71,72
spNO.189,j,spNO.189_j_32,disgust,1,32,35,38,D:\CASME PROJECT FINAL\CASME3_Dataset\Part_A_ME_clip\Part_A_ME_clip\frame\spNO.189_j_32,D:\CASME PROJECT FINAL\CASME3_Dataset\Part_A_ME_clip\Part_A_ME_clip\depth\spNO.189_j_32,9,IV,6,7
spNO.189,j,spNO.189_j_56,happy,1,56,62,65,D:\CASME PROJECT FINAL\CASME3_Dataset\Part_A_ME_clip\Part_A_ME_clip\frame\spNO.189_j_56,D:\CASME PROJECT FINAL\CASME3_Dataset\Part_A_ME_clip\Part_A_ME_clip\depth\spNO.189_j_56,9,IV,9,10
spNO.189,j,spNO.189_j_166,happy,1,166,168,171,D:\CASME PROJECT FINAL\CASME3_Dataset\Part_A_ME_clip\Part_A_ME_clip\frame\spNO.189_j_166,D:\CASME PROJECT FINAL\CASME3_Dataset\Part_A_ME_clip\Part_A_ME_clip\depth\spNO.189_j_166,9,IV,5,6
spNO.189,j,spNO.189_j_780,others,1,780,785,809,D:\CASME PROJECT FINAL\CASME3_Dataset\Part_A_ME_clip\Part_A_ME_clip\frame\spNO.189_j_780,D:\CASME PROJECT FINAL\CASME3_Dataset\Part_A_ME_clip\Part_A_ME_clip\depth\spNO.189_j_780,14,VII,29,30
spNO.189,k,spNO.189_k_25,disgust,1,25,31,35,D:\CASME PROJECT FINAL\CASME3_Dataset\Part_A_ME_clip\Part_A_ME_clip\frame\spNO.189_k_25,D:\CASME PROJECT FINAL\CASME3_Dataset\Part_A_ME_clip\Part_A_ME_clip\depth\spNO.189_k_25,9,IV,10,11
spNO.189,k,spNO.189_k_287,disgust,1,287,293,297,D:\CASME PROJECT FINAL\CASME3_Dataset\Part_A_ME_clip\Part_A_ME_clip\frame\spNO.189_k_287,D:\CASME PROJECT FINAL\CASME3_Dataset\Part_A_ME_clip\Part_A_ME_clip\depth\spNO.189_k_287,9+4,IV,10,11
spNO.189,l,spNO.189_l_218,disgust,1,218,221,225,D:\CASME PROJECT FINAL\CASME3_Dataset\Part_A_ME_clip\Part_A_ME_clip\frame\spNO.189_l_218,D:\CASME PROJECT FINAL\CASME3_Dataset\Part_A_ME_clip\Part_A_ME_clip\depth\spNO.189_l_218,9,IV,7,8
spNO.189,l,spNO.189_l_233,disgust,1,233,240,250,D:\CASME PROJECT FINAL\CASME3_Dataset\Part_A_ME_clip\Part_A_ME_clip\frame\spNO.189_l_233,D:\CASME PROJECT FINAL\CASME3_Dataset\Part_A_ME_clip\Part_A_ME_clip\depth\spNO.189_l_233,15,V,17,18
spNO.189,l,spNO.189_l_1422,disgust,1,1422,1427,1463,D:\CASME PROJECT FINAL\CASME3_Dataset\Part_A_ME_clip\Part_A_ME_clip\frame\spNO.189_l_1422,D:\CASME PROJECT FINAL\CASME3_Dataset\Part_A_ME_clip\Part_A_ME_clip\depth\spNO.189_l_1422,14+9,VII,41,42
spNO.189,l,spNO.189_l_2593,disgust,1,2593,2600,2604,D:\CASME PROJECT FINAL\CASME3_Dataset\Part_A_ME_clip\Part_A_ME_clip\frame\spNO.189_l_2593,D:\CASME PROJECT FINAL\CASME3_Dataset\Part_A_ME_clip\Part_A_ME_clip\depth\spNO.189_l_2593,2+1,II,11,12
spNO.189,m,spNO.189_m_87,disgust,1,87,91,94,D:\CASME PROJECT FINAL\CASME3_Dataset\Part_A_ME_clip\Part_A_ME_clip\frame\spNO.189_m_87,D:\CASME PROJECT FINAL\CASME3_Dataset\Part_A_ME_clip\Part_A_ME_clip\depth\spNO.189_m_87,9+4,IV,7,8
spNO.189,m,spNO.189_m_94,disgust,1,94,103,107,D:\CASME PROJECT FINAL\CASME3_Dataset\Part_A_ME_clip\Part_A_ME_clip\frame\spNO.189_m_94,D:\CASME PROJECT FINAL\CASME3_Dataset\Part_A_ME_clip\Part_A_ME_clip\depth\spNO.189_m_94,9+4,IV,13,14
spNO.189,m,spNO.189_m_134,disgust,1,134,137,149,D:\CASME PROJECT FINAL\CASME3_Dataset\Part_A_ME_clip\Part_A_ME_clip\frame\spNO.189_m_134,D:\CASME PROJECT FINAL\CASME3_Dataset\Part_A_ME_clip\Part_A_ME_clip\depth\spNO.189_m_134,9+4,IV,15,16
spNO.189,m,spNO.189_m_270,anger,1,270,274,340,D:\CASME PROJECT FINAL\CASME3_Dataset\Part_A_ME_clip\Part_A_ME_clip\frame\spNO.189_m_270,D:\CASME PROJECT FINAL\CASME3_Dataset\Part_A_ME_clip\Part_A_ME_clip\depth\spNO.189_m_270,14+9+4,VII,70,71
spNO.189,m,spNO.189_m_387,disgust,1,387,391,394,D:\CASME PROJECT FINAL\CASME3_Dataset\Part_A_ME_clip\Part_A_ME_clip\frame\spNO.189_m_387,D:\CASME PROJECT FINAL\CASME3_Dataset\Part_A_ME_clip\Part_A_ME_clip\depth\spNO.189_m_387,4,III,7,8
spNO.189,m,spNO.189_m_551,anger,1,551,559,617,D:\CASME PROJECT FINAL\CASME3_Dataset\Part_A_ME_clip\Part_A_ME_clip\frame\spNO.189_m_551,D:\CASME PROJECT FINAL\CASME3_Dataset\Part_A_ME_clip\Part_A_ME_clip\depth\spNO.189_m_551,9+4+14,VII,66,67
spNO.189,m,spNO.189_m_770,anger,1,770,776,830,D:\CASME PROJECT FINAL\CASME3_Dataset\Part_A_ME_clip\Part_A_ME_clip\frame\spNO.189_m_770,D:\CASME PROJECT FINAL\CASME3_Dataset\Part_A_ME_clip\Part_A_ME_clip\depth\spNO.189_m_770,9+4+14,VII,60,61
spNO.189,m,spNO.189_m_780,disgust,1,780,784,788,D:\CASME PROJECT FINAL\CASME3_Dataset\Part_A_ME_clip\Part_A_ME_clip\frame\spNO.189_m_780,D:\CASME PROJECT FINAL\CASME3_Dataset\Part_A_ME_clip\Part_A_ME_clip\depth\spNO.189_m_780,9+4,IV,8,9
spNO.190,d,spNO.190_d_3629,others,4,3629,3636,3659,D:\CASME PROJECT FINAL\CASME3_Dataset\Part_A_ME_clip\Part_A_ME_clip\frame\spNO.190_d_3629,D:\CASME PROJECT FINAL\CASME3_Dataset\Part_A_ME_clip\Part_A_ME_clip\depth\spNO.190_d_3629,38,VII,30,31
spNO.190,d,spNO.190_d_4121,others,4,4121,4126,4175,D:\CASME PROJECT FINAL\CASME3_Dataset\Part_A_ME_clip\Part_A_ME_clip\frame\spNO.190_d_4121,D:\CASME PROJECT FINAL\CASME3_Dataset\Part_A_ME_clip\Part_A_ME_clip\depth\spNO.190_d_4121,38,VII,54,55
spNO.190,e,spNO.190_e_2271,surprise,4,2271,2276,2294,D:\CASME PROJECT FINAL\CASME3_Dataset\Part_A_ME_clip\Part_A_ME_clip\frame\spNO.190_e_2271,D:\CASME PROJECT FINAL\CASME3_Dataset\Part_A_ME_clip\Part_A_ME_clip\depth\spNO.190_e_2271,5,II,23,24
spNO.190,j,spNO.190_j_1939,others,4,1939,1945,1972,D:\CASME PROJECT FINAL\CASME3_Dataset\Part_A_ME_clip\Part_A_ME_clip\frame\spNO.190_j_1939,D:\CASME PROJECT FINAL\CASME3_Dataset\Part_A_ME_clip\Part_A_ME_clip\depth\spNO.190_j_1939,38,VII,33,34
spNO.190,k,spNO.190_k_2187,happy,4,2187,2195,2203,D:\CASME PROJECT FINAL\CASME3_Dataset\Part_A_ME_clip\Part_A_ME_clip\frame\spNO.190_k_2187,D:\CASME PROJECT FINAL\CASME3_Dataset\Part_A_ME_clip\Part_A_ME_clip\depth\spNO.190_k_2187,38,VII,16,17
spNO.190,m,spNO.190_m_8,anger,4,8,8,737,D:\CASME PROJECT FINAL\CASME3_Dataset\Part_A_ME_clip\Part_A_ME_clip\frame\spNO.190_m_8,D:\CASME PROJECT FINAL\CASME3_Dataset\Part_A_ME_clip\Part_A_ME_clip\depth\spNO.190_m_8,1,V,729,730
spNO.192,b,spNO.192_b_889,disgust,3,889,897,975,D:\CASME PROJECT FINAL\CASME3_Dataset\Part_A_ME_clip\Part_A_ME_clip\frame\spNO.192_b_889,D:\CASME PROJECT FINAL\CASME3_Dataset\Part_A_ME_clip\Part_A_ME_clip\depth\spNO.192_b_889,4,III,86,87
spNO.192,d,spNO.192_d_1291,fear,3,1291,1299,1352,D:\CASME PROJECT FINAL\CASME3_Dataset\Part_A_ME_clip\Part_A_ME_clip\frame\spNO.192_d_1291,D:\CASME PROJECT FINAL\CASME3_Dataset\Part_A_ME_clip\Part_A_ME_clip\depth\spNO.192_d_1291,1,V,61,62
spNO.192,d,spNO.192_d_4736,fear,3,4736,4744,4793,D:\CASME PROJECT FINAL\CASME3_Dataset\Part_A_ME_clip\Part_A_ME_clip\frame\spNO.192_d_4736,D:\CASME PROJECT FINAL\CASME3_Dataset\Part_A_ME_clip\Part_A_ME_clip\depth\spNO.192_d_4736,1,V,57,58
spNO.192,j,spNO.192_j_1522,others,3,1522,1530,1555,D:\CASME PROJECT FINAL\CASME3_Dataset\Part_A_ME_clip\Part_A_ME_clip\frame\spNO.192_j_1522,D:\CASME PROJECT FINAL\CASME3_Dataset\Part_A_ME_clip\Part_A_ME_clip\depth\spNO.192_j_1522,14,VII,33,34
spNO.193,a,spNO.193_a_8,disgust,0,8,8,130,D:\CASME PROJECT FINAL\CASME3_Dataset\Part_A_ME_clip\Part_A_ME_clip\frame\spNO.193_a_8,D:\CASME PROJECT FINAL\CASME3_Dataset\Part_A_ME_clip\Part_A_ME_clip\depth\spNO.193_a_8,14,VII,122,123
spNO.193,a,spNO.193_a_583,disgust,0,583,587,592,D:\CASME PROJECT FINAL\CASME3_Dataset\Part_A_ME_clip\Part_A_ME_clip\frame\spNO.193_a_583,D:\CASME PROJECT FINAL\CASME3_Dataset\Part_A_ME_clip\Part_A_ME_clip\depth\spNO.193_a_583,4,III,9,10
spNO.193,e,spNO.193_e_92,fear,0,92,93,98,D:\CASME PROJECT FINAL\CASME3_Dataset\Part_A_ME_clip\Part_A_ME_clip\frame\spNO.193_e_92,D:\CASME PROJECT FINAL\CASME3_Dataset\Part_A_ME_clip\Part_A_ME_clip\depth\spNO.193_e_92,4,III,6,7
spNO.193,e,spNO.193_e_110,fear,0,110,113,117,D:\CASME PROJECT FINAL\CASME3_Dataset\Part_A_ME_clip\Part_A_ME_clip\frame\spNO.193_e_110,D:\CASME PROJECT FINAL\CASME3_Dataset\Part_A_ME_clip\Part_A_ME_clip\depth\spNO.193_e_110,4,III,7,8
spNO.193,e,spNO.193_e_183,fear,0,183,187,191,D:\CASME PROJECT FINAL\CASME3_Dataset\Part_A_ME_clip\Part_A_ME_clip\frame\spNO.193_e_183,D:\CASME PROJECT FINAL\CASME3_Dataset\Part_A_ME_clip\Part_A_ME_clip\depth\spNO.193_e_183,4,III,8,9
spNO.193,e,spNO.193_e_193,fear,0,193,196,199,D:\CASME PROJECT FINAL\CASME3_Dataset\Part_A_ME_clip\Part_A_ME_clip\frame\spNO.193_e_193,D:\CASME PROJECT FINAL\CASME3_Dataset\Part_A_ME_clip\Part_A_ME_clip\depth\spNO.193_e_193,4,III,6,7
spNO.193,f,spNO.193_f_5,others,0,5,5,186,D:\CASME PROJECT FINAL\CASME3_Dataset\Part_A_ME_clip\Part_A_ME_clip\frame\spNO.193_f_5,D:\CASME PROJECT FINAL\CASME3_Dataset\Part_A_ME_clip\Part_A_ME_clip\depth\spNO.193_f_5,14,VII,181,182
spNO.193,g,spNO.193_g_7,others,0,7,7,79,D:\CASME PROJECT FINAL\CASME3_Dataset\Part_A_ME_clip\Part_A_ME_clip\frame\spNO.193_g_7,D:\CASME PROJECT FINAL\CASME3_Dataset\Part_A_ME_clip\Part_A_ME_clip\depth\spNO.193_g_7,14,VII,72,73
spNO.193,h,spNO.193_h_16,sad,0,16,19,21,D:\CASME PROJECT FINAL\CASME3_Dataset\Part_A_ME_clip\Part_A_ME_clip\frame\spNO.193_h_16,D:\CASME PROJECT FINAL\CASME3_Dataset\Part_A_ME_clip\Part_A_ME_clip\depth\spNO.193_h_16,4,III,5,6
spNO.193,m,spNO.193_m_23,disgust,0,23,26,31,D:\CASME PROJECT FINAL\CASME3_Dataset\Part_A_ME_clip\Part_A_ME_clip\frame\spNO.193_m_23,D:\CASME PROJECT FINAL\CASME3_Dataset\Part_A_ME_clip\Part_A_ME_clip\depth\spNO.193_m_23,4,III,8,9
spNO.194,a,spNO.194_a_7,others,4,7,11,37,D:\CASME PROJECT FINAL\CASME3_Dataset\Part_A_ME_clip\Part_A_ME_clip\frame\spNO.194_a_7,D:\CASME PROJECT FINAL\CASME3_Dataset\Part_A_ME_clip\Part_A_ME_clip\depth\spNO.194_a_7,2+1+14,VII,30,31
spNO.194,a,spNO.194_a_561,others,4,561,569,580,D:\CASME PROJECT FINAL\CASME3_Dataset\Part_A_ME_clip\Part_A_ME_clip\frame\spNO.194_a_561,D:\CASME PROJECT FINAL\CASME3_Dataset\Part_A_ME_clip\Part_A_ME_clip\depth\spNO.194_a_561,17,VII,19,20
spNO.194,c,spNO.194_c_2209,surprise,4,2209,2216,2228,D:\CASME PROJECT FINAL\CASME3_Dataset\Part_A_ME_clip\Part_A_ME_clip\frame\spNO.194_c_2209,D:\CASME PROJECT FINAL\CASME3_Dataset\Part_A_ME_clip\Part_A_ME_clip\depth\spNO.194_c_2209,2+1,II,19,20
spNO.194,c,spNO.194_c_2708,others,4,2708,2716,2741,D:\CASME PROJECT FINAL\CASME3_Dataset\Part_A_ME_clip\Part_A_ME_clip\frame\spNO.194_c_2708,D:\CASME PROJECT FINAL\CASME3_Dataset\Part_A_ME_clip\Part_A_ME_clip\depth\spNO.194_c_2708,14,VII,33,34
spNO.194,d,spNO.194_d_1888,disgust,4,1888,1894,1903,D:\CASME PROJECT FINAL\CASME3_Dataset\Part_A_ME_clip\Part_A_ME_clip\frame\spNO.194_d_1888,D:\CASME PROJECT FINAL\CASME3_Dataset\Part_A_ME_clip\Part_A_ME_clip\depth\spNO.194_d_1888,4,III,15,16
spNO.194,f,spNO.194_f_331,others,4,331,339,373,D:\CASME PROJECT FINAL\CASME3_Dataset\Part_A_ME_clip\Part_A_ME_clip\frame\spNO.194_f_331,D:\CASME PROJECT FINAL\CASME3_Dataset\Part_A_ME_clip\Part_A_ME_clip\depth\spNO.194_f_331,14,VII,42,43
spNO.194,g,spNO.194_g_288,sad,4,288,295,303,D:\CASME PROJECT FINAL\CASME3_Dataset\Part_A_ME_clip\Part_A_ME_clip\frame\spNO.194_g_288,D:\CASME PROJECT FINAL\CASME3_Dataset\Part_A_ME_clip\Part_A_ME_clip\depth\spNO.194_g_288,17,VII,15,16
spNO.194,h,spNO.194_h_1427,surprise,4,1427,1433,1444,D:\CASME PROJECT FINAL\CASME3_Dataset\Part_A_ME_clip\Part_A_ME_clip\frame\spNO.194_h_1427,D:\CASME PROJECT FINAL\CASME3_Dataset\Part_A_ME_clip\Part_A_ME_clip\depth\spNO.194_h_1427,2+1,II,17,18
spNO.194,i,spNO.194_i_8,others,4,8,14,20,D:\CASME PROJECT FINAL\CASME3_Dataset\Part_A_ME_clip\Part_A_ME_clip\frame\spNO.194_i_8,D:\CASME PROJECT FINAL\CASME3_Dataset\Part_A_ME_clip\Part_A_ME_clip\depth\spNO.194_i_8,17,VII,12,13
spNO.194,i,spNO.194_i_245,surprise,4,245,253,268,D:\CASME PROJECT FINAL\CASME3_Dataset\Part_A_ME_clip\Part_A_ME_clip\frame\spNO.194_i_245,D:\CASME PROJECT FINAL\CASME3_Dataset\Part_A_ME_clip\Part_A_ME_clip\depth\spNO.194_i_245,2+1,II,23,24
spNO.194,k,spNO.194_k_430,disgust,4,430,438,495,D:\CASME PROJECT FINAL\CASME3_Dataset\Part_A_ME_clip\Part_A_ME_clip\frame\spNO.194_k_430,D:\CASME PROJECT FINAL\CASME3_Dataset\Part_A_ME_clip\Part_A_ME_clip\depth\spNO.194_k_430,7,VII,65,66
spNO.194,m,spNO.194_m_125,surprise,4,125,132,151,D:\CASME PROJECT FINAL\CASME3_Dataset\Part_A_ME_clip\Part_A_ME_clip\frame\spNO.194_m_125,D:\CASME PROJECT FINAL\CASME3_Dataset\Part_A_ME_clip\Part_A_ME_clip\depth\spNO.194_m_125,2+1,II,26,27
spNO.194,m,spNO.194_m_382,surprise,4,382,389,410,D:\CASME PROJECT FINAL\CASME3_Dataset\Part_A_ME_clip\Part_A_ME_clip\frame\spNO.194_m_382,D:\CASME PROJECT FINAL\CASME3_Dataset\Part_A_ME_clip\Part_A_ME_clip\depth\spNO.194_m_382,2+1,II,28,29
spNO.194,m,spNO.194_m_862,surprise,4,862,869,880,D:\CASME PROJECT FINAL\CASME3_Dataset\Part_A_ME_clip\Part_A_ME_clip\frame\spNO.194_m_862,D:\CASME PROJECT FINAL\CASME3_Dataset\Part_A_ME_clip\Part_A_ME_clip\depth\spNO.194_m_862,2+1,II,18,19
spNO.194,m,spNO.194_m_1920,anger,4,1920,1927,1946,D:\CASME PROJECT FINAL\CASME3_Dataset\Part_A_ME_clip\Part_A_ME_clip\frame\spNO.194_m_1920,D:\CASME PROJECT FINAL\CASME3_Dataset\Part_A_ME_clip\Part_A_ME_clip\depth\spNO.194_m_1920,17+14,VII,26,27
spNO.194,m,spNO.194_m_1954,others,4,1954,1957,1971,D:\CASME PROJECT FINAL\CASME3_Dataset\Part_A_ME_clip\Part_A_ME_clip\frame\spNO.194_m_1954,D:\CASME PROJECT FINAL\CASME3_Dataset\Part_A_ME_clip\Part_A_ME_clip\depth\spNO.194_m_1954,17+15,V,17,18
spNO.195,a,spNO.195_a_8,surprise,2,8,8,39,D:\CASME PROJECT FINAL\CASME3_Dataset\Part_A_ME_clip\Part_A_ME_clip\frame\spNO.195_a_8,D:\CASME PROJECT FINAL\CASME3_Dataset\Part_A_ME_clip\Part_A_ME_clip\depth\spNO.195_a_8,14,VII,31,32
spNO.195,h,spNO.195_h_7,others,2,7,7,79,D:\CASME PROJECT FINAL\CASME3_Dataset\Part_A_ME_clip\Part_A_ME_clip\frame\spNO.195_h_7,D:\CASME PROJECT FINAL\CASME3_Dataset\Part_A_ME_clip\Part_A_ME_clip\depth\spNO.195_h_7,14,VII,72,73
spNO.195,i,spNO.195_i_2844,anger,2,2844,2851,2886,D:\CASME PROJECT FINAL\CASME3_Dataset\Part_A_ME_clip\Part_A_ME_clip\frame\spNO.195_i_2844,D:\CASME PROJECT FINAL\CASME3_Dataset\Part_A_ME_clip\Part_A_ME_clip\depth\spNO.195_i_2844,14,VII,42,43
spNO.195,j,spNO.195_j_1109,happy,2,1109,1116,1141,D:\CASME PROJECT FINAL\CASME3_Dataset\Part_A_ME_clip\Part_A_ME_clip\frame\spNO.195_j_1109,D:\CASME PROJECT FINAL\CASME3_Dataset\Part_A_ME_clip\Part_A_ME_clip\depth\spNO.195_j_1109,24,VII,32,33
spNO.195,k,spNO.195_k_7,happy,2,7,7,242,D:\CASME PROJECT FINAL\CASME3_Dataset\Part_A_ME_clip\Part_A_ME_clip\frame\spNO.195_k_7,D:\CASME PROJECT FINAL\CASME3_Dataset\Part_A_ME_clip\Part_A_ME_clip\depth\spNO.195_k_7,14,VII,235,236
spNO.195,k,spNO.195_k_1377,happy,2,1377,1383,1398,D:\CASME PROJECT FINAL\CASME3_Dataset\Part_A_ME_clip\Part_A_ME_clip\frame\spNO.195_k_1377,D:\CASME PROJECT FINAL\CASME3_Dataset\Part_A_ME_clip\Part_A_ME_clip\depth\spNO.195_k_1377,24,VII,21,22
spNO.196,b,spNO.196_b_269,others,0,269,274,291,D:\CASME PROJECT FINAL\CASME3_Dataset\Part_A_ME_clip\Part_A_ME_clip\frame\spNO.196_b_269,D:\CASME PROJECT FINAL\CASME3_Dataset\Part_A_ME_clip\Part_A_ME_clip\depth\spNO.196_b_269,38,VII,22,23
spNO.196,c,spNO.196_c_8,others,0,8,8,39,D:\CASME PROJECT FINAL\CASME3_Dataset\Part_A_ME_clip\Part_A_ME_clip\frame\spNO.196_c_8,D:\CASME PROJECT FINAL\CASME3_Dataset\Part_A_ME_clip\Part_A_ME_clip\depth\spNO.196_c_8,14,VII,31,32
spNO.196,c,spNO.196_c_2331,others,0,2331,2336,2359,D:\CASME PROJECT FINAL\CASME3_Dataset\Part_A_ME_clip\Part_A_ME_clip\frame\spNO.196_c_2331,D:\CASME PROJECT FINAL\CASME3_Dataset\Part_A_ME_clip\Part_A_ME_clip\depth\spNO.196_c_2331,38,VII,28,29
spNO.196,e,spNO.196_e_1382,others,0,1382,1389,1417,D:\CASME PROJECT FINAL\CASME3_Dataset\Part_A_ME_clip\Part_A_ME_clip\frame\spNO.196_e_1382,D:\CASME PROJECT FINAL\CASME3_Dataset\Part_A_ME_clip\Part_A_ME_clip\depth\spNO.196_e_1382,38,VII,35,36
spNO.196,i,spNO.196_i_389,disgust,0,389,393,402,D:\CASME PROJECT FINAL\CASME3_Dataset\Part_A_ME_clip\Part_A_ME_clip\frame\spNO.196_i_389,D:\CASME PROJECT FINAL\CASME3_Dataset\Part_A_ME_clip\Part_A_ME_clip\depth\spNO.196_i_389,4,III,13,14
spNO.196,i,spNO.196_i_643,disgust,0,643,647,662,D:\CASME PROJECT FINAL\CASME3_Dataset\Part_A_ME_clip\Part_A_ME_clip\frame\spNO.196_i_643,D:\CASME PROJECT FINAL\CASME3_Dataset\Part_A_ME_clip\Part_A_ME_clip\depth\spNO.196_i_643,4,III,19,20
spNO.197,a,spNO.197_a_881,disgust,3,881,888,899,D:\CASME PROJECT FINAL\CASME3_Dataset\Part_A_ME_clip\Part_A_ME_clip\frame\spNO.197_a_881,D:\CASME PROJECT FINAL\CASME3_Dataset\Part_A_ME_clip\Part_A_ME_clip\depth\spNO.197_a_881,4,III,18,19
spNO.197,d,spNO.197_d_108,others,3,108,115,128,D:\CASME PROJECT FINAL\CASME3_Dataset\Part_A_ME_clip\Part_A_ME_clip\frame\spNO.197_d_108,D:\CASME PROJECT FINAL\CASME3_Dataset\Part_A_ME_clip\Part_A_ME_clip\depth\spNO.197_d_108,24,VII,20,21
spNO.197,d,spNO.197_d_1686,fear,3,1686,1692,1745,D:\CASME PROJECT FINAL\CASME3_Dataset\Part_A_ME_clip\Part_A_ME_clip\frame\spNO.197_d_1686,D:\CASME PROJECT FINAL\CASME3_Dataset\Part_A_ME_clip\Part_A_ME_clip\depth\spNO.197_d_1686,2+1,II,59,60
spNO.197,h,spNO.197_h_1813,surprise,3,1813,1820,1830,D:\CASME PROJECT FINAL\CASME3_Dataset\Part_A_ME_clip\Part_A_ME_clip\frame\spNO.197_h_1813,D:\CASME PROJECT FINAL\CASME3_Dataset\Part_A_ME_clip\Part_A_ME_clip\depth\spNO.197_h_1813,2+1,II,17,18
spNO.197,i,spNO.197_i_1305,surprise,3,1305,1310,1322,D:\CASME PROJECT FINAL\CASME3_Dataset\Part_A_ME_clip\Part_A_ME_clip\frame\spNO.197_i_1305,D:\CASME PROJECT FINAL\CASME3_Dataset\Part_A_ME_clip\Part_A_ME_clip\depth\spNO.197_i_1305,5,II,17,18
spNO.197,i,spNO.197_i_1809,surprise,3,1809,1813,1821,D:\CASME PROJECT FINAL\CASME3_Dataset\Part_A_ME_clip\Part_A_ME_clip\frame\spNO.197_i_1809,D:\CASME PROJECT FINAL\CASME3_Dataset\Part_A_ME_clip\Part_A_ME_clip\depth\spNO.197_i_1809,5,II,12,13
spNO.197,k,spNO.197_k_543,happy,3,543,548,566,D:\CASME PROJECT FINAL\CASME3_Dataset\Part_A_ME_clip\Part_A_ME_clip\frame\spNO.197_k_543,D:\CASME PROJECT FINAL\CASME3_Dataset\Part_A_ME_clip\Part_A_ME_clip\depth\spNO.197_k_543,24,VII,23,24
spNO.197,k,spNO.197_k_1146,happy,3,1146,1154,1182,D:\CASME PROJECT FINAL\CASME3_Dataset\Part_A_ME_clip\Part_A_ME_clip\frame\spNO.197_k_1146,D:\CASME PROJECT FINAL\CASME3_Dataset\Part_A_ME_clip\Part_A_ME_clip\depth\spNO.197_k_1146,24,VII,36,37
spNO.197,k,spNO.197_k_1950,happy,3,1950,1956,1968,D:\CASME PROJECT FINAL\CASME3_Dataset\Part_A_ME_clip\Part_A_ME_clip\frame\spNO.197_k_1950,D:\CASME PROJECT FINAL\CASME3_Dataset\Part_A_ME_clip\Part_A_ME_clip\depth\spNO.197_k_1950,24,VII,18,19
spNO.197,l,spNO.197_l_662,surprise,3,662,669,674,D:\CASME PROJECT FINAL\CASME3_Dataset\Part_A_ME_clip\Part_A_ME_clip\frame\spNO.197_l_662,D:\CASME PROJECT FINAL\CASME3_Dataset\Part_A_ME_clip\Part_A_ME_clip\depth\spNO.197_l_662,5,II,12,13
spNO.197,l,spNO.197_l_933,surprise,3,933,942,948,D:\CASME PROJECT FINAL\CASME3_Dataset\Part_A_ME_clip\Part_A_ME_clip\frame\spNO.197_l_933,D:\CASME PROJECT FINAL\CASME3_Dataset\Part_A_ME_clip\Part_A_ME_clip\depth\spNO.197_l_933,5,II,15,16
spNO.197,l,spNO.197_l_1995,surprise,3,1995,1998,2004,D:\CASME PROJECT FINAL\CASME3_Dataset\Part_A_ME_clip\Part_A_ME_clip\frame\spNO.197_l_1995,D:\CASME PROJECT FINAL\CASME3_Dataset\Part_A_ME_clip\Part_A_ME_clip\depth\spNO.197_l_1995,5,II,9,10
spNO.197,l,spNO.197_l_3551,surprise,3,3551,3554,3567,D:\CASME PROJECT FINAL\CASME3_Dataset\Part_A_ME_clip\Part_A_ME_clip\frame\spNO.197_l_3551,D:\CASME PROJECT FINAL\CASME3_Dataset\Part_A_ME_clip\Part_A_ME_clip\depth\spNO.197_l_3551,5,II,16,17
spNO.197,m,spNO.197_m_324,surprise,3,324,331,343,D:\CASME PROJECT FINAL\CASME3_Dataset\Part_A_ME_clip\Part_A_ME_clip\frame\spNO.197_m_324,D:\CASME PROJECT FINAL\CASME3_Dataset\Part_A_ME_clip\Part_A_ME_clip\depth\spNO.197_m_324,5,II,19,20
spNO.197,m,spNO.197_m_431,disgust,3,431,437,460,D:\CASME PROJECT FINAL\CASME3_Dataset\Part_A_ME_clip\Part_A_ME_clip\frame\spNO.197_m_431,D:\CASME PROJECT FINAL\CASME3_Dataset\Part_A_ME_clip\Part_A_ME_clip\depth\spNO.197_m_431,4,III,29,30
spNO.198,f,spNO.198_f_54,others,4,54,62,72,D:\CASME PROJECT FINAL\CASME3_Dataset\Part_A_ME_clip\Part_A_ME_clip\frame\spNO.198_f_54,D:\CASME PROJECT FINAL\CASME3_Dataset\Part_A_ME_clip\Part_A_ME_clip\depth\spNO.198_f_54,2+1,II,18,19
spNO.2,a,spNO.2_a_237,surprise,4,237,241,258,D:\CASME PROJECT FINAL\CASME3_Dataset\Part_A_ME_clip\Part_A_ME_clip\frame\spNO.2_a_237,D:\CASME PROJECT FINAL\CASME3_Dataset\Part_A_ME_clip\Part_A_ME_clip\depth\spNO.2_a_237,5,II,21,22
spNO.2,b,spNO.2_b_106,others,4,106,110,149,D:\CASME PROJECT FINAL\CASME3_Dataset\Part_A_ME_clip\Part_A_ME_clip\frame\spNO.2_b_106,D:\CASME PROJECT FINAL\CASME3_Dataset\Part_A_ME_clip\Part_A_ME_clip\depth\spNO.2_b_106,14,VII,43,44
spNO.2,c,spNO.2_c_615,fear,4,615,620,656,D:\CASME PROJECT FINAL\CASME3_Dataset\Part_A_ME_clip\Part_A_ME_clip\frame\spNO.2_c_615,D:\CASME PROJECT FINAL\CASME3_Dataset\Part_A_ME_clip\Part_A_ME_clip\depth\spNO.2_c_615,4,III,41,42
spNO.2,c,spNO.2_c_2793,fear,4,2793,2797,2810,D:\CASME PROJECT FINAL\CASME3_Dataset\Part_A_ME_clip\Part_A_ME_clip\frame\spNO.2_c_2793,D:\CASME PROJECT FINAL\CASME3_Dataset\Part_A_ME_clip\Part_A_ME_clip\depth\spNO.2_c_2793,4,III,17,18
spNO.2,d,spNO.2_d_1101,fear,4,1101,1107,1129,D:\CASME PROJECT FINAL\CASME3_Dataset\Part_A_ME_clip\Part_A_ME_clip\frame\spNO.2_d_1101,D:\CASME PROJECT FINAL\CASME3_Dataset\Part_A_ME_clip\Part_A_ME_clip\depth\spNO.2_d_1101,38,VII,28,29
spNO.2,d,spNO.2_d_1595,others,4,1595,1600,1650,D:\CASME PROJECT FINAL\CASME3_Dataset\Part_A_ME_clip\Part_A_ME_clip\frame\spNO.2_d_1595,D:\CASME PROJECT FINAL\CASME3_Dataset\Part_A_ME_clip\Part_A_ME_clip\depth\spNO.2_d_1595,38,VII,55,56
spNO.2,e,spNO.2_e_138,surprise,4,138,143,148,D:\CASME PROJECT FINAL\CASME3_Dataset\Part_A_ME_clip\Part_A_ME_clip\frame\spNO.2_e_138,D:\CASME PROJECT FINAL\CASME3_Dataset\Part_A_ME_clip\Part_A_ME_clip\depth\spNO.2_e_138,1,V,10,11
spNO.2,g,spNO.2_g_4,happy,4,4,4,74,D:\CASME PROJECT FINAL\CASME3_Dataset\Part_A_ME_clip\Part_A_ME_clip\frame\spNO.2_g_4,D:\CASME PROJECT FINAL\CASME3_Dataset\Part_A_ME_clip\Part_A_ME_clip\depth\spNO.2_g_4,14,VII,70,71
spNO.2,j,spNO.2_j_7,happy,4,7,7,408,D:\CASME PROJECT FINAL\CASME3_Dataset\Part_A_ME_clip\Part_A_ME_clip\frame\spNO.2_j_7,D:\CASME PROJECT FINAL\CASME3_Dataset\Part_A_ME_clip\Part_A_ME_clip\depth\spNO.2_j_7,38,VII,401,402
spNO.2,k,spNO.2_k_185,surprise,4,185,191,200,D:\CASME PROJECT FINAL\CASME3_Dataset\Part_A_ME_clip\Part_A_ME_clip\frame\spNO.2_k_185,D:\CASME PROJECT FINAL\CASME3_Dataset\Part_A_ME_clip\Part_A_ME_clip\depth\spNO.2_k_185,L2+L1,II,15,16
spNO.200,b,spNO.200_b_226,surprise,1,226,233,255,D:\CASME PROJECT FINAL\CASME3_Dataset\Part_A_ME_clip\Part_A_ME_clip\frame\spNO.200_b_226,D:\CASME PROJECT FINAL\CASME3_Dataset\Part_A_ME_clip\Part_A_ME_clip\depth\spNO.200_b_226,2+1,II,29,30
spNO.200,b,spNO.200_b_518,fear,1,518,524,533,D:\CASME PROJECT FINAL\CASME3_Dataset\Part_A_ME_clip\Part_A_ME_clip\frame\spNO.200_b_518,D:\CASME PROJECT FINAL\CASME3_Dataset\Part_A_ME_clip\Part_A_ME_clip\depth\spNO.200_b_518,9,IV,15,16
spNO.200,g,spNO.200_g_1942,anger,1,1942,1947,1961,D:\CASME PROJECT FINAL\CASME3_Dataset\Part_A_ME_clip\Part_A_ME_clip\frame\spNO.200_g_1942,D:\CASME PROJECT FINAL\CASME3_Dataset\Part_A_ME_clip\Part_A_ME_clip\depth\spNO.200_g_1942,7,VII,19,20
spNO.200,k,spNO.200_k_387,happy,1,387,395,414,D:\CASME PROJECT FINAL\CASME3_Dataset\Part_A_ME_clip\Part_A_ME_clip\frame\spNO.200_k_387,D:\CASME PROJECT FINAL\CASME3_Dataset\Part_A_ME_clip\Part_A_ME_clip\depth\spNO.200_k_387,17,VII,27,28
spNO.200,m,spNO.200_m_101,anger,1,101,109,150,D:\CASME PROJECT FINAL\CASME3_Dataset\Part_A_ME_clip\Part_A_ME_clip\frame\spNO.200_m_101,D:\CASME PROJECT FINAL\CASME3_Dataset\Part_A_ME_clip\Part_A_ME_clip\depth\spNO.200_m_101,2+1+14,VII,49,50
spNO.201,c,spNO.201_c_7,surprise,2,7,7,23,D:\CASME PROJECT FINAL\CASME3_Dataset\Part_A_ME_clip\Part_A_ME_clip\frame\spNO.201_c_7,D:\CASME PROJECT FINAL\CASME3_Dataset\Part_A_ME_clip\Part_A_ME_clip\depth\spNO.201_c_7,2+1+5,VII,16,17
spNO.201,c,spNO.201_c_1698,surprise,2,1698,1703,1722,D:\CASME PROJECT FINAL\CASME3_Dataset\Part_A_ME_clip\Part_A_ME_clip\frame\spNO.201_c_1698,D:\CASME PROJECT FINAL\CASME3_Dataset\Part_A_ME_clip\Part_A_ME_clip\depth\spNO.201_c_1698,2+1,II,24,25
spNO.201,e,spNO.201_e_596,surprise,2,596,601,607,D:\CASME PROJECT FINAL\CASME3_Dataset\Part_A_ME_clip\Part_A_ME_clip\frame\spNO.201_e_596,D:\CASME PROJECT FINAL\CASME3_Dataset\Part_A_ME_clip\Part_A_ME_clip\depth\spNO.201_e_596,2+1,II,11,12
spNO.201,e,spNO.201_e_1900,surprise,2,1900,1905,1911,D:\CASME PROJECT FINAL\CASME3_Dataset\Part_A_ME_clip\Part_A_ME_clip\frame\spNO.201_e_1900,D:\CASME PROJECT FINAL\CASME3_Dataset\Part_A_ME_clip\Part_A_ME_clip\depth\spNO.201_e_1900,2+1,II,11,12
spNO.201,g,spNO.201_g_165,surprise,2,165,170,175,D:\CASME PROJECT FINAL\CASME3_Dataset\Part_A_ME_clip\Part_A_ME_clip\frame\spNO.201_g_165,D:\CASME PROJECT FINAL\CASME3_Dataset\Part_A_ME_clip\Part_A_ME_clip\depth\spNO.201_g_165,2+1,II,10,11
spNO.201,i,spNO.201_i_61,others,2,61,64,66,D:\CASME PROJECT FINAL\CASME3_Dataset\Part_A_ME_clip\Part_A_ME_clip\frame\spNO.201_i_61,D:\CASME PROJECT FINAL\CASME3_Dataset\Part_A_ME_clip\Part_A_ME_clip\depth\spNO.201_i_61,18,VII,5,6
spNO.201,j,spNO.201_j_1759,happy,2,1759,1767,1778,D:\CASME PROJECT FINAL\CASME3_Dataset\Part_A_ME_clip\Part_A_ME_clip\frame\spNO.201_j_1759,D:\CASME PROJECT FINAL\CASME3_Dataset\Part_A_ME_clip\Part_A_ME_clip\depth\spNO.201_j_1759,4,III,19,20
spNO.201,m,spNO.201_m_360,surprise,2,360,364,369,D:\CASME PROJECT FINAL\CASME3_Dataset\Part_A_ME_clip\Part_A_ME_clip\frame\spNO.201_m_360,D:\CASME PROJECT FINAL\CASME3_Dataset\Part_A_ME_clip\Part_A_ME_clip\depth\spNO.201_m_360,2+1,II,9,10
spNO.201,m,spNO.201_m_381,surprise,2,381,388,397,D:\CASME PROJECT FINAL\CASME3_Dataset\Part_A_ME_clip\Part_A_ME_clip\frame\spNO.201_m_381,D:\CASME PROJECT FINAL\CASME3_Dataset\Part_A_ME_clip\Part_A_ME_clip\depth\spNO.201_m_381,2+1,II,16,17
spNO.201,m,spNO.201_m_1174,disgust,2,1174,1178,1205,D:\CASME PROJECT FINAL\CASME3_Dataset\Part_A_ME_clip\Part_A_ME_clip\frame\spNO.201_m_1174,D:\CASME PROJECT FINAL\CASME3_Dataset\Part_A_ME_clip\Part_A_ME_clip\depth\spNO.201_m_1174,4,III,31,32
spNO.202,b,spNO.202_b_65,surprise,2,65,71,79,D:\CASME PROJECT FINAL\CASME3_Dataset\Part_A_ME_clip\Part_A_ME_clip\frame\spNO.202_b_65,D:\CASME PROJECT FINAL\CASME3_Dataset\Part_A_ME_clip\Part_A_ME_clip\depth\spNO.202_b_65,16,VII,14,15
spNO.202,e,spNO.202_e_7,others,2,7,7,487,D:\CASME PROJECT FINAL\CASME3_Dataset\Part_A_ME_clip\Part_A_ME_clip\frame\spNO.202_e_7,D:\CASME PROJECT FINAL\CASME3_Dataset\Part_A_ME_clip\Part_A_ME_clip\depth\spNO.202_e_7,14,VII,480,481
spNO.202,f,spNO.202_f_7,fear,2,7,7,45,D:\CASME PROJECT FINAL\CASME3_Dataset\Part_A_ME_clip\Part_A_ME_clip\frame\spNO.202_f_7,D:\CASME PROJECT FINAL\CASME3_Dataset\Part_A_ME_clip\Part_A_ME_clip\depth\spNO.202_f_7,14,VII,38,39
spNO.202,f,spNO.202_f_45,surprise,2,45,52,60,D:\CASME PROJECT FINAL\CASME3_Dataset\Part_A_ME_clip\Part_A_ME_clip\frame\spNO.202_f_45,D:\CASME PROJECT FINAL\CASME3_Dataset\Part_A_ME_clip\Part_A_ME_clip\depth\spNO.202_f_45,16,VII,15,16
spNO.202,g,spNO.202_g_393,disgust,2,393,396,401,D:\CASME PROJECT FINAL\CASME3_Dataset\Part_A_ME_clip\Part_A_ME_clip\frame\spNO.202_g_393,D:\CASME PROJECT FINAL\CASME3_Dataset\Part_A_ME_clip\Part_A_ME_clip\depth\spNO.202_g_393,4,III,8,9
spNO.202,j,spNO.202_j_78,happy,2,78,86,111,D:\CASME PROJECT FINAL\CASME3_Dataset\Part_A_ME_clip\Part_A_ME_clip\frame\spNO.202_j_78,D:\CASME PROJECT FINAL\CASME3_Dataset\Part_A_ME_clip\Part_A_ME_clip\depth\spNO.202_j_78,14,VII,33,34
spNO.202,j,spNO.202_j_570,happy,2,570,577,611,D:\CASME PROJECT FINAL\CASME3_Dataset\Part_A_ME_clip\Part_A_ME_clip\frame\spNO.202_j_570,D:\CASME PROJECT FINAL\CASME3_Dataset\Part_A_ME_clip\Part_A_ME_clip\depth\spNO.202_j_570,14,VII,41,42
spNO.202,k,spNO.202_k_7,others,2,7,7,96,D:\CASME PROJECT FINAL\CASME3_Dataset\Part_A_ME_clip\Part_A_ME_clip\frame\spNO.202_k_7,D:\CASME PROJECT FINAL\CASME3_Dataset\Part_A_ME_clip\Part_A_ME_clip\depth\spNO.202_k_7,14,VII,89,90
spNO.202,l,spNO.202_l_7,others,2,7,7,22,D:\CASME PROJECT FINAL\CASME3_Dataset\Part_A_ME_clip\Part_A_ME_clip\frame\spNO.202_l_7,D:\CASME PROJECT FINAL\CASME3_Dataset\Part_A_ME_clip\Part_A_ME_clip\depth\spNO.202_l_7,14,VII,15,16
spNO.202,l,spNO.202_l_3267,surprise,2,3267,3271,3283,D:\CASME PROJECT FINAL\CASME3_Dataset\Part_A_ME_clip\Part_A_ME_clip\frame\spNO.202_l_3267,D:\CASME PROJECT FINAL\CASME3_Dataset\Part_A_ME_clip\Part_A_ME_clip\depth\spNO.202_l_3267,16,VII,16,17
spNO.203,d,spNO.203_d_7,fear,0,7,7,195,D:\CASME PROJECT FINAL\CASME3_Dataset\Part_A_ME_clip\Part_A_ME_clip\frame\spNO.203_d_7,D:\CASME PROJECT FINAL\CASME3_Dataset\Part_A_ME_clip\Part_A_ME_clip\depth\spNO.203_d_7,14,VII,188,189
spNO.203,d,spNO.203_d_2067,surprise,0,2067,2074,2120,D:\CASME PROJECT FINAL\CASME3_Dataset\Part_A_ME_clip\Part_A_ME_clip\frame\spNO.203_d_2067,D:\CASME PROJECT FINAL\CASME3_Dataset\Part_A_ME_clip\Part_A_ME_clip\depth\spNO.203_d_2067,2+1,II,53,54
spNO.203,e,spNO.203_e_6,others,0,6,6,49,D:\CASME PROJECT FINAL\CASME3_Dataset\Part_A_ME_clip\Part_A_ME_clip\frame\spNO.203_e_6,D:\CASME PROJECT FINAL\CASME3_Dataset\Part_A_ME_clip\Part_A_ME_clip\depth\spNO.203_e_6,14,VII,43,44
spNO.203,g,spNO.203_g_111,sad,0,111,119,142,D:\CASME PROJECT FINAL\CASME3_Dataset\Part_A_ME_clip\Part_A_ME_clip\frame\spNO.203_g_111,D:\CASME PROJECT FINAL\CASME3_Dataset\Part_A_ME_clip\Part_A_ME_clip\depth\spNO.203_g_111,14,VII,31,32
spNO.203,h,spNO.203_h_2161,sad,0,2161,2169,2196,D:\CASME PROJECT FINAL\CASME3_Dataset\Part_A_ME_clip\Part_A_ME_clip\frame\spNO.203_h_2161,D:\CASME PROJECT FINAL\CASME3_Dataset\Part_A_ME_clip\Part_A_ME_clip\depth\spNO.203_h_2161,17,VII,35,36
spNO.203,i,spNO.203_i_5,anger,0,5,5,198,D:\CASME PROJECT FINAL\CASME3_Dataset\Part_A_ME_clip\Part_A_ME_clip\frame\spNO.203_i_5,D:\CASME PROJECT FINAL\CASME3_Dataset\Part_A_ME_clip\Part_A_ME_clip\depth\spNO.203_i_5,14,VII,193,194
spNO.204,a,spNO.204_a_513,surprise,3,513,521,535,D:\CASME PROJECT FINAL\CASME3_Dataset\Part_A_ME_clip\Part_A_ME_clip\frame\spNO.204_a_513,D:\CASME PROJECT FINAL\CASME3_Dataset\Part_A_ME_clip\Part_A_ME_clip\depth\spNO.204_a_513,5,II,22,23
spNO.204,a,spNO.204_a_606,disgust,3,606,612,635,D:\CASME PROJECT FINAL\CASME3_Dataset\Part_A_ME_clip\Part_A_ME_clip\frame\spNO.204_a_606,D:\CASME PROJECT FINAL\CASME3_Dataset\Part_A_ME_clip\Part_A_ME_clip\depth\spNO.204_a_606,4,III,29,30
spNO.204,b,spNO.204_b_276,disgust,3,276,284,298,D:\CASME PROJECT FINAL\CASME3_Dataset\Part_A_ME_clip\Part_A_ME_clip\frame\spNO.204_b_276,D:\CASME PROJECT FINAL\CASME3_Dataset\Part_A_ME_clip\Part_A_ME_clip\depth\spNO.204_b_276,14,VII,22,23
spNO.204,b,spNO.204_b_670,disgust,3,670,678,698,D:\CASME PROJECT FINAL\CASME3_Dataset\Part_A_ME_clip\Part_A_ME_clip\frame\spNO.204_b_670,D:\CASME PROJECT FINAL\CASME3_Dataset\Part_A_ME_clip\Part_A_ME_clip\depth\spNO.204_b_670,14,VII,28,29
spNO.204,e,spNO.204_e_1651,others,3,1651,1659,1679,D:\CASME PROJECT FINAL\CASME3_Dataset\Part_A_ME_clip\Part_A_ME_clip\frame\spNO.204_e_1651,D:\CASME PROJECT FINAL\CASME3_Dataset\Part_A_ME_clip\Part_A_ME_clip\depth\spNO.204_e_1651,38,VII,28,29
spNO.204,j,spNO.204_j_500,surprise,3,500,503,516,D:\CASME PROJECT FINAL\CASME3_Dataset\Part_A_ME_clip\Part_A_ME_clip\frame\spNO.204_j_500,D:\CASME PROJECT FINAL\CASME3_Dataset\Part_A_ME_clip\Part_A_ME_clip\depth\spNO.204_j_500,5,II,16,17
spNO.204,j,spNO.204_j_697,surprise,3,697,701,706,D:\CASME PROJECT FINAL\CASME3_Dataset\Part_A_ME_clip\Part_A_ME_clip\frame\spNO.204_j_697,D:\CASME PROJECT FINAL\CASME3_Dataset\Part_A_ME_clip\Part_A_ME_clip\depth\spNO.204_j_697,5,II,9,10
spNO.204,k,spNO.204_k_721,happy,3,721,727,777,D:\CASME PROJECT FINAL\CASME3_Dataset\Part_A_ME_clip\Part_A_ME_clip\frame\spNO.204_k_721,D:\CASME PROJECT FINAL\CASME3_Dataset\Part_A_ME_clip\Part_A_ME_clip\depth\spNO.204_k_721,14,VII,56,57
spNO.204,m,spNO.204_m_2679,anger,3,2679,2685,2695,D:\CASME PROJECT FINAL\CASME3_Dataset\Part_A_ME_clip\Part_A_ME_clip\frame\spNO.204_m_2679,D:\CASME PROJECT FINAL\CASME3_Dataset\Part_A_ME_clip\Part_A_ME_clip\depth\spNO.204_m_2679,14,VII,16,17
spNO.206,a,spNO.206_a_10,others,3,10,17,24,D:\CASME PROJECT FINAL\CASME3_Dataset\Part_A_ME_clip\Part_A_ME_clip\frame\spNO.206_a_10,D:\CASME PROJECT FINAL\CASME3_Dataset\Part_A_ME_clip\Part_A_ME_clip\depth\spNO.206_a_10,1,V,14,15
spNO.206,a,spNO.206_a_117,surprise,3,117,124,146,D:\CASME PROJECT FINAL\CASME3_Dataset\Part_A_ME_clip\Part_A_ME_clip\frame\spNO.206_a_117,D:\CASME PROJECT FINAL\CASME3_Dataset\Part_A_ME_clip\Part_A_ME_clip\depth\spNO.206_a_117,1+2,II,29,30
spNO.206,c,spNO.206_c_69,others,3,69,75,80,D:\CASME PROJECT FINAL\CASME3_Dataset\Part_A_ME_clip\Part_A_ME_clip\frame\spNO.206_c_69,D:\CASME PROJECT FINAL\CASME3_Dataset\Part_A_ME_clip\Part_A_ME_clip\depth\spNO.206_c_69,1+4,V,11,12
spNO.206,e,spNO.206_e_338,surprise,3,338,346,358,D:\CASME PROJECT FINAL\CASME3_Dataset\Part_A_ME_clip\Part_A_ME_clip\frame\spNO.206_e_338,D:\CASME PROJECT FINAL\CASME3_Dataset\Part_A_ME_clip\Part_A_ME_clip\depth\spNO.206_e_338,R1+R2,II,20,21
spNO.206,e,spNO.206_e_1133,surprise,3,1133,1138,1142,D:\CASME PROJECT FINAL\CASME3_Dataset\Part_A_ME_clip\Part_A_ME_clip\frame\spNO.206_e_1133,D:\CASME PROJECT FINAL\CASME3_Dataset\Part_A_ME_clip\Part_A_ME_clip\depth\spNO.206_e_1133,5,II,9,10
spNO.206,f,spNO.206_f_31,surprise,3,31,37,46,D:\CASME PROJECT FINAL\CASME3_Dataset\Part_A_ME_clip\Part_A_ME_clip\frame\spNO.206_f_31,D:\CASME PROJECT FINAL\CASME3_Dataset\Part_A_ME_clip\Part_A_ME_clip\depth\spNO.206_f_31,1+2,II,15,16
spNO.206,f,spNO.206_f_117,surprise,3,117,122,141,D:\CASME PROJECT FINAL\CASME3_Dataset\Part_A_ME_clip\Part_A_ME_clip\frame\spNO.206_f_117,D:\CASME PROJECT FINAL\CASME3_Dataset\Part_A_ME_clip\Part_A_ME_clip\depth\spNO.206_f_117,1+2+5,VII,24,25
spNO.206,g,spNO.206_g_76,surprise,3,76,83,108,D:\CASME PROJECT FINAL\CASME3_Dataset\Part_A_ME_clip\Part_A_ME_clip\frame\spNO.206_g_76,D:\CASME PROJECT FINAL\CASME3_Dataset\Part_A_ME_clip\Part_A_ME_clip\depth\spNO.206_g_76,1+2,II,32,33
spNO.206,g,spNO.206_g_113,surprise,3,113,121,138,D:\CASME PROJECT FINAL\CASME3_Dataset\Part_A_ME_clip\Part_A_ME_clip\frame\spNO.206_g_113,D:\CASME PROJECT FINAL\CASME3_Dataset\Part_A_ME_clip\Part_A_ME_clip\depth\spNO.206_g_113,2+1,II,25,26
spNO.206,h,spNO.206_h_35,surprise,3,35,40,46,D:\CASME PROJECT FINAL\CASME3_Dataset\Part_A_ME_clip\Part_A_ME_clip\frame\spNO.206_h_35,D:\CASME PROJECT FINAL\CASME3_Dataset\Part_A_ME_clip\Part_A_ME_clip\depth\spNO.206_h_35,R2+R1,II,11,12
spNO.206,h,spNO.206_h_75,surprise,3,75,79,90,D:\CASME PROJECT FINAL\CASME3_Dataset\Part_A_ME_clip\Part_A_ME_clip\frame\spNO.206_h_75,D:\CASME PROJECT FINAL\CASME3_Dataset\Part_A_ME_clip\Part_A_ME_clip\depth\spNO.206_h_75,R2+R1,II,15,16
spNO.206,h,spNO.206_h_95,surprise,3,95,101,116,D:\CASME PROJECT FINAL\CASME3_Dataset\Part_A_ME_clip\Part_A_ME_clip\frame\spNO.206_h_95,D:\CASME PROJECT FINAL\CASME3_Dataset\Part_A_ME_clip\Part_A_ME_clip\depth\spNO.206_h_95,R2+R1,II,21,22
spNO.206,h,spNO.206_h_336,sad,3,336,339,343,D:\CASME PROJECT FINAL\CASME3_Dataset\Part_A_ME_clip\Part_A_ME_clip\frame\spNO.206_h_336,D:\CASME PROJECT FINAL\CASME3_Dataset\Part_A_ME_clip\Part_A_ME_clip\depth\spNO.206_h_336,1,V,7,8
spNO.206,j,spNO.206_j_19,surprise,3,19,25,30,D:\CASME PROJECT FINAL\CASME3_Dataset\Part_A_ME_clip\Part_A_ME_clip\frame\spNO.206_j_19,D:\CASME PROJECT FINAL\CASME3_Dataset\Part_A_ME_clip\Part_A_ME_clip\depth\spNO.206_j_19,R2,VII,11,12
spNO.206,k,spNO.206_k_1588,surprise,3,1588,1594,1601,D:\CASME PROJECT FINAL\CASME3_Dataset\Part_A_ME_clip\Part_A_ME_clip\frame\spNO.206_k_1588,D:\CASME PROJECT FINAL\CASME3_Dataset\Part_A_ME_clip\Part_A_ME_clip\depth\spNO.206_k_1588,1,V,13,14
spNO.206,l,spNO.206_l_2601,sad,3,2601,2608,2613,D:\CASME PROJECT FINAL\CASME3_Dataset\Part_A_ME_clip\Part_A_ME_clip\frame\spNO.206_l_2601,D:\CASME PROJECT FINAL\CASME3_Dataset\Part_A_ME_clip\Part_A_ME_clip\depth\spNO.206_l_2601,1,V,12,13
spNO.206,m,spNO.206_m_277,surprise,3,277,283,300,D:\CASME PROJECT FINAL\CASME3_Dataset\Part_A_ME_clip\Part_A_ME_clip\frame\spNO.206_m_277,D:\CASME PROJECT FINAL\CASME3_Dataset\Part_A_ME_clip\Part_A_ME_clip\depth\spNO.206_m_277,1+2,II,23,24
spNO.207,c,spNO.207_c_5,others,3,5,5,38,D:\CASME PROJECT FINAL\CASME3_Dataset\Part_A_ME_clip\Part_A_ME_clip\frame\spNO.207_c_5,D:\CASME PROJECT FINAL\CASME3_Dataset\Part_A_ME_clip\Part_A_ME_clip\depth\spNO.207_c_5,4,III,33,34
spNO.207,c,spNO.207_c_100,others,3,100,107,143,D:\CASME PROJECT FINAL\CASME3_Dataset\Part_A_ME_clip\Part_A_ME_clip\frame\spNO.207_c_100,D:\CASME PROJECT FINAL\CASME3_Dataset\Part_A_ME_clip\Part_A_ME_clip\depth\spNO.207_c_100,24+14,VII,43,44
spNO.207,c,spNO.207_c_366,disgust,3,366,372,380,D:\CASME PROJECT FINAL\CASME3_Dataset\Part_A_ME_clip\Part_A_ME_clip\frame\spNO.207_c_366,D:\CASME PROJECT FINAL\CASME3_Dataset\Part_A_ME_clip\Part_A_ME_clip\depth\spNO.207_c_366,4,III,14,15
spNO.207,e,spNO.207_e_404,disgust,3,404,410,414,D:\CASME PROJECT FINAL\CASME3_Dataset\Part_A_ME_clip\Part_A_ME_clip\frame\spNO.207_e_404,D:\CASME PROJECT FINAL\CASME3_Dataset\Part_A_ME_clip\Part_A_ME_clip\depth\spNO.207_e_404,4,III,10,11
spNO.207,h,spNO.207_h_98,sad,3,98,106,127,D:\CASME PROJECT FINAL\CASME3_Dataset\Part_A_ME_clip\Part_A_ME_clip\frame\spNO.207_h_98,D:\CASME PROJECT FINAL\CASME3_Dataset\Part_A_ME_clip\Part_A_ME_clip\depth\spNO.207_h_98,7,VII,29,30
spNO.207,j,spNO.207_j_24,disgust,3,24,30,48,D:\CASME PROJECT FINAL\CASME3_Dataset\Part_A_ME_clip\Part_A_ME_clip\frame\spNO.207_j_24,D:\CASME PROJECT FINAL\CASME3_Dataset\Part_A_ME_clip\Part_A_ME_clip\depth\spNO.207_j_24,4,III,24,25
spNO.207,l,spNO.207_l_3698,disgust,3,3698,3706,3726,D:\CASME PROJECT FINAL\CASME3_Dataset\Part_A_ME_clip\Part_A_ME_clip\frame\spNO.207_l_3698,D:\CASME PROJECT FINAL\CASME3_Dataset\Part_A_ME_clip\Part_A_ME_clip\depth\spNO.207_l_3698,4,III,28,29
spNO.207,l,spNO.207_l_3948,disgust,3,3948,3951,3971,D:\CASME PROJECT FINAL\CASME3_Dataset\Part_A_ME_clip\Part_A_ME_clip\frame\spNO.207_l_3948,D:\CASME PROJECT FINAL\CASME3_Dataset\Part_A_ME_clip\Part_A_ME_clip\depth\spNO.207_l_3948,4,III,23,24
spNO.207,m,spNO.207_m_26,disgust,3,26,34,48,D:\CASME PROJECT FINAL\CASME3_Dataset\Part_A_ME_clip\Part_A_ME_clip\frame\spNO.207_m_26,D:\CASME PROJECT FINAL\CASME3_Dataset\Part_A_ME_clip\Part_A_ME_clip\depth\spNO.207_m_26,24+T18+16,VII,22,23
spNO.208,c,spNO.208_c_1706,disgust,0,1706,1714,1739,D:\CASME PROJECT FINAL\CASME3_Dataset\Part_A_ME_clip\Part_A_ME_clip\frame\spNO.208_c_1706,D:\CASME PROJECT FINAL\CASME3_Dataset\Part_A_ME_clip\Part_A_ME_clip\depth\spNO.208_c_1706,4,III,33,34
spNO.208,c,spNO.208_c_1830,surprise,0,1830,1838,1854,D:\CASME PROJECT FINAL\CASME3_Dataset\Part_A_ME_clip\Part_A_ME_clip\frame\spNO.208_c_1830,D:\CASME PROJECT FINAL\CASME3_Dataset\Part_A_ME_clip\Part_A_ME_clip\depth\spNO.208_c_1830,4+R12,VII,24,25
spNO.208,c,spNO.208_c_1898,surprise,0,1898,1906,1929,D:\CASME PROJECT FINAL\CASME3_Dataset\Part_A_ME_clip\Part_A_ME_clip\frame\spNO.208_c_1898,D:\CASME PROJECT FINAL\CASME3_Dataset\Part_A_ME_clip\Part_A_ME_clip\depth\spNO.208_c_1898,4,III,31,32
spNO.208,c,spNO.208_c_1971,surprise,0,1971,1979,1994,D:\CASME PROJECT FINAL\CASME3_Dataset\Part_A_ME_clip\Part_A_ME_clip\frame\spNO.208_c_1971,D:\CASME PROJECT FINAL\CASME3_Dataset\Part_A_ME_clip\Part_A_ME_clip\depth\spNO.208_c_1971,4,III,23,24
spNO.208,d,spNO.208_d_1013,surprise,0,1013,1020,1028,D:\CASME PROJECT FINAL\CASME3_Dataset\Part_A_ME_clip\Part_A_ME_clip\frame\spNO.208_d_1013,D:\CASME PROJECT FINAL\CASME3_Dataset\Part_A_ME_clip\Part_A_ME_clip\depth\spNO.208_d_1013,5,II,15,16
spNO.208,d,spNO.208_d_2139,surprise,0,2139,2144,2147,D:\CASME PROJECT FINAL\CASME3_Dataset\Part_A_ME_clip\Part_A_ME_clip\frame\spNO.208_d_2139,D:\CASME PROJECT FINAL\CASME3_Dataset\Part_A_ME_clip\Part_A_ME_clip\depth\spNO.208_d_2139,5,II,8,9
spNO.208,e,spNO.208_e_937,surprise,0,937,947,952,D:\CASME PROJECT FINAL\CASME3_Dataset\Part_A_ME_clip\Part_A_ME_clip\frame\spNO.208_e_937,D:\CASME PROJECT FINAL\CASME3_Dataset\Part_A_ME_clip\Part_A_ME_clip\depth\spNO.208_e_937,5,II,15,16
spNO.208,e,spNO.208_e_1267,surprise,0,1267,1273,1293,D:\CASME PROJECT FINAL\CASME3_Dataset\Part_A_ME_clip\Part_A_ME_clip\frame\spNO.208_e_1267,D:\CASME PROJECT FINAL\CASME3_Dataset\Part_A_ME_clip\Part_A_ME_clip\depth\spNO.208_e_1267,5,II,26,27
spNO.208,e,spNO.208_e_1757,surprise,0,1757,1764,1777,D:\CASME PROJECT FINAL\CASME3_Dataset\Part_A_ME_clip\Part_A_ME_clip\frame\spNO.208_e_1757,D:\CASME PROJECT FINAL\CASME3_Dataset\Part_A_ME_clip\Part_A_ME_clip\depth\spNO.208_e_1757,5,II,20,21
spNO.208,f,spNO.208_f_1744,disgust,0,1744,1751,1764,D:\CASME PROJECT FINAL\CASME3_Dataset\Part_A_ME_clip\Part_A_ME_clip\frame\spNO.208_f_1744,D:\CASME PROJECT FINAL\CASME3_Dataset\Part_A_ME_clip\Part_A_ME_clip\depth\spNO.208_f_1744,4,III,20,21
spNO.208,m,spNO.208_m_47,surprise,0,47,51,55,D:\CASME PROJECT FINAL\CASME3_Dataset\Part_A_ME_clip\Part_A_ME_clip\frame\spNO.208_m_47,D:\CASME PROJECT FINAL\CASME3_Dataset\Part_A_ME_clip\Part_A_ME_clip\depth\spNO.208_m_47,R2+R1,II,8,9
spNO.208,m,spNO.208_m_178,disgust,0,178,183,198,D:\CASME PROJECT FINAL\CASME3_Dataset\Part_A_ME_clip\Part_A_ME_clip\frame\spNO.208_m_178,D:\CASME PROJECT FINAL\CASME3_Dataset\Part_A_ME_clip\Part_A_ME_clip\depth\spNO.208_m_178,4,III,20,21
spNO.208,m,spNO.208_m_608,disgust,0,608,616,641,D:\CASME PROJECT FINAL\CASME3_Dataset\Part_A_ME_clip\Part_A_ME_clip\frame\spNO.208_m_608,D:\CASME PROJECT FINAL\CASME3_Dataset\Part_A_ME_clip\Part_A_ME_clip\depth\spNO.208_m_608,4,III,33,34
spNO.208,m,spNO.208_m_1272,disgust,0,1272,1280,1289,D:\CASME PROJECT FINAL\CASME3_Dataset\Part_A_ME_clip\Part_A_ME_clip\frame\spNO.208_m_1272,D:\CASME PROJECT FINAL\CASME3_Dataset\Part_A_ME_clip\Part_A_ME_clip\depth\spNO.208_m_1272,4,III,17,18
spNO.209,c,spNO.209_c_221,others,3,221,228,262,D:\CASME PROJECT FINAL\CASME3_Dataset\Part_A_ME_clip\Part_A_ME_clip\frame\spNO.209_c_221,D:\CASME PROJECT FINAL\CASME3_Dataset\Part_A_ME_clip\Part_A_ME_clip\depth\spNO.209_c_221,14,VII,41,42
spNO.209,h,spNO.209_h_2818,sad,3,2818,2823,2838,D:\CASME PROJECT FINAL\CASME3_Dataset\Part_A_ME_clip\Part_A_ME_clip\frame\spNO.209_h_2818,D:\CASME PROJECT FINAL\CASME3_Dataset\Part_A_ME_clip\Part_A_ME_clip\depth\spNO.209_h_2818,14,VII,20,21
spNO.209,i,spNO.209_i_3296,anger,3,3296,3302,3329,D:\CASME PROJECT FINAL\CASME3_Dataset\Part_A_ME_clip\Part_A_ME_clip\frame\spNO.209_i_3296,D:\CASME PROJECT FINAL\CASME3_Dataset\Part_A_ME_clip\Part_A_ME_clip\depth\spNO.209_i_3296,14,VII,33,34
spNO.209,j,spNO.209_j_661,happy,3,661,668,709,D:\CASME PROJECT FINAL\CASME3_Dataset\Part_A_ME_clip\Part_A_ME_clip\frame\spNO.209_j_661,D:\CASME PROJECT FINAL\CASME3_Dataset\Part_A_ME_clip\Part_A_ME_clip\depth\spNO.209_j_661,14,VII,48,49
spNO.209,l,spNO.209_l_268,sad,3,268,272,301,D:\CASME PROJECT FINAL\CASME3_Dataset\Part_A_ME_clip\Part_A_ME_clip\frame\spNO.209_l_268,D:\CASME PROJECT FINAL\CASME3_Dataset\Part_A_ME_clip\Part_A_ME_clip\depth\spNO.209_l_268,14,VII,33,34
spNO.210,a,spNO.210_a_62,others,1,62,69,78,D:\CASME PROJECT FINAL\CASME3_Dataset\Part_A_ME_clip\Part_A_ME_clip\frame\spNO.210_a_62,D:\CASME PROJECT FINAL\CASME3_Dataset\Part_A_ME_clip\Part_A_ME_clip\depth\spNO.210_a_62,12,I,16,17
spNO.210,a,spNO.210_a_913,happy,1,913,920,935,D:\CASME PROJECT FINAL\CASME3_Dataset\Part_A_ME_clip\Part_A_ME_clip\frame\spNO.210_a_913,D:\CASME PROJECT FINAL\CASME3_Dataset\Part_A_ME_clip\Part_A_ME_clip\depth\spNO.210_a_913,12,I,22,23
spNO.210,b,spNO.210_b_5,others,1,5,5,36,D:\CASME PROJECT FINAL\CASME3_Dataset\Part_A_ME_clip\Part_A_ME_clip\frame\spNO.210_b_5,D:\CASME PROJECT FINAL\CASME3_Dataset\Part_A_ME_clip\Part_A_ME_clip\depth\spNO.210_b_5,B28,VII,31,32
spNO.210,c,spNO.210_c_110,others,1,110,117,135,D:\CASME PROJECT FINAL\CASME3_Dataset\Part_A_ME_clip\Part_A_ME_clip\frame\spNO.210_c_110,D:\CASME PROJECT FINAL\CASME3_Dataset\Part_A_ME_clip\Part_A_ME_clip\depth\spNO.210_c_110,14,VII,25,26
spNO.210,c,spNO.210_c_3207,disgust,1,3207,3211,3215,D:\CASME PROJECT FINAL\CASME3_Dataset\Part_A_ME_clip\Part_A_ME_clip\frame\spNO.210_c_3207,D:\CASME PROJECT FINAL\CASME3_Dataset\Part_A_ME_clip\Part_A_ME_clip\depth\spNO.210_c_3207,9+4,IV,8,9
spNO.210,i,spNO.210_i_1,anger,1,1,5,26,D:\CASME PROJECT FINAL\CASME3_Dataset\Part_A_ME_clip\Part_A_ME_clip\frame\spNO.210_i_1,D:\CASME PROJECT FINAL\CASME3_Dataset\Part_A_ME_clip\Part_A_ME_clip\depth\spNO.210_i_1,14,VII,25,26
spNO.210,m,spNO.210_m_4,anger,1,4,4,18,D:\CASME PROJECT FINAL\CASME3_Dataset\Part_A_ME_clip\Part_A_ME_clip\frame\spNO.210_m_4,D:\CASME PROJECT FINAL\CASME3_Dataset\Part_A_ME_clip\Part_A_ME_clip\depth\spNO.210_m_4,14,VII,14,15
spNO.211,e,spNO.211_e_5,others,1,5,11,47,D:\CASME PROJECT FINAL\CASME3_Dataset\Part_A_ME_clip\Part_A_ME_clip\frame\spNO.211_e_5,D:\CASME PROJECT FINAL\CASME3_Dataset\Part_A_ME_clip\Part_A_ME_clip\depth\spNO.211_e_5,14,VII,42,43
spNO.211,h,spNO.211_h_1,sad,1,1,1,68,D:\CASME PROJECT FINAL\CASME3_Dataset\Part_A_ME_clip\Part_A_ME_clip\frame\spNO.211_h_1,D:\CASME PROJECT FINAL\CASME3_Dataset\Part_A_ME_clip\Part_A_ME_clip\depth\spNO.211_h_1,14,VII,67,68
spNO.212,e,spNO.212_e_1876,surprise,0,1876,1884,1909,D:\CASME PROJECT FINAL\CASME3_Dataset\Part_A_ME_clip\Part_A_ME_clip\frame\spNO.212_e_1876,D:\CASME PROJECT FINAL\CASME3_Dataset\Part_A_ME_clip\Part_A_ME_clip\depth\spNO.212_e_1876,R2+R1,II,33,34
spNO.212,j,spNO.212_j_1127,happy,0,1127,1130,1137,D:\CASME PROJECT FINAL\CASME3_Dataset\Part_A_ME_clip\Part_A_ME_clip\frame\spNO.212_j_1127,D:\CASME PROJECT FINAL\CASME3_Dataset\Part_A_ME_clip\Part_A_ME_clip\depth\spNO.212_j_1127,L14,VII,10,11
spNO.214,b,spNO.214_b_5,others,0,5,7,16,D:\CASME PROJECT FINAL\CASME3_Dataset\Part_A_ME_clip\Part_A_ME_clip\frame\spNO.214_b_5,D:\CASME PROJECT FINAL\CASME3_Dataset\Part_A_ME_clip\Part_A_ME_clip\depth\spNO.214_b_5,2+1,II,11,12
spNO.214,k,spNO.214_k_4,surprise,0,4,7,28,D:\CASME PROJECT FINAL\CASME3_Dataset\Part_A_ME_clip\Part_A_ME_clip\frame\spNO.214_k_4,D:\CASME PROJECT FINAL\CASME3_Dataset\Part_A_ME_clip\Part_A_ME_clip\depth\spNO.214_k_4,1+2,II,24,25
spNO.214,m,spNO.214_m_4,others,0,4,4,72,D:\CASME PROJECT FINAL\CASME3_Dataset\Part_A_ME_clip\Part_A_ME_clip\frame\spNO.214_m_4,D:\CASME PROJECT FINAL\CASME3_Dataset\Part_A_ME_clip\Part_A_ME_clip\depth\spNO.214_m_4,17,VII,68,69
spNO.215,a,spNO.215_a_33,disgust,3,33,40,55,D:\CASME PROJECT FINAL\CASME3_Dataset\Part_A_ME_clip\Part_A_ME_clip\frame\spNO.215_a_33,D:\CASME PROJECT FINAL\CASME3_Dataset\Part_A_ME_clip\Part_A_ME_clip\depth\spNO.215_a_33,4,III,22,23
spNO.215,a,spNO.215_a_84,others,3,84,89,110,D:\CASME PROJECT FINAL\CASME3_Dataset\Part_A_ME_clip\Part_A_ME_clip\frame\spNO.215_a_84,D:\CASME PROJECT FINAL\CASME3_Dataset\Part_A_ME_clip\Part_A_ME_clip\depth\spNO.215_a_84,1,V,26,27
spNO.215,b,spNO.215_b_5,others,3,5,5,37,D:\CASME PROJECT FINAL\CASME3_Dataset\Part_A_ME_clip\Part_A_ME_clip\frame\spNO.215_b_5,D:\CASME PROJECT FINAL\CASME3_Dataset\Part_A_ME_clip\Part_A_ME_clip\depth\spNO.215_b_5,1+14,VII,32,33
spNO.215,b,spNO.215_b_42,disgust,3,42,46,52,D:\CASME PROJECT FINAL\CASME3_Dataset\Part_A_ME_clip\Part_A_ME_clip\frame\spNO.215_b_42,D:\CASME PROJECT FINAL\CASME3_Dataset\Part_A_ME_clip\Part_A_ME_clip\depth\spNO.215_b_42,4,III,10,11
spNO.215,b,spNO.215_b_101,disgust,3,101,106,120,D:\CASME PROJECT FINAL\CASME3_Dataset\Part_A_ME_clip\Part_A_ME_clip\frame\spNO.215_b_101,D:\CASME PROJECT FINAL\CASME3_Dataset\Part_A_ME_clip\Part_A_ME_clip\depth\spNO.215_b_101,1,V,19,20
spNO.215,b,spNO.215_b_899,surprise,3,899,903,906,D:\CASME PROJECT FINAL\CASME3_Dataset\Part_A_ME_clip\Part_A_ME_clip\frame\spNO.215_b_899,D:\CASME PROJECT FINAL\CASME3_Dataset\Part_A_ME_clip\Part_A_ME_clip\depth\spNO.215_b_899,24,VII,7,8
spNO.215,c,spNO.215_c_119,surprise,3,119,127,141,D:\CASME PROJECT FINAL\CASME3_Dataset\Part_A_ME_clip\Part_A_ME_clip\frame\spNO.215_c_119,D:\CASME PROJECT FINAL\CASME3_Dataset\Part_A_ME_clip\Part_A_ME_clip\depth\spNO.215_c_119,1,V,22,23
spNO.215,e,spNO.215_e_7,others,3,7,7,59,D:\CASME PROJECT FINAL\CASME3_Dataset\Part_A_ME_clip\Part_A_ME_clip\frame\spNO.215_e_7,D:\CASME PROJECT FINAL\CASME3_Dataset\Part_A_ME_clip\Part_A_ME_clip\depth\spNO.215_e_7,14,VII,52,53
spNO.215,e,spNO.215_e_2058,others,3,2058,2065,2078,D:\CASME PROJECT FINAL\CASME3_Dataset\Part_A_ME_clip\Part_A_ME_clip\frame\spNO.215_e_2058,D:\CASME PROJECT FINAL\CASME3_Dataset\Part_A_ME_clip\Part_A_ME_clip\depth\spNO.215_e_2058,1,V,20,21
spNO.215,f,spNO.215_f_5,others,3,5,5,56,D:\CASME PROJECT FINAL\CASME3_Dataset\Part_A_ME_clip\Part_A_ME_clip\frame\spNO.215_f_5,D:\CASME PROJECT FINAL\CASME3_Dataset\Part_A_ME_clip\Part_A_ME_clip\depth\spNO.215_f_5,14,VII,51,52
spNO.215,f,spNO.215_f_127,disgust,3,127,135,151,D:\CASME PROJECT FINAL\CASME3_Dataset\Part_A_ME_clip\Part_A_ME_clip\frame\spNO.215_f_127,D:\CASME PROJECT FINAL\CASME3_Dataset\Part_A_ME_clip\Part_A_ME_clip\depth\spNO.215_f_127,1,V,24,25
spNO.215,j,spNO.215_j_668,disgust,3,668,674,678,D:\CASME PROJECT FINAL\CASME3_Dataset\Part_A_ME_clip\Part_A_ME_clip\frame\spNO.215_j_668,D:\CASME PROJECT FINAL\CASME3_Dataset\Part_A_ME_clip\Part_A_ME_clip\depth\spNO.215_j_668,4,III,10,11
spNO.215,k,spNO.215_k_7,others,3,7,7,42,D:\CASME PROJECT FINAL\CASME3_Dataset\Part_A_ME_clip\Part_A_ME_clip\frame\spNO.215_k_7,D:\CASME PROJECT FINAL\CASME3_Dataset\Part_A_ME_clip\Part_A_ME_clip\depth\spNO.215_k_7,14,VII,35,36
spNO.215,m,spNO.215_m_877,others,3,877,883,905,D:\CASME PROJECT FINAL\CASME3_Dataset\Part_A_ME_clip\Part_A_ME_clip\frame\spNO.215_m_877,D:\CASME PROJECT FINAL\CASME3_Dataset\Part_A_ME_clip\Part_A_ME_clip\depth\spNO.215_m_877,9,IV,28,29
spNO.216,a,spNO.216_a_921,disgust,4,921,926,936,D:\CASME PROJECT FINAL\CASME3_Dataset\Part_A_ME_clip\Part_A_ME_clip\frame\spNO.216_a_921,D:\CASME PROJECT FINAL\CASME3_Dataset\Part_A_ME_clip\Part_A_ME_clip\depth\spNO.216_a_921,7,VII,15,16
spNO.216,a,spNO.216_a_939,disgust,4,939,945,966,D:\CASME PROJECT FINAL\CASME3_Dataset\Part_A_ME_clip\Part_A_ME_clip\frame\spNO.216_a_939,D:\CASME PROJECT FINAL\CASME3_Dataset\Part_A_ME_clip\Part_A_ME_clip\depth\spNO.216_a_939,7,VII,27,28
spNO.216,b,spNO.216_b_67,happy,4,67,73,103,D:\CASME PROJECT FINAL\CASME3_Dataset\Part_A_ME_clip\Part_A_ME_clip\frame\spNO.216_b_67,D:\CASME PROJECT FINAL\CASME3_Dataset\Part_A_ME_clip\Part_A_ME_clip\depth\spNO.216_b_67,R14,VII,36,37
spNO.216,c,spNO.216_c_2367,disgust,4,2367,2375,2389,D:\CASME PROJECT FINAL\CASME3_Dataset\Part_A_ME_clip\Part_A_ME_clip\frame\spNO.216_c_2367,D:\CASME PROJECT FINAL\CASME3_Dataset\Part_A_ME_clip\Part_A_ME_clip\depth\spNO.216_c_2367,7,VII,22,23
spNO.216,d,spNO.216_d_2647,others,4,2647,2668,2694,D:\CASME PROJECT FINAL\CASME3_Dataset\Part_A_ME_clip\Part_A_ME_clip\frame\spNO.216_d_2647,D:\CASME PROJECT FINAL\CASME3_Dataset\Part_A_ME_clip\Part_A_ME_clip\depth\spNO.216_d_2647,38,VII,47,48
spNO.216,e,spNO.216_e_463,surprise,4,463,471,493,D:\CASME PROJECT FINAL\CASME3_Dataset\Part_A_ME_clip\Part_A_ME_clip\frame\spNO.216_e_463,D:\CASME PROJECT FINAL\CASME3_Dataset\Part_A_ME_clip\Part_A_ME_clip\depth\spNO.216_e_463,R1+R2,II,30,31
spNO.216,h,spNO.216_h_1788,others,4,1788,1793,1800,D:\CASME PROJECT FINAL\CASME3_Dataset\Part_A_ME_clip\Part_A_ME_clip\frame\spNO.216_h_1788,D:\CASME PROJECT FINAL\CASME3_Dataset\Part_A_ME_clip\Part_A_ME_clip\depth\spNO.216_h_1788,7,VII,12,13
spNO.216,i,spNO.216_i_1853,others,4,1853,1859,1872,D:\CASME PROJECT FINAL\CASME3_Dataset\Part_A_ME_clip\Part_A_ME_clip\frame\spNO.216_i_1853,D:\CASME PROJECT FINAL\CASME3_Dataset\Part_A_ME_clip\Part_A_ME_clip\depth\spNO.216_i_1853,4,III,19,20
spNO.216,j,spNO.216_j_1,happy,4,1,1,84,D:\CASME PROJECT FINAL\CASME3_Dataset\Part_A_ME_clip\Part_A_ME_clip\frame\spNO.216_j_1,D:\CASME PROJECT FINAL\CASME3_Dataset\Part_A_ME_clip\Part_A_ME_clip\depth\spNO.216_j_1,12,I,83,84
spNO.216,l,spNO.216_l_2783,others,4,2783,2790,2804,D:\CASME PROJECT FINAL\CASME3_Dataset\Part_A_ME_clip\Part_A_ME_clip\frame\spNO.216_l_2783,D:\CASME PROJECT FINAL\CASME3_Dataset\Part_A_ME_clip\Part_A_ME_clip\depth\spNO.216_l_2783,L7,VII,21,22
spNO.216,m,spNO.216_m_622,anger,4,622,632,637,D:\CASME PROJECT FINAL\CASME3_Dataset\Part_A_ME_clip\Part_A_ME_clip\frame\spNO.216_m_622,D:\CASME PROJECT FINAL\CASME3_Dataset\Part_A_ME_clip\Part_A_ME_clip\depth\spNO.216_m_622,L7,VII,15,16
spNO.216,m,spNO.216_m_1311,anger,4,1311,1319,1344,D:\CASME PROJECT FINAL\CASME3_Dataset\Part_A_ME_clip\Part_A_ME_clip\frame\spNO.216_m_1311,D:\CASME PROJECT FINAL\CASME3_Dataset\Part_A_ME_clip\Part_A_ME_clip\depth\spNO.216_m_1311,7,VII,33,34
spNO.216,m,spNO.216_m_1569,anger,4,1569,1577,1600,D:\CASME PROJECT FINAL\CASME3_Dataset\Part_A_ME_clip\Part_A_ME_clip\frame\spNO.216_m_1569,D:\CASME PROJECT FINAL\CASME3_Dataset\Part_A_ME_clip\Part_A_ME_clip\depth\spNO.216_m_1569,4,III,31,32
spNO.217,a,spNO.217_a_233,surprise,2,233,241,262,D:\CASME PROJECT FINAL\CASME3_Dataset\Part_A_ME_clip\Part_A_ME_clip\frame\spNO.217_a_233,D:\CASME PROJECT FINAL\CASME3_Dataset\Part_A_ME_clip\Part_A_ME_clip\depth\spNO.217_a_233,1+2,II,29,30
spNO.217,b,spNO.217_b_920,disgust,2,920,928,945,D:\CASME PROJECT FINAL\CASME3_Dataset\Part_A_ME_clip\Part_A_ME_clip\frame\spNO.217_b_920,D:\CASME PROJECT FINAL\CASME3_Dataset\Part_A_ME_clip\Part_A_ME_clip\depth\spNO.217_b_920,17,VII,25,26
spNO.217,c,spNO.217_c_2302,disgust,2,2302,2310,2318,D:\CASME PROJECT FINAL\CASME3_Dataset\Part_A_ME_clip\Part_A_ME_clip\frame\spNO.217_c_2302,D:\CASME PROJECT FINAL\CASME3_Dataset\Part_A_ME_clip\Part_A_ME_clip\depth\spNO.217_c_2302,17,VII,16,17
spNO.217,e,spNO.217_e_610,surprise,2,610,615,637,D:\CASME PROJECT FINAL\CASME3_Dataset\Part_A_ME_clip\Part_A_ME_clip\frame\spNO.217_e_610,D:\CASME PROJECT FINAL\CASME3_Dataset\Part_A_ME_clip\Part_A_ME_clip\depth\spNO.217_e_610,1+2,II,27,28
spNO.217,g,spNO.217_g_739,fear,2,739,744,767,D:\CASME PROJECT FINAL\CASME3_Dataset\Part_A_ME_clip\Part_A_ME_clip\frame\spNO.217_g_739,D:\CASME PROJECT FINAL\CASME3_Dataset\Part_A_ME_clip\Part_A_ME_clip\depth\spNO.217_g_739,7,VII,28,29
spNO.217,k,spNO.217_k_959,others,2,959,967,986,D:\CASME PROJECT FINAL\CASME3_Dataset\Part_A_ME_clip\Part_A_ME_clip\frame\spNO.217_k_959,D:\CASME PROJECT FINAL\CASME3_Dataset\Part_A_ME_clip\Part_A_ME_clip\depth\spNO.217_k_959,24,VII,27,28
spNO.217,k,spNO.217_k_1412,happy,2,1412,1420,1431,D:\CASME PROJECT FINAL\CASME3_Dataset\Part_A_ME_clip\Part_A_ME_clip\frame\spNO.217_k_1412,D:\CASME PROJECT FINAL\CASME3_Dataset\Part_A_ME_clip\Part_A_ME_clip\depth\spNO.217_k_1412,24,VII,19,20
spNO.217,l,spNO.217_l_164,fear,2,164,172,200,D:\CASME PROJECT FINAL\CASME3_Dataset\Part_A_ME_clip\Part_A_ME_clip\frame\spNO.217_l_164,D:\CASME PROJECT FINAL\CASME3_Dataset\Part_A_ME_clip\Part_A_ME_clip\depth\spNO.217_l_164,7,VII,36,37
spNO.217,l,spNO.217_l_3201,fear,2,3201,3208,3219,D:\CASME PROJECT FINAL\CASME3_Dataset\Part_A_ME_clip\Part_A_ME_clip\frame\spNO.217_l_3201,D:\CASME PROJECT FINAL\CASME3_Dataset\Part_A_ME_clip\Part_A_ME_clip\depth\spNO.217_l_3201,24,VII,18,19
spNO.3,d,spNO.3_d_88,surprise,1,88,93,113,D:\CASME PROJECT FINAL\CASME3_Dataset\Part_A_ME_clip\Part_A_ME_clip\frame\spNO.3_d_88,D:\CASME PROJECT FINAL\CASME3_Dataset\Part_A_ME_clip\Part_A_ME_clip\depth\spNO.3_d_88,1+2,II,25,26
spNO.3,e,spNO.3_e_1353,others,1,1353,1360,1371,D:\CASME PROJECT FINAL\CASME3_Dataset\Part_A_ME_clip\Part_A_ME_clip\frame\spNO.3_e_1353,D:\CASME PROJECT FINAL\CASME3_Dataset\Part_A_ME_clip\Part_A_ME_clip\depth\spNO.3_e_1353,24,VII,18,19
spNO.3,e,spNO.3_e_2200,surprise,1,2200,2204,2225,D:\CASME PROJECT FINAL\CASME3_Dataset\Part_A_ME_clip\Part_A_ME_clip\frame\spNO.3_e_2200,D:\CASME PROJECT FINAL\CASME3_Dataset\Part_A_ME_clip\Part_A_ME_clip\depth\spNO.3_e_2200,1,V,25,26
spNO.3,f,spNO.3_f_94,others,1,94,99,110,D:\CASME PROJECT FINAL\CASME3_Dataset\Part_A_ME_clip\Part_A_ME_clip\frame\spNO.3_f_94,D:\CASME PROJECT FINAL\CASME3_Dataset\Part_A_ME_clip\Part_A_ME_clip\depth\spNO.3_f_94,14,VII,16,17
spNO.3,f,spNO.3_f_141,others,1,141,147,162,D:\CASME PROJECT FINAL\CASME3_Dataset\Part_A_ME_clip\Part_A_ME_clip\frame\spNO.3_f_141,D:\CASME PROJECT FINAL\CASME3_Dataset\Part_A_ME_clip\Part_A_ME_clip\depth\spNO.3_f_141,L18,VII,21,22
spNO.3,h,spNO.3_h_341,sad,1,341,347,374,D:\CASME PROJECT FINAL\CASME3_Dataset\Part_A_ME_clip\Part_A_ME_clip\frame\spNO.3_h_341,D:\CASME PROJECT FINAL\CASME3_Dataset\Part_A_ME_clip\Part_A_ME_clip\depth\spNO.3_h_341,1,V,33,34
spNO.3,h,spNO.3_h_552,surprise,1,552,556,582,D:\CASME PROJECT FINAL\CASME3_Dataset\Part_A_ME_clip\Part_A_ME_clip\frame\spNO.3_h_552,D:\CASME PROJECT FINAL\CASME3_Dataset\Part_A_ME_clip\Part_A_ME_clip\depth\spNO.3_h_552,L1+L2,II,30,31
spNO.3,h,spNO.3_h_1172,surprise,1,1172,1179,1198,D:\CASME PROJECT FINAL\CASME3_Dataset\Part_A_ME_clip\Part_A_ME_clip\frame\spNO.3_h_1172,D:\CASME PROJECT FINAL\CASME3_Dataset\Part_A_ME_clip\Part_A_ME_clip\depth\spNO.3_h_1172,L1+L2,II,26,27
spNO.3,k,spNO.3_k_1973,surprise,1,1973,1980,2024,D:\CASME PROJECT FINAL\CASME3_Dataset\Part_A_ME_clip\Part_A_ME_clip\frame\spNO.3_k_1973,D:\CASME PROJECT FINAL\CASME3_Dataset\Part_A_ME_clip\Part_A_ME_clip\depth\spNO.3_k_1973,L2+L1,II,51,52
spNO.3,l,spNO.3_l_1098,sad,1,1098,1104,1142,D:\CASME PROJECT FINAL\CASME3_Dataset\Part_A_ME_clip\Part_A_ME_clip\frame\spNO.3_l_1098,D:\CASME PROJECT FINAL\CASME3_Dataset\Part_A_ME_clip\Part_A_ME_clip\depth\spNO.3_l_1098,14,VII,44,45
spNO.3,l,spNO.3_l_1145,sad,1,1145,1152,1180,D:\CASME PROJECT FINAL\CASME3_Dataset\Part_A_ME_clip\Part_A_ME_clip\frame\spNO.3_l_1145,D:\CASME PROJECT FINAL\CASME3_Dataset\Part_A_ME_clip\Part_A_ME_clip\depth\spNO.3_l_1145,38,VII,35,36
spNO.3,l,spNO.3_l_2693,sad,1,2693,2697,2727,D:\CASME PROJECT FINAL\CASME3_Dataset\Part_A_ME_clip\Part_A_ME_clip\frame\spNO.3_l_2693,D:\CASME PROJECT FINAL\CASME3_Dataset\Part_A_ME_clip\Part_A_ME_clip\depth\spNO.3_l_2693,14,VII,34,35
spNO.3,m,spNO.3_m_1538,anger,1,1538,1544,1549,D:\CASME PROJECT FINAL\CASME3_Dataset\Part_A_ME_clip\Part_A_ME_clip\frame\spNO.3_m_1538,D:\CASME PROJECT FINAL\CASME3_Dataset\Part_A_ME_clip\Part_A_ME_clip\depth\spNO.3_m_1538,1,V,11,12
spNO.39,a,spNO.39_a_179,surprise,2,179,184,201,D:\CASME PROJECT FINAL\CASME3_Dataset\Part_A_ME_clip\Part_A_ME_clip\frame\spNO.39_a_179,D:\CASME PROJECT FINAL\CASME3_Dataset\Part_A_ME_clip\Part_A_ME_clip\depth\spNO.39_a_179,5,II,22,23
spNO.39,e,spNO.39_e_302,surprise,2,302,310,336,D:\CASME PROJECT FINAL\CASME3_Dataset\Part_A_ME_clip\Part_A_ME_clip\frame\spNO.39_e_302,D:\CASME PROJECT FINAL\CASME3_Dataset\Part_A_ME_clip\Part_A_ME_clip\depth\spNO.39_e_302,5,II,34,35
spNO.39,i,spNO.39_i_3188,others,2,3188,3196,3215,D:\CASME PROJECT FINAL\CASME3_Dataset\Part_A_ME_clip\Part_A_ME_clip\frame\spNO.39_i_3188,D:\CASME PROJECT FINAL\CASME3_Dataset\Part_A_ME_clip\Part_A_ME_clip\depth\spNO.39_i_3188,18,VII,27,28
spNO.39,j,spNO.39_j_855,others,2,855,860,897,D:\CASME PROJECT FINAL\CASME3_Dataset\Part_A_ME_clip\Part_A_ME_clip\frame\spNO.39_j_855,D:\CASME PROJECT FINAL\CASME3_Dataset\Part_A_ME_clip\Part_A_ME_clip\depth\spNO.39_j_855,14,VII,42,43
spNO.39,k,spNO.39_k_539,surprise,2,539,545,570,D:\CASME PROJECT FINAL\CASME3_Dataset\Part_A_ME_clip\Part_A_ME_clip\frame\spNO.39_k_539,D:\CASME PROJECT FINAL\CASME3_Dataset\Part_A_ME_clip\Part_A_ME_clip\depth\spNO.39_k_539,5,II,31,32
spNO.4,a,spNO.4_a_7,others,0,7,7,49,D:\CASME PROJECT FINAL\CASME3_Dataset\Part_A_ME_clip\Part_A_ME_clip\frame\spNO.4_a_7,D:\CASME PROJECT FINAL\CASME3_Dataset\Part_A_ME_clip\Part_A_ME_clip\depth\spNO.4_a_7,14,VII,42,43
spNO.4,a,spNO.4_a_547,others,0,547,555,564,D:\CASME PROJECT FINAL\CASME3_Dataset\Part_A_ME_clip\Part_A_ME_clip\frame\spNO.4_a_547,D:\CASME PROJECT FINAL\CASME3_Dataset\Part_A_ME_clip\Part_A_ME_clip\depth\spNO.4_a_547,17,VII,17,18
spNO.4,b,spNO.4_b_111,disgust,0,111,119,135,D:\CASME PROJECT FINAL\CASME3_Dataset\Part_A_ME_clip\Part_A_ME_clip\frame\spNO.4_b_111,D:\CASME PROJECT FINAL\CASME3_Dataset\Part_A_ME_clip\Part_A_ME_clip\depth\spNO.4_b_111,4,III,24,25
spNO.4,g,spNO.4_g_2033,sad,0,2033,2037,2041,D:\CASME PROJECT FINAL\CASME3_Dataset\Part_A_ME_clip\Part_A_ME_clip\frame\spNO.4_g_2033,D:\CASME PROJECT FINAL\CASME3_Dataset\Part_A_ME_clip\Part_A_ME_clip\depth\spNO.4_g_2033,17,VII,8,9
spNO.4,k,spNO.4_k_92,happy,0,92,100,291,D:\CASME PROJECT FINAL\CASME3_Dataset\Part_A_ME_clip\Part_A_ME_clip\frame\spNO.4_k_92,D:\CASME PROJECT FINAL\CASME3_Dataset\Part_A_ME_clip\Part_A_ME_clip\depth\spNO.4_k_92,4,III,199,200
spNO.4,l,spNO.4_l_2410,sad,0,2410,2418,2444,D:\CASME PROJECT FINAL\CASME3_Dataset\Part_A_ME_clip\Part_A_ME_clip\frame\spNO.4_l_2410,D:\CASME PROJECT FINAL\CASME3_Dataset\Part_A_ME_clip\Part_A_ME_clip\depth\spNO.4_l_2410,4,III,34,35
spNO.40,b,spNO.40_b_7,disgust,0,7,7,47,D:\CASME PROJECT FINAL\CASME3_Dataset\Part_A_ME_clip\Part_A_ME_clip\frame\spNO.40_b_7,D:\CASME PROJECT FINAL\CASME3_Dataset\Part_A_ME_clip\Part_A_ME_clip\depth\spNO.40_b_7,14,VII,40,41
spNO.40,c,spNO.40_c_8,disgust,0,8,8,45,D:\CASME PROJECT FINAL\CASME3_Dataset\Part_A_ME_clip\Part_A_ME_clip\frame\spNO.40_c_8,D:\CASME PROJECT FINAL\CASME3_Dataset\Part_A_ME_clip\Part_A_ME_clip\depth\spNO.40_c_8,14+24,VII,37,38
spNO.40,e,spNO.40_e_1683,others,0,1683,1690,1703,D:\CASME PROJECT FINAL\CASME3_Dataset\Part_A_ME_clip\Part_A_ME_clip\frame\spNO.40_e_1683,D:\CASME PROJECT FINAL\CASME3_Dataset\Part_A_ME_clip\Part_A_ME_clip\depth\spNO.40_e_1683,L14,VII,20,21
spNO.40,e,spNO.40_e_1731,others,0,1731,1736,1749,D:\CASME PROJECT FINAL\CASME3_Dataset\Part_A_ME_clip\Part_A_ME_clip\frame\spNO.40_e_1731,D:\CASME PROJECT FINAL\CASME3_Dataset\Part_A_ME_clip\Part_A_ME_clip\depth\spNO.40_e_1731,L14,VII,18,19
spNO.40,e,spNO.40_e_1970,others,0,1970,1972,1985,D:\CASME PROJECT FINAL\CASME3_Dataset\Part_A_ME_clip\Part_A_ME_clip\frame\spNO.40_e_1970,D:\CASME PROJECT FINAL\CASME3_Dataset\Part_A_ME_clip\Part_A_ME_clip\depth\spNO.40_e_1970,L14,VII,15,16
spNO.40,g,spNO.40_g_1232,anger,0,1232,1239,1274,D:\CASME PROJECT FINAL\CASME3_Dataset\Part_A_ME_clip\Part_A_ME_clip\frame\spNO.40_g_1232,D:\CASME PROJECT FINAL\CASME3_Dataset\Part_A_ME_clip\Part_A_ME_clip\depth\spNO.40_g_1232,L14,VII,42,43
spNO.40,i,spNO.40_i_2771,others,0,2771,2777,2804,D:\CASME PROJECT FINAL\CASME3_Dataset\Part_A_ME_clip\Part_A_ME_clip\frame\spNO.40_i_2771,D:\CASME PROJECT FINAL\CASME3_Dataset\Part_A_ME_clip\Part_A_ME_clip\depth\spNO.40_i_2771,22,VII,33,34
spNO.40,j,spNO.40_j_1016,happy,0,1016,1023,1133,D:\CASME PROJECT FINAL\CASME3_Dataset\Part_A_ME_clip\Part_A_ME_clip\frame\spNO.40_j_1016,D:\CASME PROJECT FINAL\CASME3_Dataset\Part_A_ME_clip\Part_A_ME_clip\depth\spNO.40_j_1016,R14,VII,117,118
spNO.40,k,spNO.40_k_286,happy,0,286,291,337,D:\CASME PROJECT FINAL\CASME3_Dataset\Part_A_ME_clip\Part_A_ME_clip\frame\spNO.40_k_286,D:\CASME PROJECT FINAL\CASME3_Dataset\Part_A_ME_clip\Part_A_ME_clip\depth\spNO.40_k_286,14,VII,51,52
spNO.41,a,spNO.41_a_879,disgust,4,879,884,917,D:\CASME PROJECT FINAL\CASME3_Dataset\Part_A_ME_clip\Part_A_ME_clip\frame\spNO.41_a_879,D:\CASME PROJECT FINAL\CASME3_Dataset\Part_A_ME_clip\Part_A_ME_clip\depth\spNO.41_a_879,4,III,38,39
spNO.42,a,spNO.42_a_215,surprise,0,215,222,238,D:\CASME PROJECT FINAL\CASME3_Dataset\Part_A_ME_clip\Part_A_ME_clip\frame\spNO.42_a_215,D:\CASME PROJECT FINAL\CASME3_Dataset\Part_A_ME_clip\Part_A_ME_clip\depth\spNO.42_a_215,1,V,23,24
spNO.42,c,spNO.42_c_3311,others,0,3311,3319,3338,D:\CASME PROJECT FINAL\CASME3_Dataset\Part_A_ME_clip\Part_A_ME_clip\frame\spNO.42_c_3311,D:\CASME PROJECT FINAL\CASME3_Dataset\Part_A_ME_clip\Part_A_ME_clip\depth\spNO.42_c_3311,4,III,27,28
spNO.42,d,spNO.42_d_2843,fear,0,2843,2850,2868,D:\CASME PROJECT FINAL\CASME3_Dataset\Part_A_ME_clip\Part_A_ME_clip\frame\spNO.42_d_2843,D:\CASME PROJECT FINAL\CASME3_Dataset\Part_A_ME_clip\Part_A_ME_clip\depth\spNO.42_d_2843,4,III,25,26
spNO.42,d,spNO.42_d_3188,fear,0,3188,3196,3217,D:\CASME PROJECT FINAL\CASME3_Dataset\Part_A_ME_clip\Part_A_ME_clip\frame\spNO.42_d_3188,D:\CASME PROJECT FINAL\CASME3_Dataset\Part_A_ME_clip\Part_A_ME_clip\depth\spNO.42_d_3188,24,VII,29,30
spNO.42,d,spNO.42_d_3555,fear,0,3555,3561,3589,D:\CASME PROJECT FINAL\CASME3_Dataset\Part_A_ME_clip\Part_A_ME_clip\frame\spNO.42_d_3555,D:\CASME PROJECT FINAL\CASME3_Dataset\Part_A_ME_clip\Part_A_ME_clip\depth\spNO.42_d_3555,1,V,34,35
spNO.42,e,spNO.42_e_2646,surprise,0,2646,2654,2667,D:\CASME PROJECT FINAL\CASME3_Dataset\Part_A_ME_clip\Part_A_ME_clip\frame\spNO.42_e_2646,D:\CASME PROJECT FINAL\CASME3_Dataset\Part_A_ME_clip\Part_A_ME_clip\depth\spNO.42_e_2646,4,III,21,22
spNO.42,i,spNO.42_i_2461,disgust,0,2461,2468,2532,D:\CASME PROJECT FINAL\CASME3_Dataset\Part_A_ME_clip\Part_A_ME_clip\frame\spNO.42_i_2461,D:\CASME PROJECT FINAL\CASME3_Dataset\Part_A_ME_clip\Part_A_ME_clip\depth\spNO.42_i_2461,24,VII,71,72
spNO.42,i,spNO.42_i_3547,disgust,0,3547,3555,3581,D:\CASME PROJECT FINAL\CASME3_Dataset\Part_A_ME_clip\Part_A_ME_clip\frame\spNO.42_i_3547,D:\CASME PROJECT FINAL\CASME3_Dataset\Part_A_ME_clip\Part_A_ME_clip\depth\spNO.42_i_3547,24,VII,34,35
spNO.42,j,spNO.42_j_1730,surprise,0,1730,1737,1758,D:\CASME PROJECT FINAL\CASME3_Dataset\Part_A_ME_clip\Part_A_ME_clip\frame\spNO.42_j_1730,D:\CASME PROJECT FINAL\CASME3_Dataset\Part_A_ME_clip\Part_A_ME_clip\depth\spNO.42_j_1730,1+2,II,28,29
spNO.42,j,spNO.42_j_1778,happy,0,1778,1782,1795,D:\CASME PROJECT FINAL\CASME3_Dataset\Part_A_ME_clip\Part_A_ME_clip\frame\spNO.42_j_1778,D:\CASME PROJECT FINAL\CASME3_Dataset\Part_A_ME_clip\Part_A_ME_clip\depth\spNO.42_j_1778,4,III,17,18
spNO.42,m,spNO.42_m_7,anger,0,7,7,48,D:\CASME PROJECT FINAL\CASME3_Dataset\Part_A_ME_clip\Part_A_ME_clip\frame\spNO.42_m_7,D:\CASME PROJECT FINAL\CASME3_Dataset\Part_A_ME_clip\Part_A_ME_clip\depth\spNO.42_m_7,14,VII,41,42
spNO.42,m,spNO.42_m_1086,disgust,0,1086,1091,1110,D:\CASME PROJECT FINAL\CASME3_Dataset\Part_A_ME_clip\Part_A_ME_clip\frame\spNO.42_m_1086,D:\CASME PROJECT FINAL\CASME3_Dataset\Part_A_ME_clip\Part_A_ME_clip\depth\spNO.42_m_1086,24,VII,24,25
spNO.42,m,spNO.42_m_1289,disgust,0,1289,1297,1321,D:\CASME PROJECT FINAL\CASME3_Dataset\Part_A_ME_clip\Part_A_ME_clip\frame\spNO.42_m_1289,D:\CASME PROJECT FINAL\CASME3_Dataset\Part_A_ME_clip\Part_A_ME_clip\depth\spNO.42_m_1289,4,III,32,33
spNO.42,m,spNO.42_m_2058,disgust,0,2058,2063,2076,D:\CASME PROJECT FINAL\CASME3_Dataset\Part_A_ME_clip\Part_A_ME_clip\frame\spNO.42_m_2058,D:\CASME PROJECT FINAL\CASME3_Dataset\Part_A_ME_clip\Part_A_ME_clip\depth\spNO.42_m_2058,4,III,18,19
spNO.42,m,spNO.42_m_2168,disgust,0,2168,2175,2207,D:\CASME PROJECT FINAL\CASME3_Dataset\Part_A_ME_clip\Part_A_ME_clip\frame\spNO.42_m_2168,D:\CASME PROJECT FINAL\CASME3_Dataset\Part_A_ME_clip\Part_A_ME_clip\depth\spNO.42_m_2168,4,III,39,40
spNO.5,c,spNO.5_c_18,disgust,1,18,24,37,D:\CASME PROJECT FINAL\CASME3_Dataset\Part_A_ME_clip\Part_A_ME_clip\frame\spNO.5_c_18,D:\CASME PROJECT FINAL\CASME3_Dataset\Part_A_ME_clip\Part_A_ME_clip\depth\spNO.5_c_18,7,VII,19,20
spNO.5,c,spNO.5_c_486,surprise,1,486,494,499,D:\CASME PROJECT FINAL\CASME3_Dataset\Part_A_ME_clip\Part_A_ME_clip\frame\spNO.5_c_486,D:\CASME PROJECT FINAL\CASME3_Dataset\Part_A_ME_clip\Part_A_ME_clip\depth\spNO.5_c_486,5,II,13,14
spNO.5,e,spNO.5_e_771,surprise,1,771,779,796,D:\CASME PROJECT FINAL\CASME3_Dataset\Part_A_ME_clip\Part_A_ME_clip\frame\spNO.5_e_771,D:\CASME PROJECT FINAL\CASME3_Dataset\Part_A_ME_clip\Part_A_ME_clip\depth\spNO.5_e_771,7,VII,25,26
spNO.5,e,spNO.5_e_1631,surprise,1,1631,1638,1647,D:\CASME PROJECT FINAL\CASME3_Dataset\Part_A_ME_clip\Part_A_ME_clip\frame\spNO.5_e_1631,D:\CASME PROJECT FINAL\CASME3_Dataset\Part_A_ME_clip\Part_A_ME_clip\depth\spNO.5_e_1631,7,VII,16,17
spNO.5,e,spNO.5_e_1880,surprise,1,1880,1887,1899,D:\CASME PROJECT FINAL\CASME3_Dataset\Part_A_ME_clip\Part_A_ME_clip\frame\spNO.5_e_1880,D:\CASME PROJECT FINAL\CASME3_Dataset\Part_A_ME_clip\Part_A_ME_clip\depth\spNO.5_e_1880,R7,VII,19,20
spNO.5,e,spNO.5_e_1923,surprise,1,1923,1927,1935,D:\CASME PROJECT FINAL\CASME3_Dataset\Part_A_ME_clip\Part_A_ME_clip\frame\spNO.5_e_1923,D:\CASME PROJECT FINAL\CASME3_Dataset\Part_A_ME_clip\Part_A_ME_clip\depth\spNO.5_e_1923,7,VII,12,13
spNO.6,c,spNO.6_c_246,disgust,2,246,249,252,D:\CASME PROJECT FINAL\CASME3_Dataset\Part_A_ME_clip\Part_A_ME_clip\frame\spNO.6_c_246,D:\CASME PROJECT FINAL\CASME3_Dataset\Part_A_ME_clip\Part_A_ME_clip\depth\spNO.6_c_246,L9,IV,6,7
spNO.6,f,spNO.6_f_191,fear,2,191,195,219,D:\CASME PROJECT FINAL\CASME3_Dataset\Part_A_ME_clip\Part_A_ME_clip\frame\spNO.6_f_191,D:\CASME PROJECT FINAL\CASME3_Dataset\Part_A_ME_clip\Part_A_ME_clip\depth\spNO.6_f_191,15,V,28,29
spNO.6,j,spNO.6_j_843,others,2,843,850,859,D:\CASME PROJECT FINAL\CASME3_Dataset\Part_A_ME_clip\Part_A_ME_clip\frame\spNO.6_j_843,D:\CASME PROJECT FINAL\CASME3_Dataset\Part_A_ME_clip\Part_A_ME_clip\depth\spNO.6_j_843,1,V,16,17
spNO.6,j,spNO.6_j_1122,surprise,2,1122,1127,1184,D:\CASME PROJECT FINAL\CASME3_Dataset\Part_A_ME_clip\Part_A_ME_clip\frame\spNO.6_j_1122,D:\CASME PROJECT FINAL\CASME3_Dataset\Part_A_ME_clip\Part_A_ME_clip\depth\spNO.6_j_1122,R1+R2,II,62,63
spNO.6,j,spNO.6_j_1683,happy,2,1683,1689,1692,D:\CASME PROJECT FINAL\CASME3_Dataset\Part_A_ME_clip\Part_A_ME_clip\frame\spNO.6_j_1683,D:\CASME PROJECT FINAL\CASME3_Dataset\Part_A_ME_clip\Part_A_ME_clip\depth\spNO.6_j_1683,14,VII,9,10
spNO.7,a,spNO.7_a_40,disgust,2,40,46,54,D:\CASME PROJECT FINAL\CASME3_Dataset\Part_A_ME_clip\Part_A_ME_clip\frame\spNO.7_a_40,D:\CASME PROJECT FINAL\CASME3_Dataset\Part_A_ME_clip\Part_A_ME_clip\depth\spNO.7_a_40,4,III,14,15
spNO.7,c,spNO.7_c_406,disgust,2,406,414,432,D:\CASME PROJECT FINAL\CASME3_Dataset\Part_A_ME_clip\Part_A_ME_clip\frame\spNO.7_c_406,D:\CASME PROJECT FINAL\CASME3_Dataset\Part_A_ME_clip\Part_A_ME_clip\depth\spNO.7_c_406,4+10+5,VII,26,27
spNO.7,d,spNO.7_d_3041,fear,2,3041,3047,3057,D:\CASME PROJECT FINAL\CASME3_Dataset\Part_A_ME_clip\Part_A_ME_clip\frame\spNO.7_d_3041,D:\CASME PROJECT FINAL\CASME3_Dataset\Part_A_ME_clip\Part_A_ME_clip\depth\spNO.7_d_3041,4,III,16,17
spNO.7,i,spNO.7_i_5,anger,2,5,5,38,D:\CASME PROJECT FINAL\CASME3_Dataset\Part_A_ME_clip\Part_A_ME_clip\frame\spNO.7_i_5,D:\CASME PROJECT FINAL\CASME3_Dataset\Part_A_ME_clip\Part_A_ME_clip\depth\spNO.7_i_5,14,VII,33,34
spNO.77,d,spNO.77_d_4708,fear,4,4708,4714,4723,D:\CASME PROJECT FINAL\CASME3_Dataset\Part_A_ME_clip\Part_A_ME_clip\frame\spNO.77_d_4708,D:\CASME PROJECT FINAL\CASME3_Dataset\Part_A_ME_clip\Part_A_ME_clip\depth\spNO.77_d_4708,4,III,15,16
spNO.77,f,spNO.77_f_542,fear,4,542,550,586,D:\CASME PROJECT FINAL\CASME3_Dataset\Part_A_ME_clip\Part_A_ME_clip\frame\spNO.77_f_542,D:\CASME PROJECT FINAL\CASME3_Dataset\Part_A_ME_clip\Part_A_ME_clip\depth\spNO.77_f_542,15,V,44,45
spNO.77,f,spNO.77_f_609,fear,4,609,614,621,D:\CASME PROJECT FINAL\CASME3_Dataset\Part_A_ME_clip\Part_A_ME_clip\frame\spNO.77_f_609,D:\CASME PROJECT FINAL\CASME3_Dataset\Part_A_ME_clip\Part_A_ME_clip\depth\spNO.77_f_609,4,III,12,13
spNO.77,g,spNO.77_g_353,sad,4,353,360,420,D:\CASME PROJECT FINAL\CASME3_Dataset\Part_A_ME_clip\Part_A_ME_clip\frame\spNO.77_g_353,D:\CASME PROJECT FINAL\CASME3_Dataset\Part_A_ME_clip\Part_A_ME_clip\depth\spNO.77_g_353,4,III,67,68
spNO.77,i,spNO.77_i_7,anger,4,7,7,35,D:\CASME PROJECT FINAL\CASME3_Dataset\Part_A_ME_clip\Part_A_ME_clip\frame\spNO.77_i_7,D:\CASME PROJECT FINAL\CASME3_Dataset\Part_A_ME_clip\Part_A_ME_clip\depth\spNO.77_i_7,14,VII,28,29
spNO.77,i,spNO.77_i_535,disgust,4,535,540,552,D:\CASME PROJECT FINAL\CASME3_Dataset\Part_A_ME_clip\Part_A_ME_clip\frame\spNO.77_i_535,D:\CASME PROJECT FINAL\CASME3_Dataset\Part_A_ME_clip\Part_A_ME_clip\depth\spNO.77_i_535,4,III,17,18
spNO.77,k,spNO.77_k_7,happy,4,7,7,56,D:\CASME PROJECT FINAL\CASME3_Dataset\Part_A_ME_clip\Part_A_ME_clip\frame\spNO.77_k_7,D:\CASME PROJECT FINAL\CASME3_Dataset\Part_A_ME_clip\Part_A_ME_clip\depth\spNO.77_k_7,14,VII,49,50
spNO.77,m,spNO.77_m_250,disgust,4,250,257,275,D:\CASME PROJECT FINAL\CASME3_Dataset\Part_A_ME_clip\Part_A_ME_clip\frame\spNO.77_m_250,D:\CASME PROJECT FINAL\CASME3_Dataset\Part_A_ME_clip\Part_A_ME_clip\depth\spNO.77_m_250,4,III,25,26
spNO.8,b,spNO.8_b_128,others,3,128,135,146,D:\CASME PROJECT FINAL\CASME3_Dataset\Part_A_ME_clip\Part_A_ME_clip\frame\spNO.8_b_128,D:\CASME PROJECT FINAL\CASME3_Dataset\Part_A_ME_clip\Part_A_ME_clip\depth\spNO.8_b_128,16+24,VII,18,19
spNO.8,c,spNO.8_c_7,others,3,7,7,76,D:\CASME PROJECT FINAL\CASME3_Dataset\Part_A_ME_clip\Part_A_ME_clip\frame\spNO.8_c_7,D:\CASME PROJECT FINAL\CASME3_Dataset\Part_A_ME_clip\Part_A_ME_clip\depth\spNO.8_c_7,14,VII,69,70
spNO.8,e,spNO.8_e_5,others,3,5,5,21,D:\CASME PROJECT FINAL\CASME3_Dataset\Part_A_ME_clip\Part_A_ME_clip\frame\spNO.8_e_5,D:\CASME PROJECT FINAL\CASME3_Dataset\Part_A_ME_clip\Part_A_ME_clip\depth\spNO.8_e_5,14,VII,16,17
spNO.8,e,spNO.8_e_223,others,3,223,229,257,D:\CASME PROJECT FINAL\CASME3_Dataset\Part_A_ME_clip\Part_A_ME_clip\frame\spNO.8_e_223,D:\CASME PROJECT FINAL\CASME3_Dataset\Part_A_ME_clip\Part_A_ME_clip\depth\spNO.8_e_223,14,VII,34,35
spNO.8,e,spNO.8_e_295,disgust,3,295,301,308,D:\CASME PROJECT FINAL\CASME3_Dataset\Part_A_ME_clip\Part_A_ME_clip\frame\spNO.8_e_295,D:\CASME PROJECT FINAL\CASME3_Dataset\Part_A_ME_clip\Part_A_ME_clip\depth\spNO.8_e_295,4,III,13,14
spNO.8,e,spNO.8_e_1035,fear,3,1035,1040,1098,D:\CASME PROJECT FINAL\CASME3_Dataset\Part_A_ME_clip\Part_A_ME_clip\frame\spNO.8_e_1035,D:\CASME PROJECT FINAL\CASME3_Dataset\Part_A_ME_clip\Part_A_ME_clip\depth\spNO.8_e_1035,14,VII,63,64
spNO.8,f,spNO.8_f_1064,fear,3,1064,1068,1155,D:\CASME PROJECT FINAL\CASME3_Dataset\Part_A_ME_clip\Part_A_ME_clip\frame\spNO.8_f_1064,D:\CASME PROJECT FINAL\CASME3_Dataset\Part_A_ME_clip\Part_A_ME_clip\depth\spNO.8_f_1064,14,VII,91,92
spNO.8,h,spNO.8_h_468,sad,3,468,475,516,D:\CASME PROJECT FINAL\CASME3_Dataset\Part_A_ME_clip\Part_A_ME_clip\frame\spNO.8_h_468,D:\CASME PROJECT FINAL\CASME3_Dataset\Part_A_ME_clip\Part_A_ME_clip\depth\spNO.8_h_468,16+24+14,VII,48,49
spNO.8,h,spNO.8_h_2030,sad,3,2030,2038,2068,D:\CASME PROJECT FINAL\CASME3_Dataset\Part_A_ME_clip\Part_A_ME_clip\frame\spNO.8_h_2030,D:\CASME PROJECT FINAL\CASME3_Dataset\Part_A_ME_clip\Part_A_ME_clip\depth\spNO.8_h_2030,14,VII,38,39
spNO.8,i,spNO.8_i_1823,anger,3,1823,1830,1856,D:\CASME PROJECT FINAL\CASME3_Dataset\Part_A_ME_clip\Part_A_ME_clip\frame\spNO.8_i_1823,D:\CASME PROJECT FINAL\CASME3_Dataset\Part_A_ME_clip\Part_A_ME_clip\depth\spNO.8_i_1823,14,VII,33,34
spNO.8,k,spNO.8_k_1043,happy,3,1043,1047,1099,D:\CASME PROJECT FINAL\CASME3_Dataset\Part_A_ME_clip\Part_A_ME_clip\frame\spNO.8_k_1043,D:\CASME PROJECT FINAL\CASME3_Dataset\Part_A_ME_clip\Part_A_ME_clip\depth\spNO.8_k_1043,4,III,56,57
spNO.8,k,spNO.8_k_1803,happy,3,1803,1811,1822,D:\CASME PROJECT FINAL\CASME3_Dataset\Part_A_ME_clip\Part_A_ME_clip\frame\spNO.8_k_1803,D:\CASME PROJECT FINAL\CASME3_Dataset\Part_A_ME_clip\Part_A_ME_clip\depth\spNO.8_k_1803,T24,VII,19,20
spNO.8,l,spNO.8_l_1366,sad,3,1366,1372,1388,D:\CASME PROJECT FINAL\CASME3_Dataset\Part_A_ME_clip\Part_A_ME_clip\frame\spNO.8_l_1366,D:\CASME PROJECT FINAL\CASME3_Dataset\Part_A_ME_clip\Part_A_ME_clip\depth\spNO.8_l_1366,14,VII,22,23
spNO.8,l,spNO.8_l_2147,sad,3,2147,2152,2162,D:\CASME PROJECT FINAL\CASME3_Dataset\Part_A_ME_clip\Part_A_ME_clip\frame\spNO.8_l_2147,D:\CASME PROJECT FINAL\CASME3_Dataset\Part_A_ME_clip\Part_A_ME_clip\depth\spNO.8_l_2147,14,VII,15,16
spNO.8,l,spNO.8_l_2836,sad,3,2836,2840,2861,D:\CASME PROJECT FINAL\CASME3_Dataset\Part_A_ME_clip\Part_A_ME_clip\frame\spNO.8_l_2836,D:\CASME PROJECT FINAL\CASME3_Dataset\Part_A_ME_clip\Part_A_ME_clip\depth\spNO.8_l_2836,14,VII,25,26
spNO.9,g,spNO.9_g_234,sad,2,234,237,251,D:\CASME PROJECT FINAL\CASME3_Dataset\Part_A_ME_clip\Part_A_ME_clip\frame\spNO.9_g_234,D:\CASME PROJECT FINAL\CASME3_Dataset\Part_A_ME_clip\Part_A_ME_clip\depth\spNO.9_g_234,4,III,17,18
spNO.9,g,spNO.9_g_980,sad,2,980,987,1046,D:\CASME PROJECT FINAL\CASME3_Dataset\Part_A_ME_clip\Part_A_ME_clip\frame\spNO.9_g_980,D:\CASME PROJECT FINAL\CASME3_Dataset\Part_A_ME_clip\Part_A_ME_clip\depth\spNO.9_g_980,4,III,66,67
spNO.9,h,spNO.9_h_4,surprise,2,4,4,18,D:\CASME PROJECT FINAL\CASME3_Dataset\Part_A_ME_clip\Part_A_ME_clip\frame\spNO.9_h_4,D:\CASME PROJECT FINAL\CASME3_Dataset\Part_A_ME_clip\Part_A_ME_clip\depth\spNO.9_h_4,1+2,II,14,15
