clip_name,subject,filename,onset,apex,offset,emotion,frame_folder,depth_folder,fold
spNO.1_a_355,spNO.1,a,355,359,360,others,CASME3_Dataset\Part_A_ME_clip\Part_A_ME_clip\frame\spNO.1_a_355,CASME3_Dataset\Part_A_ME_clip\Part_A_ME_clip\depth\spNO.1_a_355,4
spNO.1_b_166,spNO.1,b,166,175,179,disgust,CASME3_Dataset\Part_A_ME_clip\Part_A_ME_clip\frame\spNO.1_b_166,CASME3_Dataset\Part_A_ME_clip\Part_A_ME_clip\depth\spNO.1_b_166,4
spNO.1_e_62,spNO.1,e,62,68,96,others,CASME3_Dataset\Part_A_ME_clip\Part_A_ME_clip\frame\spNO.1_e_62,CASME3_Dataset\Part_A_ME_clip\Part_A_ME_clip\depth\spNO.1_e_62,4
spNO.1_e_96,spNO.1,e,96,102,106,others,CASME3_Dataset\Part_A_ME_clip\Part_A_ME_clip\frame\spNO.1_e_96,CASME3_Dataset\Part_A_ME_clip\Part_A_ME_clip\depth\spNO.1_e_96,4
spNO.1_f_1421,spNO.1,f,1421,1426,1440,others,CASME3_Dataset\Part_A_ME_clip\Part_A_ME_clip\frame\spNO.1_f_1421,CASME3_Dataset\Part_A_ME_clip\Part_A_ME_clip\depth\spNO.1_f_1421,4
spNO.1_f_1568,spNO.1,f,1568,1572,1581,others,CASME3_Dataset\Part_A_ME_clip\Part_A_ME_clip\frame\spNO.1_f_1568,CASME3_Dataset\Part_A_ME_clip\Part_A_ME_clip\depth\spNO.1_f_1568,4
spNO.1_h_181,spNO.1,h,181,185,194,surprise,CASME3_Dataset\Part_A_ME_clip\Part_A_ME_clip\frame\spNO.1_h_181,CASME3_Dataset\Part_A_ME_clip\Part_A_ME_clip\depth\spNO.1_h_181,4
spNO.1_j_28,spNO.1,j,28,33,49,happy,CASME3_Dataset\Part_A_ME_clip\Part_A_ME_clip\frame\spNO.1_j_28,CASME3_Dataset\Part_A_ME_clip\Part_A_ME_clip\depth\spNO.1_j_28,4
spNO.1_j_102,spNO.1,j,102,105,113,surprise,CASME3_Dataset\Part_A_ME_clip\Part_A_ME_clip\frame\spNO.1_j_102,CASME3_Dataset\Part_A_ME_clip\Part_A_ME_clip\depth\spNO.1_j_102,4
spNO.1_k_153,spNO.1,k,153,159,168,happy,CASME3_Dataset\Part_A_ME_clip\Part_A_ME_clip\frame\spNO.1_k_153,CASME3_Dataset\Part_A_ME_clip\Part_A_ME_clip\depth\spNO.1_k_153,4
spNO.10_a_116,spNO.10,a,116,121,125,disgust,CASME3_Dataset\Part_A_ME_clip\Part_A_ME_clip\frame\spNO.10_a_116,CASME3_Dataset\Part_A_ME_clip\Part_A_ME_clip\depth\spNO.10_a_116,2
spNO.10_d_162,spNO.10,d,162,164,165,surprise,CASME3_Dataset\Part_A_ME_clip\Part_A_ME_clip\frame\spNO.10_d_162,CASME3_Dataset\Part_A_ME_clip\Part_A_ME_clip\depth\spNO.10_d_162,2
spNO.10_d_691,spNO.10,d,691,696,703,others,CASME3_Dataset\Part_A_ME_clip\Part_A_ME_clip\frame\spNO.10_d_691,CASME3_Dataset\Part_A_ME_clip\Part_A_ME_clip\depth\spNO.10_d_691,2
spNO.10_f_278,spNO.10,f,278,279,280,fear,CASME3_Dataset\Part_A_ME_clip\Part_A_ME_clip\frame\spNO.10_f_278,CASME3_Dataset\Part_A_ME_clip\Part_A_ME_clip\depth\spNO.10_f_278,2
spNO.10_f_280,spNO.10,f,280,281,285,fear,CASME3_Dataset\Part_A_ME_clip\Part_A_ME_clip\frame\spNO.10_f_280,CASME3_Dataset\Part_A_ME_clip\Part_A_ME_clip\depth\spNO.10_f_280,2
spNO.10_i_2030,spNO.10,i,2030,2035,2098,disgust,CASME3_Dataset\Part_A_ME_clip\Part_A_ME_clip\frame\spNO.10_i_2030,CASME3_Dataset\Part_A_ME_clip\Part_A_ME_clip\depth\spNO.10_i_2030,2
spNO.10_i_2864,spNO.10,i,2864,2868,2874,anger,CASME3_Dataset\Part_A_ME_clip\Part_A_ME_clip\frame\spNO.10_i_2864,CASME3_Dataset\Part_A_ME_clip\Part_A_ME_clip\depth\spNO.10_i_2864,2
spNO.10_j_1348,spNO.10,j,1348,1351,1356,happy,CASME3_Dataset\Part_A_ME_clip\Part_A_ME_clip\frame\spNO.10_j_1348,CASME3_Dataset\Part_A_ME_clip\Part_A_ME_clip\depth\spNO.10_j_1348,2
spNO.10_j_1565,spNO.10,j,1565,1573,1613,others,CASME3_Dataset\Part_A_ME_clip\Part_A_ME_clip\frame\spNO.10_j_1565,CASME3_Dataset\Part_A_ME_clip\Part_A_ME_clip\depth\spNO.10_j_1565,2
spNO.10_k_424,spNO.10,k,424,429,478,others,CASME3_Dataset\Part_A_ME_clip\Part_A_ME_clip\frame\spNO.10_k_424,CASME3_Dataset\Part_A_ME_clip\Part_A_ME_clip\depth\spNO.10_k_424,2
spNO.10_k_735,spNO.10,k,735,737,743,surprise,CASME3_Dataset\Part_A_ME_clip\Part_A_ME_clip\frame\spNO.10_k_735,CASME3_Dataset\Part_A_ME_clip\Part_A_ME_clip\depth\spNO.10_k_735,2
spNO.10_k_2067,spNO.10,k,2067,2069,2072,surprise,CASME3_Dataset\Part_A_ME_clip\Part_A_ME_clip\frame\spNO.10_k_2067,CASME3_Dataset\Part_A_ME_clip\Part_A_ME_clip\depth\spNO.10_k_2067,2
spNO.10_l_1,spNO.10,l,1,3,8,others,CASME3_Dataset\Part_A_ME_clip\Part_A_ME_clip\frame\spNO.10_l_1,CASME3_Dataset\Part_A_ME_clip\Part_A_ME_clip\depth\spNO.10_l_1,2
spNO.10_l_1086,spNO.10,l,1086,1090,1094,anger,CASME3_Dataset\Part_A_ME_clip\Part_A_ME_clip\frame\spNO.10_l_1086,CASME3_Dataset\Part_A_ME_clip\Part_A_ME_clip\depth\spNO.10_l_1086,2
spNO.10_l_1407,spNO.10,l,1407,1414,1424,surprise,CASME3_Dataset\Part_A_ME_clip\Part_A_ME_clip\frame\spNO.10_l_1407,CASME3_Dataset\Part_A_ME_clip\Part_A_ME_clip\depth\spNO.10_l_1407,2
spNO.11_a_8,spNO.11,a,8,15,22,others,CASME3_Dataset\Part_A_ME_clip\Part_A_ME_clip\frame\spNO.11_a_8,CASME3_Dataset\Part_A_ME_clip\Part_A_ME_clip\depth\spNO.11_a_8,3
spNO.11_a_26,spNO.11,a,26,30,37,disgust,CASME3_Dataset\Part_A_ME_clip\Part_A_ME_clip\frame\spNO.11_a_26,CASME3_Dataset\Part_A_ME_clip\Part_A_ME_clip\depth\spNO.11_a_26,3
spNO.11_a_205,spNO.11,a,205,207,212,surprise,CASME3_Dataset\Part_A_ME_clip\Part_A_ME_clip\frame\spNO.11_a_205,CASME3_Dataset\Part_A_ME_clip\Part_A_ME_clip\depth\spNO.11_a_205,3
spNO.11_a_234,spNO.11,a,234,242,250,disgust,CASME3_Dataset\Part_A_ME_clip\Part_A_ME_clip\frame\spNO.11_a_234,CASME3_Dataset\Part_A_ME_clip\Part_A_ME_clip\depth\spNO.11_a_234,3
spNO.11_a_257,spNO.11,a,257,260,268,others,CASME3_Dataset\Part_A_ME_clip\Part_A_ME_clip\frame\spNO.11_a_257,CASME3_Dataset\Part_A_ME_clip\Part_A_ME_clip\depth\spNO.11_a_257,3
spNO.11_a_413,spNO.11,a,413,415,418,disgust,CASME3_Dataset\Part_A_ME_clip\Part_A_ME_clip\frame\spNO.11_a_413,CASME3_Dataset\Part_A_ME_clip\Part_A_ME_clip\depth\spNO.11_a_413,3
spNO.11_d_1982,spNO.11,d,1982,1986,1990,fear,CASME3_Dataset\Part_A_ME_clip\Part_A_ME_clip\frame\spNO.11_d_1982,CASME3_Dataset\Part_A_ME_clip\Part_A_ME_clip\depth\spNO.11_d_1982,3
spNO.11_d_2487,spNO.11,d,2487,2495,2506,fear,CASME3_Dataset\Part_A_ME_clip\Part_A_ME_clip\frame\spNO.11_d_2487,CASME3_Dataset\Part_A_ME_clip\Part_A_ME_clip\depth\spNO.11_d_2487,3
spNO.11_e_856,spNO.11,e,856,864,872,disgust,CASME3_Dataset\Part_A_ME_clip\Part_A_ME_clip\frame\spNO.11_e_856,CASME3_Dataset\Part_A_ME_clip\Part_A_ME_clip\depth\spNO.11_e_856,3
spNO.11_f_13,spNO.11,f,13,13,40,others,CASME3_Dataset\Part_A_ME_clip\Part_A_ME_clip\frame\spNO.11_f_13,CASME3_Dataset\Part_A_ME_clip\Part_A_ME_clip\depth\spNO.11_f_13,3
spNO.11_g_2001,spNO.11,g,2001,2008,2026,sad,CASME3_Dataset\Part_A_ME_clip\Part_A_ME_clip\frame\spNO.11_g_2001,CASME3_Dataset\Part_A_ME_clip\Part_A_ME_clip\depth\spNO.11_g_2001,3
spNO.11_h_316,spNO.11,h,316,324,338,surprise,CASME3_Dataset\Part_A_ME_clip\Part_A_ME_clip\frame\spNO.11_h_316,CASME3_Dataset\Part_A_ME_clip\Part_A_ME_clip\depth\spNO.11_h_316,3
spNO.11_i_797,spNO.11,i,797,807,811,anger,CASME3_Dataset\Part_A_ME_clip\Part_A_ME_clip\frame\spNO.11_i_797,CASME3_Dataset\Part_A_ME_clip\Part_A_ME_clip\depth\spNO.11_i_797,3
spNO.11_i_2740,spNO.11,i,2740,2748,2758,disgust,CASME3_Dataset\Part_A_ME_clip\Part_A_ME_clip\frame\spNO.11_i_2740,CASME3_Dataset\Part_A_ME_clip\Part_A_ME_clip\depth\spNO.11_i_2740,3
spNO.11_k_375,spNO.11,k,375,381,388,others,CASME3_Dataset\Part_A_ME_clip\Part_A_ME_clip\frame\spNO.11_k_375,CASME3_Dataset\Part_A_ME_clip\Part_A_ME_clip\depth\spNO.11_k_375,3
spNO.11_k_1743,spNO.11,k,1743,1746,1747,others,CASME3_Dataset\Part_A_ME_clip\Part_A_ME_clip\frame\spNO.11_k_1743,CASME3_Dataset\Part_A_ME_clip\Part_A_ME_clip\depth\spNO.11_k_1743,3
spNO.11_l_2733,spNO.11,l,2733,2743,2746,others,CASME3_Dataset\Part_A_ME_clip\Part_A_ME_clip\frame\spNO.11_l_2733,CASME3_Dataset\Part_A_ME_clip\Part_A_ME_clip\depth\spNO.11_l_2733,3
spNO.11_m_1602,spNO.11,m,1602,1609,1621,anger,CASME3_Dataset\Part_A_ME_clip\Part_A_ME_clip\frame\spNO.11_m_1602,CASME3_Dataset\Part_A_ME_clip\Part_A_ME_clip\depth\spNO.11_m_1602,3
spNO.11_m_1855,spNO.11,m,1855,1863,1870,others,CASME3_Dataset\Part_A_ME_clip\Part_A_ME_clip\frame\spNO.11_m_1855,CASME3_Dataset\Part_A_ME_clip\Part_A_ME_clip\depth\spNO.11_m_1855,3
spNO.11_m_2240,spNO.11,m,2240,2245,2255,anger,CASME3_Dataset\Part_A_ME_clip\Part_A_ME_clip\frame\spNO.11_m_2240,CASME3_Dataset\Part_A_ME_clip\Part_A_ME_clip\depth\spNO.11_m_2240,3
spNO.12_a_322,spNO.12,a,322,327,336,others,CASME3_Dataset\Part_A_ME_clip\Part_A_ME_clip\frame\spNO.12_a_322,CASME3_Dataset\Part_A_ME_clip\Part_A_ME_clip\depth\spNO.12_a_322,0
spNO.12_a_385,spNO.12,a,385,392,404,disgust,CASME3_Dataset\Part_A_ME_clip\Part_A_ME_clip\frame\spNO.12_a_385,CASME3_Dataset\Part_A_ME_clip\Part_A_ME_clip\depth\spNO.12_a_385,0
spNO.12_d_116,spNO.12,d,116,121,139,others,CASME3_Dataset\Part_A_ME_clip\Part_A_ME_clip\frame\spNO.12_d_116,CASME3_Dataset\Part_A_ME_clip\Part_A_ME_clip\depth\spNO.12_d_116,0
spNO.12_g_1666,spNO.12,g,1666,1672,1695,anger,CASME3_Dataset\Part_A_ME_clip\Part_A_ME_clip\frame\spNO.12_g_1666,CASME3_Dataset\Part_A_ME_clip\Part_A_ME_clip\depth\spNO.12_g_1666,0
spNO.12_j_31,spNO.12,j,31,38,46,others,CASME3_Dataset\Part_A_ME_clip\Part_A_ME_clip\frame\spNO.12_j_31,CASME3_Dataset\Part_A_ME_clip\Part_A_ME_clip\depth\spNO.12_j_31,0
spNO.13_d_787,spNO.13,d,787,792,800,fear,CASME3_Dataset\Part_A_ME_clip\Part_A_ME_clip\frame\spNO.13_d_787,CASME3_Dataset\Part_A_ME_clip\Part_A_ME_clip\depth\spNO.13_d_787,4
spNO.13_f_1014,spNO.13,f,1014,1018,1033,others,CASME3_Dataset\Part_A_ME_clip\Part_A_ME_clip\frame\spNO.13_f_1014,CASME3_Dataset\Part_A_ME_clip\Part_A_ME_clip\depth\spNO.13_f_1014,4
spNO.13_j_598,spNO.13,j,598,604,611,others,CASME3_Dataset\Part_A_ME_clip\Part_A_ME_clip\frame\spNO.13_j_598,CASME3_Dataset\Part_A_ME_clip\Part_A_ME_clip\depth\spNO.13_j_598,4
spNO.13_l_2080,spNO.13,l,2080,2088,2096,sad,CASME3_Dataset\Part_A_ME_clip\Part_A_ME_clip\frame\spNO.13_l_2080,CASME3_Dataset\Part_A_ME_clip\Part_A_ME_clip\depth\spNO.13_l_2080,4
spNO.13_l_2096,spNO.13,l,2096,2099,2107,sad,CASME3_Dataset\Part_A_ME_clip\Part_A_ME_clip\frame\spNO.13_l_2096,CASME3_Dataset\Part_A_ME_clip\Part_A_ME_clip\depth\spNO.13_l_2096,4
spNO.138_c_721,spNO.138,c,721,728,739,surprise,CASME3_Dataset\Part_A_ME_clip\Part_A_ME_clip\frame\spNO.138_c_721,CASME3_Dataset\Part_A_ME_clip\Part_A_ME_clip\depth\spNO.138_c_721,0
spNO.139_l_463,spNO.139,l,463,470,477,sad,CASME3_Dataset\Part_A_ME_clip\Part_A_ME_clip\frame\spNO.139_l_463,CASME3_Dataset\Part_A_ME_clip\Part_A_ME_clip\depth\spNO.139_l_463,2
spNO.14_a_474,spNO.14,a,474,481,688,disgust,CASME3_Dataset\Part_A_ME_clip\Part_A_ME_clip\frame\spNO.14_a_474,CASME3_Dataset\Part_A_ME_clip\Part_A_ME_clip\depth\spNO.14_a_474,1
spNO.14_e_2154,spNO.14,e,2154,2160,2172,sad,CASME3_Dataset\Part_A_ME_clip\Part_A_ME_clip\frame\spNO.14_e_2154,CASME3_Dataset\Part_A_ME_clip\Part_A_ME_clip\depth\spNO.14_e_2154,1
spNO.142_a_634,spNO.142,a,634,642,647,surprise,CASME3_Dataset\Part_A_ME_clip\Part_A_ME_clip\frame\spNO.142_a_634,CASME3_Dataset\Part_A_ME_clip\Part_A_ME_clip\depth\spNO.142_a_634,4
spNO.142_c_33,spNO.142,c,33,39,51,disgust,CASME3_Dataset\Part_A_ME_clip\Part_A_ME_clip\frame\spNO.142_c_33,CASME3_Dataset\Part_A_ME_clip\Part_A_ME_clip\depth\spNO.142_c_33,4
spNO.142_c_2843,spNO.142,c,2843,2851,2870,disgust,CASME3_Dataset\Part_A_ME_clip\Part_A_ME_clip\frame\spNO.142_c_2843,CASME3_Dataset\Part_A_ME_clip\Part_A_ME_clip\depth\spNO.142_c_2843,4
spNO.142_f_260,spNO.142,f,260,268,282,others,CASME3_Dataset\Part_A_ME_clip\Part_A_ME_clip\frame\spNO.142_f_260,CASME3_Dataset\Part_A_ME_clip\Part_A_ME_clip\depth\spNO.142_f_260,4
spNO.142_g_1408,spNO.142,g,1408,1414,1441,sad,CASME3_Dataset\Part_A_ME_clip\Part_A_ME_clip\frame\spNO.142_g_1408,CASME3_Dataset\Part_A_ME_clip\Part_A_ME_clip\depth\spNO.142_g_1408,4
spNO.142_g_1566,spNO.142,g,1566,1570,1578,sad,CASME3_Dataset\Part_A_ME_clip\Part_A_ME_clip\frame\spNO.142_g_1566,CASME3_Dataset\Part_A_ME_clip\Part_A_ME_clip\depth\spNO.142_g_1566,4
spNO.142_h_5,spNO.142,h,5,13,39,anger,CASME3_Dataset\Part_A_ME_clip\Part_A_ME_clip\frame\spNO.142_h_5,CASME3_Dataset\Part_A_ME_clip\Part_A_ME_clip\depth\spNO.142_h_5,4
spNO.142_h_1426,spNO.142,h,1426,1429,1436,anger,CASME3_Dataset\Part_A_ME_clip\Part_A_ME_clip\frame\spNO.142_h_1426,CASME3_Dataset\Part_A_ME_clip\Part_A_ME_clip\depth\spNO.142_h_1426,4
spNO.142_h_2991,spNO.142,h,2991,3001,3006,anger,CASME3_Dataset\Part_A_ME_clip\Part_A_ME_clip\frame\spNO.142_h_2991,CASME3_Dataset\Part_A_ME_clip\Part_A_ME_clip\depth\spNO.142_h_2991,4
spNO.142_i_11,spNO.142,i,11,11,83,anger,CASME3_Dataset\Part_A_ME_clip\Part_A_ME_clip\frame\spNO.142_i_11,CASME3_Dataset\Part_A_ME_clip\Part_A_ME_clip\depth\spNO.142_i_11,4
spNO.142_i_518,spNO.142,i,518,525,532,disgust,CASME3_Dataset\Part_A_ME_clip\Part_A_ME_clip\frame\spNO.142_i_518,CASME3_Dataset\Part_A_ME_clip\Part_A_ME_clip\depth\spNO.142_i_518,4
spNO.142_i_1308,spNO.142,i,1308,1314,1333,anger,CASME3_Dataset\Part_A_ME_clip\Part_A_ME_clip\frame\spNO.142_i_1308,CASME3_Dataset\Part_A_ME_clip\Part_A_ME_clip\depth\spNO.142_i_1308,4
spNO.142_i_1462,spNO.142,i,1462,1469,1488,disgust,CASME3_Dataset\Part_A_ME_clip\Part_A_ME_clip\frame\spNO.142_i_1462,CASME3_Dataset\Part_A_ME_clip\Part_A_ME_clip\depth\spNO.142_i_1462,4
spNO.142_i_3283,spNO.142,i,3283,3286,3292,others,CASME3_Dataset\Part_A_ME_clip\Part_A_ME_clip\frame\spNO.142_i_3283,CASME3_Dataset\Part_A_ME_clip\Part_A_ME_clip\depth\spNO.142_i_3283,4
spNO.142_j_7,spNO.142,j,7,7,42,happy,CASME3_Dataset\Part_A_ME_clip\Part_A_ME_clip\frame\spNO.142_j_7,CASME3_Dataset\Part_A_ME_clip\Part_A_ME_clip\depth\spNO.142_j_7,4
spNO.142_m_2231,spNO.142,m,2231,2236,2253,anger,CASME3_Dataset\Part_A_ME_clip\Part_A_ME_clip\frame\spNO.142_m_2231,CASME3_Dataset\Part_A_ME_clip\Part_A_ME_clip\depth\spNO.142_m_2231,4
spNO.143_i_2895,spNO.143,i,2895,2902,2910,others,CASME3_Dataset\Part_A_ME_clip\Part_A_ME_clip\frame\spNO.143_i_2895,CASME3_Dataset\Part_A_ME_clip\Part_A_ME_clip\depth\spNO.143_i_2895,3
spNO.143_l_5,spNO.143,l,5,5,30,others,CASME3_Dataset\Part_A_ME_clip\Part_A_ME_clip\frame\spNO.143_l_5,CASME3_Dataset\Part_A_ME_clip\Part_A_ME_clip\depth\spNO.143_l_5,3
spNO.144_a_20,spNO.144,a,20,27,33,disgust,CASME3_Dataset\Part_A_ME_clip\Part_A_ME_clip\frame\spNO.144_a_20,CASME3_Dataset\Part_A_ME_clip\Part_A_ME_clip\depth\spNO.144_a_20,1
spNO.144_d_2384,spNO.144,d,2384,2390,2414,fear,CASME3_Dataset\Part_A_ME_clip\Part_A_ME_clip\frame\spNO.144_d_2384,CASME3_Dataset\Part_A_ME_clip\Part_A_ME_clip\depth\spNO.144_d_2384,1
spNO.144_d_3048,spNO.144,d,3048,3055,3063,surprise,CASME3_Dataset\Part_A_ME_clip\Part_A_ME_clip\frame\spNO.144_d_3048,CASME3_Dataset\Part_A_ME_clip\Part_A_ME_clip\depth\spNO.144_d_3048,1
spNO.144_d_4414,spNO.144,d,4414,4417,4425,surprise,CASME3_Dataset\Part_A_ME_clip\Part_A_ME_clip\frame\spNO.144_d_4414,CASME3_Dataset\Part_A_ME_clip\Part_A_ME_clip\depth\spNO.144_d_4414,1
spNO.144_g_422,spNO.144,g,422,426,433,sad,CASME3_Dataset\Part_A_ME_clip\Part_A_ME_clip\frame\spNO.144_g_422,CASME3_Dataset\Part_A_ME_clip\Part_A_ME_clip\depth\spNO.144_g_422,1
spNO.144_g_884,spNO.144,g,884,890,898,surprise,CASME3_Dataset\Part_A_ME_clip\Part_A_ME_clip\frame\spNO.144_g_884,CASME3_Dataset\Part_A_ME_clip\Part_A_ME_clip\depth\spNO.144_g_884,1
spNO.144_g_1659,spNO.144,g,1659,1665,1680,sad,CASME3_Dataset\Part_A_ME_clip\Part_A_ME_clip\frame\spNO.144_g_1659,CASME3_Dataset\Part_A_ME_clip\Part_A_ME_clip\depth\spNO.144_g_1659,1
spNO.144_g_1824,spNO.144,g,1824,1832,1882,anger,CASME3_Dataset\Part_A_ME_clip\Part_A_ME_clip\frame\spNO.144_g_1824,CASME3_Dataset\Part_A_ME_clip\Part_A_ME_clip\depth\spNO.144_g_1824,1
spNO.144_h_553,spNO.144,h,553,560,601,disgust,CASME3_Dataset\Part_A_ME_clip\Part_A_ME_clip\frame\spNO.144_h_553,CASME3_Dataset\Part_A_ME_clip\Part_A_ME_clip\depth\spNO.144_h_553,1
spNO.144_k_2150,spNO.144,k,2150,2155,2174,happy,CASME3_Dataset\Part_A_ME_clip\Part_A_ME_clip\frame\spNO.144_k_2150,CASME3_Dataset\Part_A_ME_clip\Part_A_ME_clip\depth\spNO.144_k_2150,1
spNO.144_l_1102,spNO.144,l,1102,1105,1115,others,CASME3_Dataset\Part_A_ME_clip\Part_A_ME_clip\frame\spNO.144_l_1102,CASME3_Dataset\Part_A_ME_clip\Part_A_ME_clip\depth\spNO.144_l_1102,1
spNO.144_l_1293,spNO.144,l,1293,1299,1325,sad,CASME3_Dataset\Part_A_ME_clip\Part_A_ME_clip\frame\spNO.144_l_1293,CASME3_Dataset\Part_A_ME_clip\Part_A_ME_clip\depth\spNO.144_l_1293,1
spNO.144_m_928,spNO.144,m,928,935,943,anger,CASME3_Dataset\Part_A_ME_clip\Part_A_ME_clip\frame\spNO.144_m_928,CASME3_Dataset\Part_A_ME_clip\Part_A_ME_clip\depth\spNO.144_m_928,1
spNO.145_g_150,spNO.145,g,150,156,158,surprise,CASME3_Dataset\Part_A_ME_clip\Part_A_ME_clip\frame\spNO.145_g_150,CASME3_Dataset\Part_A_ME_clip\Part_A_ME_clip\depth\spNO.145_g_150,1
spNO.145_j_1304,spNO.145,j,1304,1311,1325,happy,CASME3_Dataset\Part_A_ME_clip\Part_A_ME_clip\frame\spNO.145_j_1304,CASME3_Dataset\Part_A_ME_clip\Part_A_ME_clip\depth\spNO.145_j_1304,1
spNO.146_a_530,spNO.146,a,530,536,561,disgust,CASME3_Dataset\Part_A_ME_clip\Part_A_ME_clip\frame\spNO.146_a_530,CASME3_Dataset\Part_A_ME_clip\Part_A_ME_clip\depth\spNO.146_a_530,0
spNO.146_d_1607,spNO.146,d,1607,1615,1638,fear,CASME3_Dataset\Part_A_ME_clip\Part_A_ME_clip\frame\spNO.146_d_1607,CASME3_Dataset\Part_A_ME_clip\Part_A_ME_clip\depth\spNO.146_d_1607,0
spNO.147_d_1146,spNO.147,d,1146,1150,1163,surprise,CASME3_Dataset\Part_A_ME_clip\Part_A_ME_clip\frame\spNO.147_d_1146,CASME3_Dataset\Part_A_ME_clip\Part_A_ME_clip\depth\spNO.147_d_1146,3
spNO.147_e_1058,spNO.147,e,1058,1069,1071,others,CASME3_Dataset\Part_A_ME_clip\Part_A_ME_clip\frame\spNO.147_e_1058,CASME3_Dataset\Part_A_ME_clip\Part_A_ME_clip\depth\spNO.147_e_1058,3
spNO.147_f_1473,spNO.147,f,1473,1477,1504,surprise,CASME3_Dataset\Part_A_ME_clip\Part_A_ME_clip\frame\spNO.147_f_1473,CASME3_Dataset\Part_A_ME_clip\Part_A_ME_clip\depth\spNO.147_f_1473,3
spNO.147_m_1840,spNO.147,m,1840,1845,1982,anger,CASME3_Dataset\Part_A_ME_clip\Part_A_ME_clip\frame\spNO.147_m_1840,CASME3_Dataset\Part_A_ME_clip\Part_A_ME_clip\depth\spNO.147_m_1840,3
spNO.148_a_403,spNO.148,a,403,411,435,disgust,CASME3_Dataset\Part_A_ME_clip\Part_A_ME_clip\frame\spNO.148_a_403,CASME3_Dataset\Part_A_ME_clip\Part_A_ME_clip\depth\spNO.148_a_403,2
spNO.148_a_925,spNO.148,a,925,933,977,disgust,CASME3_Dataset\Part_A_ME_clip\Part_A_ME_clip\frame\spNO.148_a_925,CASME3_Dataset\Part_A_ME_clip\Part_A_ME_clip\depth\spNO.148_a_925,2
spNO.148_b_204,spNO.148,b,204,213,218,disgust,CASME3_Dataset\Part_A_ME_clip\Part_A_ME_clip\frame\spNO.148_b_204,CASME3_Dataset\Part_A_ME_clip\Part_A_ME_clip\depth\spNO.148_b_204,2
spNO.148_b_287,spNO.148,b,287,290,295,disgust,CASME3_Dataset\Part_A_ME_clip\Part_A_ME_clip\frame\spNO.148_b_287,CASME3_Dataset\Part_A_ME_clip\Part_A_ME_clip\depth\spNO.148_b_287,2
spNO.148_b_336,spNO.148,b,336,342,348,disgust,CASME3_Dataset\Part_A_ME_clip\Part_A_ME_clip\frame\spNO.148_b_336,CASME3_Dataset\Part_A_ME_clip\Part_A_ME_clip\depth\spNO.148_b_336,2
spNO.148_b_560,spNO.148,b,560,568,585,disgust,CASME3_Dataset\Part_A_ME_clip\Part_A_ME_clip\frame\spNO.148_b_560,CASME3_Dataset\Part_A_ME_clip\Part_A_ME_clip\depth\spNO.148_b_560,2
spNO.148_b_811,spNO.148,b,811,815,820,disgust,CASME3_Dataset\Part_A_ME_clip\Part_A_ME_clip\frame\spNO.148_b_811,CASME3_Dataset\Part_A_ME_clip\Part_A_ME_clip\depth\spNO.148_b_811,2
spNO.148_c_161,spNO.148,c,161,166,174,disgust,CASME3_Dataset\Part_A_ME_clip\Part_A_ME_clip\frame\spNO.148_c_161,CASME3_Dataset\Part_A_ME_clip\Part_A_ME_clip\depth\spNO.148_c_161,2
spNO.148_c_629,spNO.148,c,629,637,662,disgust,CASME3_Dataset\Part_A_ME_clip\Part_A_ME_clip\frame\spNO.148_c_629,CASME3_Dataset\Part_A_ME_clip\Part_A_ME_clip\depth\spNO.148_c_629,2
spNO.148_c_801,spNO.148,c,801,806,845,disgust,CASME3_Dataset\Part_A_ME_clip\Part_A_ME_clip\frame\spNO.148_c_801,CASME3_Dataset\Part_A_ME_clip\Part_A_ME_clip\depth\spNO.148_c_801,2
spNO.148_c_1665,spNO.148,c,1665,1672,1890,disgust,CASME3_Dataset\Part_A_ME_clip\Part_A_ME_clip\frame\spNO.148_c_1665,CASME3_Dataset\Part_A_ME_clip\Part_A_ME_clip\depth\spNO.148_c_1665,2
spNO.148_c_2296,spNO.148,c,2296,2301,2308,disgust,CASME3_Dataset\Part_A_ME_clip\Part_A_ME_clip\frame\spNO.148_c_2296,CASME3_Dataset\Part_A_ME_clip\Part_A_ME_clip\depth\spNO.148_c_2296,2
spNO.148_c_2341,spNO.148,c,2341,2347,2372,disgust,CASME3_Dataset\Part_A_ME_clip\Part_A_ME_clip\frame\spNO.148_c_2341,CASME3_Dataset\Part_A_ME_clip\Part_A_ME_clip\depth\spNO.148_c_2341,2
spNO.148_d_1899,spNO.148,d,1899,1902,1909,surprise,CASME3_Dataset\Part_A_ME_clip\Part_A_ME_clip\frame\spNO.148_d_1899,CASME3_Dataset\Part_A_ME_clip\Part_A_ME_clip\depth\spNO.148_d_1899,2
spNO.148_d_2261,spNO.148,d,2261,2266,2272,fear,CASME3_Dataset\Part_A_ME_clip\Part_A_ME_clip\frame\spNO.148_d_2261,CASME3_Dataset\Part_A_ME_clip\Part_A_ME_clip\depth\spNO.148_d_2261,2
spNO.148_d_2657,spNO.148,d,2657,2662,2665,fear,CASME3_Dataset\Part_A_ME_clip\Part_A_ME_clip\frame\spNO.148_d_2657,CASME3_Dataset\Part_A_ME_clip\Part_A_ME_clip\depth\spNO.148_d_2657,2
spNO.148_d_2668,spNO.148,d,2668,2674,2680,fear,CASME3_Dataset\Part_A_ME_clip\Part_A_ME_clip\frame\spNO.148_d_2668,CASME3_Dataset\Part_A_ME_clip\Part_A_ME_clip\depth\spNO.148_d_2668,2
spNO.148_d_4738,spNO.148,d,4738,4741,4770,fear,CASME3_Dataset\Part_A_ME_clip\Part_A_ME_clip\frame\spNO.148_d_4738,CASME3_Dataset\Part_A_ME_clip\Part_A_ME_clip\depth\spNO.148_d_4738,2
spNO.148_e_881,spNO.148,e,881,889,896,disgust,CASME3_Dataset\Part_A_ME_clip\Part_A_ME_clip\frame\spNO.148_e_881,CASME3_Dataset\Part_A_ME_clip\Part_A_ME_clip\depth\spNO.148_e_881,2
spNO.148_f_597,spNO.148,f,597,601,607,fear,CASME3_Dataset\Part_A_ME_clip\Part_A_ME_clip\frame\spNO.148_f_597,CASME3_Dataset\Part_A_ME_clip\Part_A_ME_clip\depth\spNO.148_f_597,2
spNO.148_f_798,spNO.148,f,798,802,807,surprise,CASME3_Dataset\Part_A_ME_clip\Part_A_ME_clip\frame\spNO.148_f_798,CASME3_Dataset\Part_A_ME_clip\Part_A_ME_clip\depth\spNO.148_f_798,2
spNO.148_f_1385,spNO.148,f,1385,1391,1396,disgust,CASME3_Dataset\Part_A_ME_clip\Part_A_ME_clip\frame\spNO.148_f_1385,CASME3_Dataset\Part_A_ME_clip\Part_A_ME_clip\depth\spNO.148_f_1385,2
spNO.148_f_1464,spNO.148,f,1464,1468,1474,fear,CASME3_Dataset\Part_A_ME_clip\Part_A_ME_clip\frame\spNO.148_f_1464,CASME3_Dataset\Part_A_ME_clip\Part_A_ME_clip\depth\spNO.148_f_1464,2
spNO.148_i_133,spNO.148,i,133,139,147,surprise,CASME3_Dataset\Part_A_ME_clip\Part_A_ME_clip\frame\spNO.148_i_133,CASME3_Dataset\Part_A_ME_clip\Part_A_ME_clip\depth\spNO.148_i_133,2
spNO.148_k_1998,spNO.148,k,1998,2005,2058,surprise,CASME3_Dataset\Part_A_ME_clip\Part_A_ME_clip\frame\spNO.148_k_1998,CASME3_Dataset\Part_A_ME_clip\Part_A_ME_clip\depth\spNO.148_k_1998,2
spNO.148_k_2590,spNO.148,k,2590,2595,2599,disgust,CASME3_Dataset\Part_A_ME_clip\Part_A_ME_clip\frame\spNO.148_k_2590,CASME3_Dataset\Part_A_ME_clip\Part_A_ME_clip\depth\spNO.148_k_2590,2
spNO.148_l_1349,spNO.148,l,1349,1353,1364,disgust,CASME3_Dataset\Part_A_ME_clip\Part_A_ME_clip\frame\spNO.148_l_1349,CASME3_Dataset\Part_A_ME_clip\Part_A_ME_clip\depth\spNO.148_l_1349,2
spNO.148_m_337,spNO.148,m,337,343,359,disgust,CASME3_Dataset\Part_A_ME_clip\Part_A_ME_clip\frame\spNO.148_m_337,CASME3_Dataset\Part_A_ME_clip\Part_A_ME_clip\depth\spNO.148_m_337,2
spNO.148_m_1598,spNO.148,m,1598,1603,1614,anger,CASME3_Dataset\Part_A_ME_clip\Part_A_ME_clip\frame\spNO.148_m_1598,CASME3_Dataset\Part_A_ME_clip\Part_A_ME_clip\depth\spNO.148_m_1598,2
spNO.149_g_233,spNO.149,g,233,237,265,others,CASME3_Dataset\Part_A_ME_clip\Part_A_ME_clip\frame\spNO.149_g_233,CASME3_Dataset\Part_A_ME_clip\Part_A_ME_clip\depth\spNO.149_g_233,3
spNO.149_i_1826,spNO.149,i,1826,1832,1833,disgust,CASME3_Dataset\Part_A_ME_clip\Part_A_ME_clip\frame\spNO.149_i_1826,CASME3_Dataset\Part_A_ME_clip\Part_A_ME_clip\depth\spNO.149_i_1826,3
spNO.149_i_1848,spNO.149,i,1848,1852,1861,surprise,CASME3_Dataset\Part_A_ME_clip\Part_A_ME_clip\frame\spNO.149_i_1848,CASME3_Dataset\Part_A_ME_clip\Part_A_ME_clip\depth\spNO.149_i_1848,3
spNO.149_m_1318,spNO.149,m,1318,1325,1337,others,CASME3_Dataset\Part_A_ME_clip\Part_A_ME_clip\frame\spNO.149_m_1318,CASME3_Dataset\Part_A_ME_clip\Part_A_ME_clip\depth\spNO.149_m_1318,3
spNO.15_j_31,spNO.15,j,31,37,46,others,CASME3_Dataset\Part_A_ME_clip\Part_A_ME_clip\frame\spNO.15_j_31,CASME3_Dataset\Part_A_ME_clip\Part_A_ME_clip\depth\spNO.15_j_31,2
spNO.15_j_135,spNO.15,j,135,140,181,happy,CASME3_Dataset\Part_A_ME_clip\Part_A_ME_clip\frame\spNO.15_j_135,CASME3_Dataset\Part_A_ME_clip\Part_A_ME_clip\depth\spNO.15_j_135,2
spNO.15_j_726,spNO.15,j,726,734,763,happy,CASME3_Dataset\Part_A_ME_clip\Part_A_ME_clip\frame\spNO.15_j_726,CASME3_Dataset\Part_A_ME_clip\Part_A_ME_clip\depth\spNO.15_j_726,2
spNO.15_j_972,spNO.15,j,972,976,1009,others,CASME3_Dataset\Part_A_ME_clip\Part_A_ME_clip\frame\spNO.15_j_972,CASME3_Dataset\Part_A_ME_clip\Part_A_ME_clip\depth\spNO.15_j_972,2
spNO.15_j_1157,spNO.15,j,1157,1165,1173,happy,CASME3_Dataset\Part_A_ME_clip\Part_A_ME_clip\frame\spNO.15_j_1157,CASME3_Dataset\Part_A_ME_clip\Part_A_ME_clip\depth\spNO.15_j_1157,2
spNO.15_j_1564,spNO.15,j,1564,1571,1573,happy,CASME3_Dataset\Part_A_ME_clip\Part_A_ME_clip\frame\spNO.15_j_1564,CASME3_Dataset\Part_A_ME_clip\Part_A_ME_clip\depth\spNO.15_j_1564,2
spNO.15_l_1400,spNO.15,l,1400,1403,1408,anger,CASME3_Dataset\Part_A_ME_clip\Part_A_ME_clip\frame\spNO.15_l_1400,CASME3_Dataset\Part_A_ME_clip\Part_A_ME_clip\depth\spNO.15_l_1400,2
spNO.15_l_2979,spNO.15,l,2979,2986,2992,anger,CASME3_Dataset\Part_A_ME_clip\Part_A_ME_clip\frame\spNO.15_l_2979,CASME3_Dataset\Part_A_ME_clip\Part_A_ME_clip\depth\spNO.15_l_2979,2
spNO.150_a_355,spNO.150,a,355,361,373,disgust,CASME3_Dataset\Part_A_ME_clip\Part_A_ME_clip\frame\spNO.150_a_355,CASME3_Dataset\Part_A_ME_clip\Part_A_ME_clip\depth\spNO.150_a_355,4
spNO.150_c_916,spNO.150,c,916,922,948,others,CASME3_Dataset\Part_A_ME_clip\Part_A_ME_clip\frame\spNO.150_c_916,CASME3_Dataset\Part_A_ME_clip\Part_A_ME_clip\depth\spNO.150_c_916,4
spNO.150_c_1985,spNO.150,c,1985,1987,1995,disgust,CASME3_Dataset\Part_A_ME_clip\Part_A_ME_clip\frame\spNO.150_c_1985,CASME3_Dataset\Part_A_ME_clip\Part_A_ME_clip\depth\spNO.150_c_1985,4
spNO.150_c_2024,spNO.150,c,2024,2031,2046,others,CASME3_Dataset\Part_A_ME_clip\Part_A_ME_clip\frame\spNO.150_c_2024,CASME3_Dataset\Part_A_ME_clip\Part_A_ME_clip\depth\spNO.150_c_2024,4
spNO.150_e_1040,spNO.150,e,1040,1048,1062,surprise,CASME3_Dataset\Part_A_ME_clip\Part_A_ME_clip\frame\spNO.150_e_1040,CASME3_Dataset\Part_A_ME_clip\Part_A_ME_clip\depth\spNO.150_e_1040,4
spNO.150_e_2277,spNO.150,e,2277,2278,2282,disgust,CASME3_Dataset\Part_A_ME_clip\Part_A_ME_clip\frame\spNO.150_e_2277,CASME3_Dataset\Part_A_ME_clip\Part_A_ME_clip\depth\spNO.150_e_2277,4
spNO.150_f_2035,spNO.150,f,2035,2042,2049,fear,CASME3_Dataset\Part_A_ME_clip\Part_A_ME_clip\frame\spNO.150_f_2035,CASME3_Dataset\Part_A_ME_clip\Part_A_ME_clip\depth\spNO.150_f_2035,4
spNO.150_f_2080,spNO.150,f,2080,2089,2095,others,CASME3_Dataset\Part_A_ME_clip\Part_A_ME_clip\frame\spNO.150_f_2080,CASME3_Dataset\Part_A_ME_clip\Part_A_ME_clip\depth\spNO.150_f_2080,4
spNO.150_f_2131,spNO.150,f,2131,2137,2146,fear,CASME3_Dataset\Part_A_ME_clip\Part_A_ME_clip\frame\spNO.150_f_2131,CASME3_Dataset\Part_A_ME_clip\Part_A_ME_clip\depth\spNO.150_f_2131,4
spNO.150_g_734,spNO.150,g,734,737,765,surprise,CASME3_Dataset\Part_A_ME_clip\Part_A_ME_clip\frame\spNO.150_g_734,CASME3_Dataset\Part_A_ME_clip\Part_A_ME_clip\depth\spNO.150_g_734,4
spNO.150_g_1360,spNO.150,g,1360,1366,1379,anger,CASME3_Dataset\Part_A_ME_clip\Part_A_ME_clip\frame\spNO.150_g_1360,CASME3_Dataset\Part_A_ME_clip\Part_A_ME_clip\depth\spNO.150_g_1360,4
spNO.150_j_714,spNO.150,j,714,722,735,surprise,CASME3_Dataset\Part_A_ME_clip\Part_A_ME_clip\frame\spNO.150_j_714,CASME3_Dataset\Part_A_ME_clip\Part_A_ME_clip\depth\spNO.150_j_714,4
spNO.150_j_747,spNO.150,j,747,753,760,surprise,CASME3_Dataset\Part_A_ME_clip\Part_A_ME_clip\frame\spNO.150_j_747,CASME3_Dataset\Part_A_ME_clip\Part_A_ME_clip\depth\spNO.150_j_747,4
spNO.150_j_1728,spNO.150,j,1728,1731,1743,surprise,CASME3_Dataset\Part_A_ME_clip\Part_A_ME_clip\frame\spNO.150_j_1728,CASME3_Dataset\Part_A_ME_clip\Part_A_ME_clip\depth\spNO.150_j_1728,4
spNO.150_k_341,spNO.150,k,341,347,372,happy,CASME3_Dataset\Part_A_ME_clip\Part_A_ME_clip\frame\spNO.150_k_341,CASME3_Dataset\Part_A_ME_clip\Part_A_ME_clip\depth\spNO.150_k_341,4
spNO.152_c_1536,spNO.152,c,1536,1540,1547,disgust,CASME3_Dataset\Part_A_ME_clip\Part_A_ME_clip\frame\spNO.152_c_1536,CASME3_Dataset\Part_A_ME_clip\Part_A_ME_clip\depth\spNO.152_c_1536,4
spNO.152_d_2556,spNO.152,d,2556,2561,2565,fear,CASME3_Dataset\Part_A_ME_clip\Part_A_ME_clip\frame\spNO.152_d_2556,CASME3_Dataset\Part_A_ME_clip\Part_A_ME_clip\depth\spNO.152_d_2556,4
spNO.152_f_1152,spNO.152,f,1152,1156,1164,surprise,CASME3_Dataset\Part_A_ME_clip\Part_A_ME_clip\frame\spNO.152_f_1152,CASME3_Dataset\Part_A_ME_clip\Part_A_ME_clip\depth\spNO.152_f_1152,4
spNO.152_i_118,spNO.152,i,118,119,122,disgust,CASME3_Dataset\Part_A_ME_clip\Part_A_ME_clip\frame\spNO.152_i_118,CASME3_Dataset\Part_A_ME_clip\Part_A_ME_clip\depth\spNO.152_i_118,4
spNO.152_i_133,spNO.152,i,133,140,409,anger,CASME3_Dataset\Part_A_ME_clip\Part_A_ME_clip\frame\spNO.152_i_133,CASME3_Dataset\Part_A_ME_clip\Part_A_ME_clip\depth\spNO.152_i_133,4
spNO.152_m_735,spNO.152,m,735,740,765,anger,CASME3_Dataset\Part_A_ME_clip\Part_A_ME_clip\frame\spNO.152_m_735,CASME3_Dataset\Part_A_ME_clip\Part_A_ME_clip\depth\spNO.152_m_735,4
spNO.153_a_34,spNO.153,a,34,38,50,disgust,CASME3_Dataset\Part_A_ME_clip\Part_A_ME_clip\frame\spNO.153_a_34,CASME3_Dataset\Part_A_ME_clip\Part_A_ME_clip\depth\spNO.153_a_34,2
spNO.153_d_2152,spNO.153,d,2152,2159,2191,fear,CASME3_Dataset\Part_A_ME_clip\Part_A_ME_clip\frame\spNO.153_d_2152,CASME3_Dataset\Part_A_ME_clip\Part_A_ME_clip\depth\spNO.153_d_2152,2
spNO.153_d_3484,spNO.153,d,3484,3491,3534,fear,CASME3_Dataset\Part_A_ME_clip\Part_A_ME_clip\frame\spNO.153_d_3484,CASME3_Dataset\Part_A_ME_clip\Part_A_ME_clip\depth\spNO.153_d_3484,2
spNO.153_d_3654,spNO.153,d,3654,3660,3687,fear,CASME3_Dataset\Part_A_ME_clip\Part_A_ME_clip\frame\spNO.153_d_3654,CASME3_Dataset\Part_A_ME_clip\Part_A_ME_clip\depth\spNO.153_d_3654,2
spNO.153_d_4563,spNO.153,d,4563,4570,4589,fear,CASME3_Dataset\Part_A_ME_clip\Part_A_ME_clip\frame\spNO.153_d_4563,CASME3_Dataset\Part_A_ME_clip\Part_A_ME_clip\depth\spNO.153_d_4563,2
spNO.153_h_2019,spNO.153,h,2019,2024,2032,surprise,CASME3_Dataset\Part_A_ME_clip\Part_A_ME_clip\frame\spNO.153_h_2019,CASME3_Dataset\Part_A_ME_clip\Part_A_ME_clip\depth\spNO.153_h_2019,2
spNO.153_j_7,spNO.153,j,7,8,113,happy,CASME3_Dataset\Part_A_ME_clip\Part_A_ME_clip\frame\spNO.153_j_7,CASME3_Dataset\Part_A_ME_clip\Part_A_ME_clip\depth\spNO.153_j_7,2
spNO.153_j_274,spNO.153,j,274,280,288,surprise,CASME3_Dataset\Part_A_ME_clip\Part_A_ME_clip\frame\spNO.153_j_274,CASME3_Dataset\Part_A_ME_clip\Part_A_ME_clip\depth\spNO.153_j_274,2
spNO.153_j_1123,spNO.153,j,1123,1129,1140,surprise,CASME3_Dataset\Part_A_ME_clip\Part_A_ME_clip\frame\spNO.153_j_1123,CASME3_Dataset\Part_A_ME_clip\Part_A_ME_clip\depth\spNO.153_j_1123,2
spNO.153_j_1573,spNO.153,j,1573,1579,1586,surprise,CASME3_Dataset\Part_A_ME_clip\Part_A_ME_clip\frame\spNO.153_j_1573,CASME3_Dataset\Part_A_ME_clip\Part_A_ME_clip\depth\spNO.153_j_1573,2
spNO.153_k_8,spNO.153,k,8,15,47,others,CASME3_Dataset\Part_A_ME_clip\Part_A_ME_clip\frame\spNO.153_k_8,CASME3_Dataset\Part_A_ME_clip\Part_A_ME_clip\depth\spNO.153_k_8,2
spNO.153_m_422,spNO.153,m,422,430,445,disgust,CASME3_Dataset\Part_A_ME_clip\Part_A_ME_clip\frame\spNO.153_m_422,CASME3_Dataset\Part_A_ME_clip\Part_A_ME_clip\depth\spNO.153_m_422,2
spNO.154_h_259,spNO.154,h,259,267,352,sad,CASME3_Dataset\Part_A_ME_clip\Part_A_ME_clip\frame\spNO.154_h_259,CASME3_Dataset\Part_A_ME_clip\Part_A_ME_clip\depth\spNO.154_h_259,3
spNO.154_i_1336,spNO.154,i,1336,1342,1366,disgust,CASME3_Dataset\Part_A_ME_clip\Part_A_ME_clip\frame\spNO.154_i_1336,CASME3_Dataset\Part_A_ME_clip\Part_A_ME_clip\depth\spNO.154_i_1336,3
spNO.155_d_5,spNO.155,d,5,12,136,others,CASME3_Dataset\Part_A_ME_clip\Part_A_ME_clip\frame\spNO.155_d_5,CASME3_Dataset\Part_A_ME_clip\Part_A_ME_clip\depth\spNO.155_d_5,1
spNO.155_h_1984,spNO.155,h,1984,1992,2009,sad,CASME3_Dataset\Part_A_ME_clip\Part_A_ME_clip\frame\spNO.155_h_1984,CASME3_Dataset\Part_A_ME_clip\Part_A_ME_clip\depth\spNO.155_h_1984,1
spNO.156_a_34,spNO.156,a,34,38,46,disgust,CASME3_Dataset\Part_A_ME_clip\Part_A_ME_clip\frame\spNO.156_a_34,CASME3_Dataset\Part_A_ME_clip\Part_A_ME_clip\depth\spNO.156_a_34,0
spNO.156_a_340,spNO.156,a,340,348,380,others,CASME3_Dataset\Part_A_ME_clip\Part_A_ME_clip\frame\spNO.156_a_340,CASME3_Dataset\Part_A_ME_clip\Part_A_ME_clip\depth\spNO.156_a_340,0
spNO.156_b_38,spNO.156,b,38,43,50,disgust,CASME3_Dataset\Part_A_ME_clip\Part_A_ME_clip\frame\spNO.156_b_38,CASME3_Dataset\Part_A_ME_clip\Part_A_ME_clip\depth\spNO.156_b_38,0
spNO.156_b_98,spNO.156,b,98,103,110,others,CASME3_Dataset\Part_A_ME_clip\Part_A_ME_clip\frame\spNO.156_b_98,CASME3_Dataset\Part_A_ME_clip\Part_A_ME_clip\depth\spNO.156_b_98,0
spNO.156_b_181,spNO.156,b,181,186,189,disgust,CASME3_Dataset\Part_A_ME_clip\Part_A_ME_clip\frame\spNO.156_b_181,CASME3_Dataset\Part_A_ME_clip\Part_A_ME_clip\depth\spNO.156_b_181,0
spNO.156_b_371,spNO.156,b,371,374,378,disgust,CASME3_Dataset\Part_A_ME_clip\Part_A_ME_clip\frame\spNO.156_b_371,CASME3_Dataset\Part_A_ME_clip\Part_A_ME_clip\depth\spNO.156_b_371,0
spNO.156_c_90,spNO.156,c,90,94,101,disgust,CASME3_Dataset\Part_A_ME_clip\Part_A_ME_clip\frame\spNO.156_c_90,CASME3_Dataset\Part_A_ME_clip\Part_A_ME_clip\depth\spNO.156_c_90,0
spNO.156_c_2183,spNO.156,c,2183,2188,2193,disgust,CASME3_Dataset\Part_A_ME_clip\Part_A_ME_clip\frame\spNO.156_c_2183,CASME3_Dataset\Part_A_ME_clip\Part_A_ME_clip\depth\spNO.156_c_2183,0
spNO.156_d_204,spNO.156,d,204,211,217,fear,CASME3_Dataset\Part_A_ME_clip\Part_A_ME_clip\frame\spNO.156_d_204,CASME3_Dataset\Part_A_ME_clip\Part_A_ME_clip\depth\spNO.156_d_204,0
spNO.156_d_1117,spNO.156,d,1117,1122,1132,fear,CASME3_Dataset\Part_A_ME_clip\Part_A_ME_clip\frame\spNO.156_d_1117,CASME3_Dataset\Part_A_ME_clip\Part_A_ME_clip\depth\spNO.156_d_1117,0
spNO.156_d_4680,spNO.156,d,4680,4687,4694,fear,CASME3_Dataset\Part_A_ME_clip\Part_A_ME_clip\frame\spNO.156_d_4680,CASME3_Dataset\Part_A_ME_clip\Part_A_ME_clip\depth\spNO.156_d_4680,0
spNO.156_i_2132,spNO.156,i,2132,2135,2176,disgust,CASME3_Dataset\Part_A_ME_clip\Part_A_ME_clip\frame\spNO.156_i_2132,CASME3_Dataset\Part_A_ME_clip\Part_A_ME_clip\depth\spNO.156_i_2132,0
spNO.156_l_106,spNO.156,l,106,109,114,anger,CASME3_Dataset\Part_A_ME_clip\Part_A_ME_clip\frame\spNO.156_l_106,CASME3_Dataset\Part_A_ME_clip\Part_A_ME_clip\depth\spNO.156_l_106,0
spNO.157_b_112,spNO.157,b,112,120,132,disgust,CASME3_Dataset\Part_A_ME_clip\Part_A_ME_clip\frame\spNO.157_b_112,CASME3_Dataset\Part_A_ME_clip\Part_A_ME_clip\depth\spNO.157_b_112,1
spNO.157_d_2506,spNO.157,d,2506,2510,2515,fear,CASME3_Dataset\Part_A_ME_clip\Part_A_ME_clip\frame\spNO.157_d_2506,CASME3_Dataset\Part_A_ME_clip\Part_A_ME_clip\depth\spNO.157_d_2506,1
spNO.157_g_7,spNO.157,g,7,14,171,sad,CASME3_Dataset\Part_A_ME_clip\Part_A_ME_clip\frame\spNO.157_g_7,CASME3_Dataset\Part_A_ME_clip\Part_A_ME_clip\depth\spNO.157_g_7,1
spNO.157_h_5,spNO.157,h,5,10,42,sad,CASME3_Dataset\Part_A_ME_clip\Part_A_ME_clip\frame\spNO.157_h_5,CASME3_Dataset\Part_A_ME_clip\Part_A_ME_clip\depth\spNO.157_h_5,1
spNO.157_j_1701,spNO.157,j,1701,1709,1751,disgust,CASME3_Dataset\Part_A_ME_clip\Part_A_ME_clip\frame\spNO.157_j_1701,CASME3_Dataset\Part_A_ME_clip\Part_A_ME_clip\depth\spNO.157_j_1701,1
spNO.157_l_2536,spNO.157,l,2536,2542,2551,surprise,CASME3_Dataset\Part_A_ME_clip\Part_A_ME_clip\frame\spNO.157_l_2536,CASME3_Dataset\Part_A_ME_clip\Part_A_ME_clip\depth\spNO.157_l_2536,1
spNO.158_d_3347,spNO.158,d,3347,3351,3399,others,CASME3_Dataset\Part_A_ME_clip\Part_A_ME_clip\frame\spNO.158_d_3347,CASME3_Dataset\Part_A_ME_clip\Part_A_ME_clip\depth\spNO.158_d_3347,0
spNO.158_e_45,spNO.158,e,45,50,57,others,CASME3_Dataset\Part_A_ME_clip\Part_A_ME_clip\frame\spNO.158_e_45,CASME3_Dataset\Part_A_ME_clip\Part_A_ME_clip\depth\spNO.158_e_45,0
spNO.158_h_288,spNO.158,h,288,296,304,sad,CASME3_Dataset\Part_A_ME_clip\Part_A_ME_clip\frame\spNO.158_h_288,CASME3_Dataset\Part_A_ME_clip\Part_A_ME_clip\depth\spNO.158_h_288,0
spNO.159_k_2462,spNO.159,k,2462,2468,2482,others,CASME3_Dataset\Part_A_ME_clip\Part_A_ME_clip\frame\spNO.159_k_2462,CASME3_Dataset\Part_A_ME_clip\Part_A_ME_clip\depth\spNO.159_k_2462,4
spNO.160_c_2054,spNO.160,c,2054,2061,2070,disgust,CASME3_Dataset\Part_A_ME_clip\Part_A_ME_clip\frame\spNO.160_c_2054,CASME3_Dataset\Part_A_ME_clip\Part_A_ME_clip\depth\spNO.160_c_2054,2
spNO.160_c_2283,spNO.160,c,2283,2290,2298,surprise,CASME3_Dataset\Part_A_ME_clip\Part_A_ME_clip\frame\spNO.160_c_2283,CASME3_Dataset\Part_A_ME_clip\Part_A_ME_clip\depth\spNO.160_c_2283,2
spNO.160_c_3216,spNO.160,c,3216,3224,3258,fear,CASME3_Dataset\Part_A_ME_clip\Part_A_ME_clip\frame\spNO.160_c_3216,CASME3_Dataset\Part_A_ME_clip\Part_A_ME_clip\depth\spNO.160_c_3216,2
spNO.160_d_542,spNO.160,d,542,545,550,fear,CASME3_Dataset\Part_A_ME_clip\Part_A_ME_clip\frame\spNO.160_d_542,CASME3_Dataset\Part_A_ME_clip\Part_A_ME_clip\depth\spNO.160_d_542,2
spNO.160_d_974,spNO.160,d,974,979,988,fear,CASME3_Dataset\Part_A_ME_clip\Part_A_ME_clip\frame\spNO.160_d_974,CASME3_Dataset\Part_A_ME_clip\Part_A_ME_clip\depth\spNO.160_d_974,2
spNO.160_d_1199,spNO.160,d,1199,1203,1208,fear,CASME3_Dataset\Part_A_ME_clip\Part_A_ME_clip\frame\spNO.160_d_1199,CASME3_Dataset\Part_A_ME_clip\Part_A_ME_clip\depth\spNO.160_d_1199,2
spNO.160_d_1497,spNO.160,d,1497,1501,1505,fear,CASME3_Dataset\Part_A_ME_clip\Part_A_ME_clip\frame\spNO.160_d_1497,CASME3_Dataset\Part_A_ME_clip\Part_A_ME_clip\depth\spNO.160_d_1497,2
spNO.160_d_2186,spNO.160,d,2186,2194,2204,fear,CASME3_Dataset\Part_A_ME_clip\Part_A_ME_clip\frame\spNO.160_d_2186,CASME3_Dataset\Part_A_ME_clip\Part_A_ME_clip\depth\spNO.160_d_2186,2
spNO.160_d_2952,spNO.160,d,2952,2958,3007,fear,CASME3_Dataset\Part_A_ME_clip\Part_A_ME_clip\frame\spNO.160_d_2952,CASME3_Dataset\Part_A_ME_clip\Part_A_ME_clip\depth\spNO.160_d_2952,2
spNO.160_d_3034,spNO.160,d,3034,3042,3049,fear,CASME3_Dataset\Part_A_ME_clip\Part_A_ME_clip\frame\spNO.160_d_3034,CASME3_Dataset\Part_A_ME_clip\Part_A_ME_clip\depth\spNO.160_d_3034,2
spNO.160_d_4076,spNO.160,d,4076,4081,4088,fear,CASME3_Dataset\Part_A_ME_clip\Part_A_ME_clip\frame\spNO.160_d_4076,CASME3_Dataset\Part_A_ME_clip\Part_A_ME_clip\depth\spNO.160_d_4076,2
spNO.160_e_341,spNO.160,e,341,345,349,surprise,CASME3_Dataset\Part_A_ME_clip\Part_A_ME_clip\frame\spNO.160_e_341,CASME3_Dataset\Part_A_ME_clip\Part_A_ME_clip\depth\spNO.160_e_341,2
spNO.160_e_459,spNO.160,e,459,464,469,surprise,CASME3_Dataset\Part_A_ME_clip\Part_A_ME_clip\frame\spNO.160_e_459,CASME3_Dataset\Part_A_ME_clip\Part_A_ME_clip\depth\spNO.160_e_459,2
spNO.160_e_586,spNO.160,e,586,592,597,surprise,CASME3_Dataset\Part_A_ME_clip\Part_A_ME_clip\frame\spNO.160_e_586,CASME3_Dataset\Part_A_ME_clip\Part_A_ME_clip\depth\spNO.160_e_586,2
spNO.160_e_635,spNO.160,e,635,643,651,surprise,CASME3_Dataset\Part_A_ME_clip\Part_A_ME_clip\frame\spNO.160_e_635,CASME3_Dataset\Part_A_ME_clip\Part_A_ME_clip\depth\spNO.160_e_635,2
spNO.160_e_888,spNO.160,e,888,894,900,surprise,CASME3_Dataset\Part_A_ME_clip\Part_A_ME_clip\frame\spNO.160_e_888,CASME3_Dataset\Part_A_ME_clip\Part_A_ME_clip\depth\spNO.160_e_888,2
spNO.160_e_1433,spNO.160,e,1433,1439,1447,surprise,CASME3_Dataset\Part_A_ME_clip\Part_A_ME_clip\frame\spNO.160_e_1433,CASME3_Dataset\Part_A_ME_clip\Part_A_ME_clip\depth\spNO.160_e_1433,2
spNO.160_e_1498,spNO.160,e,1498,1504,1519,surprise,CASME3_Dataset\Part_A_ME_clip\Part_A_ME_clip\frame\spNO.160_e_1498,CASME3_Dataset\Part_A_ME_clip\Part_A_ME_clip\depth\spNO.160_e_1498,2
spNO.160_e_1531,spNO.160,e,1531,1537,1543,surprise,CASME3_Dataset\Part_A_ME_clip\Part_A_ME_clip\frame\spNO.160_e_1531,CASME3_Dataset\Part_A_ME_clip\Part_A_ME_clip\depth\spNO.160_e_1531,2
spNO.160_e_1749,spNO.160,e,1749,1752,1758,surprise,CASME3_Dataset\Part_A_ME_clip\Part_A_ME_clip\frame\spNO.160_e_1749,CASME3_Dataset\Part_A_ME_clip\Part_A_ME_clip\depth\spNO.160_e_1749,2
spNO.160_e_2093,spNO.160,e,2093,2101,2113,surprise,CASME3_Dataset\Part_A_ME_clip\Part_A_ME_clip\frame\spNO.160_e_2093,CASME3_Dataset\Part_A_ME_clip\Part_A_ME_clip\depth\spNO.160_e_2093,2
spNO.160_e_2569,spNO.160,e,2569,2574,2580,surprise,CASME3_Dataset\Part_A_ME_clip\Part_A_ME_clip\frame\spNO.160_e_2569,CASME3_Dataset\Part_A_ME_clip\Part_A_ME_clip\depth\spNO.160_e_2569,2
spNO.160_f_569,spNO.160,f,569,576,586,surprise,CASME3_Dataset\Part_A_ME_clip\Part_A_ME_clip\frame\spNO.160_f_569,CASME3_Dataset\Part_A_ME_clip\Part_A_ME_clip\depth\spNO.160_f_569,2
spNO.160_f_1833,spNO.160,f,1833,1841,1872,fear,CASME3_Dataset\Part_A_ME_clip\Part_A_ME_clip\frame\spNO.160_f_1833,CASME3_Dataset\Part_A_ME_clip\Part_A_ME_clip\depth\spNO.160_f_1833,2
spNO.160_f_2218,spNO.160,f,2218,2222,2234,fear,CASME3_Dataset\Part_A_ME_clip\Part_A_ME_clip\frame\spNO.160_f_2218,CASME3_Dataset\Part_A_ME_clip\Part_A_ME_clip\depth\spNO.160_f_2218,2
spNO.160_g_440,spNO.160,g,440,448,457,sad,CASME3_Dataset\Part_A_ME_clip\Part_A_ME_clip\frame\spNO.160_g_440,CASME3_Dataset\Part_A_ME_clip\Part_A_ME_clip\depth\spNO.160_g_440,2
spNO.160_g_1786,spNO.160,g,1786,1792,1805,anger,CASME3_Dataset\Part_A_ME_clip\Part_A_ME_clip\frame\spNO.160_g_1786,CASME3_Dataset\Part_A_ME_clip\Part_A_ME_clip\depth\spNO.160_g_1786,2
spNO.160_h_481,spNO.160,h,481,488,494,sad,CASME3_Dataset\Part_A_ME_clip\Part_A_ME_clip\frame\spNO.160_h_481,CASME3_Dataset\Part_A_ME_clip\Part_A_ME_clip\depth\spNO.160_h_481,2
spNO.160_h_694,spNO.160,h,694,698,715,sad,CASME3_Dataset\Part_A_ME_clip\Part_A_ME_clip\frame\spNO.160_h_694,CASME3_Dataset\Part_A_ME_clip\Part_A_ME_clip\depth\spNO.160_h_694,2
spNO.160_h_1575,spNO.160,h,1575,1583,1594,sad,CASME3_Dataset\Part_A_ME_clip\Part_A_ME_clip\frame\spNO.160_h_1575,CASME3_Dataset\Part_A_ME_clip\Part_A_ME_clip\depth\spNO.160_h_1575,2
spNO.160_h_2816,spNO.160,h,2816,2824,2837,anger,CASME3_Dataset\Part_A_ME_clip\Part_A_ME_clip\frame\spNO.160_h_2816,CASME3_Dataset\Part_A_ME_clip\Part_A_ME_clip\depth\spNO.160_h_2816,2
spNO.160_i_1270,spNO.160,i,1270,1276,1281,disgust,CASME3_Dataset\Part_A_ME_clip\Part_A_ME_clip\frame\spNO.160_i_1270,CASME3_Dataset\Part_A_ME_clip\Part_A_ME_clip\depth\spNO.160_i_1270,2
spNO.160_i_1281,spNO.160,i,1281,1286,1298,surprise,CASME3_Dataset\Part_A_ME_clip\Part_A_ME_clip\frame\spNO.160_i_1281,CASME3_Dataset\Part_A_ME_clip\Part_A_ME_clip\depth\spNO.160_i_1281,2
spNO.160_i_1311,spNO.160,i,1311,1316,1321,surprise,CASME3_Dataset\Part_A_ME_clip\Part_A_ME_clip\frame\spNO.160_i_1311,CASME3_Dataset\Part_A_ME_clip\Part_A_ME_clip\depth\spNO.160_i_1311,2
spNO.160_i_1418,spNO.160,i,1418,1425,1482,disgust,CASME3_Dataset\Part_A_ME_clip\Part_A_ME_clip\frame\spNO.160_i_1418,CASME3_Dataset\Part_A_ME_clip\Part_A_ME_clip\depth\spNO.160_i_1418,2
spNO.160_i_1642,spNO.160,i,1642,1649,1685,anger,CASME3_Dataset\Part_A_ME_clip\Part_A_ME_clip\frame\spNO.160_i_1642,CASME3_Dataset\Part_A_ME_clip\Part_A_ME_clip\depth\spNO.160_i_1642,2
spNO.160_i_1762,spNO.160,i,1762,1765,1773,disgust,CASME3_Dataset\Part_A_ME_clip\Part_A_ME_clip\frame\spNO.160_i_1762,CASME3_Dataset\Part_A_ME_clip\Part_A_ME_clip\depth\spNO.160_i_1762,2
spNO.160_i_1874,spNO.160,i,1874,1881,1894,disgust,CASME3_Dataset\Part_A_ME_clip\Part_A_ME_clip\frame\spNO.160_i_1874,CASME3_Dataset\Part_A_ME_clip\Part_A_ME_clip\depth\spNO.160_i_1874,2
spNO.160_i_1940,spNO.160,i,1940,1948,1955,disgust,CASME3_Dataset\Part_A_ME_clip\Part_A_ME_clip\frame\spNO.160_i_1940,CASME3_Dataset\Part_A_ME_clip\Part_A_ME_clip\depth\spNO.160_i_1940,2
spNO.160_i_2670,spNO.160,i,2670,2676,2687,disgust,CASME3_Dataset\Part_A_ME_clip\Part_A_ME_clip\frame\spNO.160_i_2670,CASME3_Dataset\Part_A_ME_clip\Part_A_ME_clip\depth\spNO.160_i_2670,2
spNO.160_i_3174,spNO.160,i,3174,3179,3187,surprise,CASME3_Dataset\Part_A_ME_clip\Part_A_ME_clip\frame\spNO.160_i_3174,CASME3_Dataset\Part_A_ME_clip\Part_A_ME_clip\depth\spNO.160_i_3174,2
spNO.160_i_3307,spNO.160,i,3307,3314,3329,disgust,CASME3_Dataset\Part_A_ME_clip\Part_A_ME_clip\frame\spNO.160_i_3307,CASME3_Dataset\Part_A_ME_clip\Part_A_ME_clip\depth\spNO.160_i_3307,2
spNO.160_i_3403,spNO.160,i,3403,3409,3418,disgust,CASME3_Dataset\Part_A_ME_clip\Part_A_ME_clip\frame\spNO.160_i_3403,CASME3_Dataset\Part_A_ME_clip\Part_A_ME_clip\depth\spNO.160_i_3403,2
spNO.160_i_3674,spNO.160,i,3674,3680,3695,disgust,CASME3_Dataset\Part_A_ME_clip\Part_A_ME_clip\frame\spNO.160_i_3674,CASME3_Dataset\Part_A_ME_clip\Part_A_ME_clip\depth\spNO.160_i_3674,2
spNO.160_i_3733,spNO.160,i,3733,3741,3756,disgust,CASME3_Dataset\Part_A_ME_clip\Part_A_ME_clip\frame\spNO.160_i_3733,CASME3_Dataset\Part_A_ME_clip\Part_A_ME_clip\depth\spNO.160_i_3733,2
spNO.160_i_3770,spNO.160,i,3770,3776,3788,disgust,CASME3_Dataset\Part_A_ME_clip\Part_A_ME_clip\frame\spNO.160_i_3770,CASME3_Dataset\Part_A_ME_clip\Part_A_ME_clip\depth\spNO.160_i_3770,2
spNO.160_i_3985,spNO.160,i,3985,3990,3997,disgust,CASME3_Dataset\Part_A_ME_clip\Part_A_ME_clip\frame\spNO.160_i_3985,CASME3_Dataset\Part_A_ME_clip\Part_A_ME_clip\depth\spNO.160_i_3985,2
spNO.160_i_4160,spNO.160,i,4160,4168,4175,disgust,CASME3_Dataset\Part_A_ME_clip\Part_A_ME_clip\frame\spNO.160_i_4160,CASME3_Dataset\Part_A_ME_clip\Part_A_ME_clip\depth\spNO.160_i_4160,2
spNO.160_j_1623,spNO.160,j,1623,1627,1634,disgust,CASME3_Dataset\Part_A_ME_clip\Part_A_ME_clip\frame\spNO.160_j_1623,CASME3_Dataset\Part_A_ME_clip\Part_A_ME_clip\depth\spNO.160_j_1623,2
spNO.160_k_2426,spNO.160,k,2426,2433,2450,disgust,CASME3_Dataset\Part_A_ME_clip\Part_A_ME_clip\frame\spNO.160_k_2426,CASME3_Dataset\Part_A_ME_clip\Part_A_ME_clip\depth\spNO.160_k_2426,2
spNO.160_k_2754,spNO.160,k,2754,2760,2774,happy,CASME3_Dataset\Part_A_ME_clip\Part_A_ME_clip\frame\spNO.160_k_2754,CASME3_Dataset\Part_A_ME_clip\Part_A_ME_clip\depth\spNO.160_k_2754,2
spNO.160_l_79,spNO.160,l,79,85,93,sad,CASME3_Dataset\Part_A_ME_clip\Part_A_ME_clip\frame\spNO.160_l_79,CASME3_Dataset\Part_A_ME_clip\Part_A_ME_clip\depth\spNO.160_l_79,2
spNO.160_l_1091,spNO.160,l,1091,1099,1111,surprise,CASME3_Dataset\Part_A_ME_clip\Part_A_ME_clip\frame\spNO.160_l_1091,CASME3_Dataset\Part_A_ME_clip\Part_A_ME_clip\depth\spNO.160_l_1091,2
spNO.160_l_1278,spNO.160,l,1278,1284,1291,sad,CASME3_Dataset\Part_A_ME_clip\Part_A_ME_clip\frame\spNO.160_l_1278,CASME3_Dataset\Part_A_ME_clip\Part_A_ME_clip\depth\spNO.160_l_1278,2
spNO.160_m_36,spNO.160,m,36,43,49,disgust,CASME3_Dataset\Part_A_ME_clip\Part_A_ME_clip\frame\spNO.160_m_36,CASME3_Dataset\Part_A_ME_clip\Part_A_ME_clip\depth\spNO.160_m_36,2
spNO.160_m_1261,spNO.160,m,1261,1267,1282,disgust,CASME3_Dataset\Part_A_ME_clip\Part_A_ME_clip\frame\spNO.160_m_1261,CASME3_Dataset\Part_A_ME_clip\Part_A_ME_clip\depth\spNO.160_m_1261,2
spNO.160_m_1286,spNO.160,m,1286,1294,1302,disgust,CASME3_Dataset\Part_A_ME_clip\Part_A_ME_clip\frame\spNO.160_m_1286,CASME3_Dataset\Part_A_ME_clip\Part_A_ME_clip\depth\spNO.160_m_1286,2
spNO.161_f_1572,spNO.161,f,1572,1579,1599,surprise,CASME3_Dataset\Part_A_ME_clip\Part_A_ME_clip\frame\spNO.161_f_1572,CASME3_Dataset\Part_A_ME_clip\Part_A_ME_clip\depth\spNO.161_f_1572,0
spNO.162_b_1056,spNO.162,b,1056,1060,1067,disgust,CASME3_Dataset\Part_A_ME_clip\Part_A_ME_clip\frame\spNO.162_b_1056,CASME3_Dataset\Part_A_ME_clip\Part_A_ME_clip\depth\spNO.162_b_1056,1
spNO.162_c_3059,spNO.162,c,3059,3067,3077,disgust,CASME3_Dataset\Part_A_ME_clip\Part_A_ME_clip\frame\spNO.162_c_3059,CASME3_Dataset\Part_A_ME_clip\Part_A_ME_clip\depth\spNO.162_c_3059,1
spNO.162_d_26,spNO.162,d,26,33,49,surprise,CASME3_Dataset\Part_A_ME_clip\Part_A_ME_clip\frame\spNO.162_d_26,CASME3_Dataset\Part_A_ME_clip\Part_A_ME_clip\depth\spNO.162_d_26,1
spNO.162_i_1663,spNO.162,i,1663,1666,1673,disgust,CASME3_Dataset\Part_A_ME_clip\Part_A_ME_clip\frame\spNO.162_i_1663,CASME3_Dataset\Part_A_ME_clip\Part_A_ME_clip\depth\spNO.162_i_1663,1
spNO.162_i_3898,spNO.162,i,3898,3900,3932,anger,CASME3_Dataset\Part_A_ME_clip\Part_A_ME_clip\frame\spNO.162_i_3898,CASME3_Dataset\Part_A_ME_clip\Part_A_ME_clip\depth\spNO.162_i_3898,1
spNO.162_i_4008,spNO.162,i,4008,4010,4016,disgust,CASME3_Dataset\Part_A_ME_clip\Part_A_ME_clip\frame\spNO.162_i_4008,CASME3_Dataset\Part_A_ME_clip\Part_A_ME_clip\depth\spNO.162_i_4008,1
spNO.162_i_4177,spNO.162,i,4177,4184,4192,disgust,CASME3_Dataset\Part_A_ME_clip\Part_A_ME_clip\frame\spNO.162_i_4177,CASME3_Dataset\Part_A_ME_clip\Part_A_ME_clip\depth\spNO.162_i_4177,1
spNO.162_m_191,spNO.162,m,191,197,206,disgust,CASME3_Dataset\Part_A_ME_clip\Part_A_ME_clip\frame\spNO.162_m_191,CASME3_Dataset\Part_A_ME_clip\Part_A_ME_clip\depth\spNO.162_m_191,1
spNO.163_e_600,spNO.163,e,600,607,618,happy,CASME3_Dataset\Part_A_ME_clip\Part_A_ME_clip\frame\spNO.163_e_600,CASME3_Dataset\Part_A_ME_clip\Part_A_ME_clip\depth\spNO.163_e_600,3
spNO.165_a_728,spNO.165,a,728,736,790,disgust,CASME3_Dataset\Part_A_ME_clip\Part_A_ME_clip\frame\spNO.165_a_728,CASME3_Dataset\Part_A_ME_clip\Part_A_ME_clip\depth\spNO.165_a_728,3
spNO.165_b_31,spNO.165,b,31,38,52,disgust,CASME3_Dataset\Part_A_ME_clip\Part_A_ME_clip\frame\spNO.165_b_31,CASME3_Dataset\Part_A_ME_clip\Part_A_ME_clip\depth\spNO.165_b_31,3
spNO.165_c_447,spNO.165,c,447,453,462,surprise,CASME3_Dataset\Part_A_ME_clip\Part_A_ME_clip\frame\spNO.165_c_447,CASME3_Dataset\Part_A_ME_clip\Part_A_ME_clip\depth\spNO.165_c_447,3
spNO.165_c_945,spNO.165,c,945,949,954,disgust,CASME3_Dataset\Part_A_ME_clip\Part_A_ME_clip\frame\spNO.165_c_945,CASME3_Dataset\Part_A_ME_clip\Part_A_ME_clip\depth\spNO.165_c_945,3
spNO.165_e_7,spNO.165,e,7,11,19,disgust,CASME3_Dataset\Part_A_ME_clip\Part_A_ME_clip\frame\spNO.165_e_7,CASME3_Dataset\Part_A_ME_clip\Part_A_ME_clip\depth\spNO.165_e_7,3
spNO.165_f_2090,spNO.165,f,2090,2095,2102,others,CASME3_Dataset\Part_A_ME_clip\Part_A_ME_clip\frame\spNO.165_f_2090,CASME3_Dataset\Part_A_ME_clip\Part_A_ME_clip\depth\spNO.165_f_2090,3
spNO.165_f_2154,spNO.165,f,2154,2160,2313,fear,CASME3_Dataset\Part_A_ME_clip\Part_A_ME_clip\frame\spNO.165_f_2154,CASME3_Dataset\Part_A_ME_clip\Part_A_ME_clip\depth\spNO.165_f_2154,3
spNO.165_g_2539,spNO.165,g,2539,2542,2549,anger,CASME3_Dataset\Part_A_ME_clip\Part_A_ME_clip\frame\spNO.165_g_2539,CASME3_Dataset\Part_A_ME_clip\Part_A_ME_clip\depth\spNO.165_g_2539,3
spNO.165_j_78,spNO.165,j,78,86,116,disgust,CASME3_Dataset\Part_A_ME_clip\Part_A_ME_clip\frame\spNO.165_j_78,CASME3_Dataset\Part_A_ME_clip\Part_A_ME_clip\depth\spNO.165_j_78,3
spNO.165_k_2024,spNO.165,k,2024,2031,2039,disgust,CASME3_Dataset\Part_A_ME_clip\Part_A_ME_clip\frame\spNO.165_k_2024,CASME3_Dataset\Part_A_ME_clip\Part_A_ME_clip\depth\spNO.165_k_2024,3
spNO.166_b_68,spNO.166,b,68,74,326,surprise,CASME3_Dataset\Part_A_ME_clip\Part_A_ME_clip\frame\spNO.166_b_68,CASME3_Dataset\Part_A_ME_clip\Part_A_ME_clip\depth\spNO.166_b_68,2
spNO.166_b_834,spNO.166,b,834,837,861,others,CASME3_Dataset\Part_A_ME_clip\Part_A_ME_clip\frame\spNO.166_b_834,CASME3_Dataset\Part_A_ME_clip\Part_A_ME_clip\depth\spNO.166_b_834,2
spNO.166_i_3479,spNO.166,i,3479,3486,3560,others,CASME3_Dataset\Part_A_ME_clip\Part_A_ME_clip\frame\spNO.166_i_3479,CASME3_Dataset\Part_A_ME_clip\Part_A_ME_clip\depth\spNO.166_i_3479,2
spNO.166_l_2573,spNO.166,l,2573,2579,2628,surprise,CASME3_Dataset\Part_A_ME_clip\Part_A_ME_clip\frame\spNO.166_l_2573,CASME3_Dataset\Part_A_ME_clip\Part_A_ME_clip\depth\spNO.166_l_2573,2
spNO.167_h_85,spNO.167,h,85,92,103,surprise,CASME3_Dataset\Part_A_ME_clip\Part_A_ME_clip\frame\spNO.167_h_85,CASME3_Dataset\Part_A_ME_clip\Part_A_ME_clip\depth\spNO.167_h_85,4
spNO.167_j_69,spNO.167,j,69,76,84,disgust,CASME3_Dataset\Part_A_ME_clip\Part_A_ME_clip\frame\spNO.167_j_69,CASME3_Dataset\Part_A_ME_clip\Part_A_ME_clip\depth\spNO.167_j_69,4
spNO.167_j_418,spNO.167,j,418,422,437,surprise,CASME3_Dataset\Part_A_ME_clip\Part_A_ME_clip\frame\spNO.167_j_418,CASME3_Dataset\Part_A_ME_clip\Part_A_ME_clip\depth\spNO.167_j_418,4
spNO.167_j_1692,spNO.167,j,1692,1697,1705,surprise,CASME3_Dataset\Part_A_ME_clip\Part_A_ME_clip\frame\spNO.167_j_1692,CASME3_Dataset\Part_A_ME_clip\Part_A_ME_clip\depth\spNO.167_j_1692,4
spNO.168_a_4,spNO.168,a,4,4,34,others,CASME3_Dataset\Part_A_ME_clip\Part_A_ME_clip\frame\spNO.168_a_4,CASME3_Dataset\Part_A_ME_clip\Part_A_ME_clip\depth\spNO.168_a_4,2
spNO.169_a_8,spNO.169,a,8,8,61,others,CASME3_Dataset\Part_A_ME_clip\Part_A_ME_clip\frame\spNO.169_a_8,CASME3_Dataset\Part_A_ME_clip\Part_A_ME_clip\depth\spNO.169_a_8,0
spNO.169_b_91,spNO.169,b,91,99,188,surprise,CASME3_Dataset\Part_A_ME_clip\Part_A_ME_clip\frame\spNO.169_b_91,CASME3_Dataset\Part_A_ME_clip\Part_A_ME_clip\depth\spNO.169_b_91,0
spNO.169_b_819,spNO.169,b,819,827,868,others,CASME3_Dataset\Part_A_ME_clip\Part_A_ME_clip\frame\spNO.169_b_819,CASME3_Dataset\Part_A_ME_clip\Part_A_ME_clip\depth\spNO.169_b_819,0
spNO.169_c_4,spNO.169,c,4,4,73,others,CASME3_Dataset\Part_A_ME_clip\Part_A_ME_clip\frame\spNO.169_c_4,CASME3_Dataset\Part_A_ME_clip\Part_A_ME_clip\depth\spNO.169_c_4,0
spNO.169_c_149,spNO.169,c,149,156,188,surprise,CASME3_Dataset\Part_A_ME_clip\Part_A_ME_clip\frame\spNO.169_c_149,CASME3_Dataset\Part_A_ME_clip\Part_A_ME_clip\depth\spNO.169_c_149,0
spNO.169_c_2049,spNO.169,c,2049,2053,2065,surprise,CASME3_Dataset\Part_A_ME_clip\Part_A_ME_clip\frame\spNO.169_c_2049,CASME3_Dataset\Part_A_ME_clip\Part_A_ME_clip\depth\spNO.169_c_2049,0
spNO.169_c_2297,spNO.169,c,2297,2305,2319,others,CASME3_Dataset\Part_A_ME_clip\Part_A_ME_clip\frame\spNO.169_c_2297,CASME3_Dataset\Part_A_ME_clip\Part_A_ME_clip\depth\spNO.169_c_2297,0
spNO.169_d_747,spNO.169,d,747,751,774,surprise,CASME3_Dataset\Part_A_ME_clip\Part_A_ME_clip\frame\spNO.169_d_747,CASME3_Dataset\Part_A_ME_clip\Part_A_ME_clip\depth\spNO.169_d_747,0
spNO.169_d_3115,spNO.169,d,3115,3122,3165,surprise,CASME3_Dataset\Part_A_ME_clip\Part_A_ME_clip\frame\spNO.169_d_3115,CASME3_Dataset\Part_A_ME_clip\Part_A_ME_clip\depth\spNO.169_d_3115,0
spNO.169_h_1322,spNO.169,h,1322,1328,1363,disgust,CASME3_Dataset\Part_A_ME_clip\Part_A_ME_clip\frame\spNO.169_h_1322,CASME3_Dataset\Part_A_ME_clip\Part_A_ME_clip\depth\spNO.169_h_1322,0
spNO.169_i_379,spNO.169,i,379,384,388,disgust,CASME3_Dataset\Part_A_ME_clip\Part_A_ME_clip\frame\spNO.169_i_379,CASME3_Dataset\Part_A_ME_clip\Part_A_ME_clip\depth\spNO.169_i_379,0
spNO.169_i_1088,spNO.169,i,1088,1093,1104,disgust,CASME3_Dataset\Part_A_ME_clip\Part_A_ME_clip\frame\spNO.169_i_1088,CASME3_Dataset\Part_A_ME_clip\Part_A_ME_clip\depth\spNO.169_i_1088,0
spNO.169_i_1647,spNO.169,i,1647,1653,1665,disgust,CASME3_Dataset\Part_A_ME_clip\Part_A_ME_clip\frame\spNO.169_i_1647,CASME3_Dataset\Part_A_ME_clip\Part_A_ME_clip\depth\spNO.169_i_1647,0
spNO.169_j_123,spNO.169,j,123,129,192,disgust,CASME3_Dataset\Part_A_ME_clip\Part_A_ME_clip\frame\spNO.169_j_123,CASME3_Dataset\Part_A_ME_clip\Part_A_ME_clip\depth\spNO.169_j_123,0
spNO.169_k_1782,spNO.169,k,1782,1790,1816,surprise,CASME3_Dataset\Part_A_ME_clip\Part_A_ME_clip\frame\spNO.169_k_1782,CASME3_Dataset\Part_A_ME_clip\Part_A_ME_clip\depth\spNO.169_k_1782,0
spNO.169_l_1424,spNO.169,l,1424,1429,1487,disgust,CASME3_Dataset\Part_A_ME_clip\Part_A_ME_clip\frame\spNO.169_l_1424,CASME3_Dataset\Part_A_ME_clip\Part_A_ME_clip\depth\spNO.169_l_1424,0
spNO.169_l_3285,spNO.169,l,3285,3293,3303,others,CASME3_Dataset\Part_A_ME_clip\Part_A_ME_clip\frame\spNO.169_l_3285,CASME3_Dataset\Part_A_ME_clip\Part_A_ME_clip\depth\spNO.169_l_3285,0
spNO.169_m_817,spNO.169,m,817,825,846,disgust,CASME3_Dataset\Part_A_ME_clip\Part_A_ME_clip\frame\spNO.169_m_817,CASME3_Dataset\Part_A_ME_clip\Part_A_ME_clip\depth\spNO.169_m_817,0
spNO.169_m_1589,spNO.169,m,1589,1594,1616,disgust,CASME3_Dataset\Part_A_ME_clip\Part_A_ME_clip\frame\spNO.169_m_1589,CASME3_Dataset\Part_A_ME_clip\Part_A_ME_clip\depth\spNO.169_m_1589,0
spNO.17_a_127,spNO.17,a,127,135,175,surprise,CASME3_Dataset\Part_A_ME_clip\Part_A_ME_clip\frame\spNO.17_a_127,CASME3_Dataset\Part_A_ME_clip\Part_A_ME_clip\depth\spNO.17_a_127,2
spNO.17_m_959,spNO.17,m,959,966,974,others,CASME3_Dataset\Part_A_ME_clip\Part_A_ME_clip\frame\spNO.17_m_959,CASME3_Dataset\Part_A_ME_clip\Part_A_ME_clip\depth\spNO.17_m_959,2
spNO.17_m_1128,spNO.17,m,1128,1136,1140,disgust,CASME3_Dataset\Part_A_ME_clip\Part_A_ME_clip\frame\spNO.17_m_1128,CASME3_Dataset\Part_A_ME_clip\Part_A_ME_clip\depth\spNO.17_m_1128,2
spNO.170_k_868,spNO.170,k,868,874,878,others,CASME3_Dataset\Part_A_ME_clip\Part_A_ME_clip\frame\spNO.170_k_868,CASME3_Dataset\Part_A_ME_clip\Part_A_ME_clip\depth\spNO.170_k_868,1
spNO.170_m_2593,spNO.170,m,2593,2601,2641,anger,CASME3_Dataset\Part_A_ME_clip\Part_A_ME_clip\frame\spNO.170_m_2593,CASME3_Dataset\Part_A_ME_clip\Part_A_ME_clip\depth\spNO.170_m_2593,1
spNO.171_a_226,spNO.171,a,226,230,234,disgust,CASME3_Dataset\Part_A_ME_clip\Part_A_ME_clip\frame\spNO.171_a_226,CASME3_Dataset\Part_A_ME_clip\Part_A_ME_clip\depth\spNO.171_a_226,4
spNO.171_b_138,spNO.171,b,138,146,193,surprise,CASME3_Dataset\Part_A_ME_clip\Part_A_ME_clip\frame\spNO.171_b_138,CASME3_Dataset\Part_A_ME_clip\Part_A_ME_clip\depth\spNO.171_b_138,4
spNO.171_c_810,spNO.171,c,810,815,835,fear,CASME3_Dataset\Part_A_ME_clip\Part_A_ME_clip\frame\spNO.171_c_810,CASME3_Dataset\Part_A_ME_clip\Part_A_ME_clip\depth\spNO.171_c_810,4
spNO.171_d_48,spNO.171,d,48,56,63,fear,CASME3_Dataset\Part_A_ME_clip\Part_A_ME_clip\frame\spNO.171_d_48,CASME3_Dataset\Part_A_ME_clip\Part_A_ME_clip\depth\spNO.171_d_48,4
spNO.171_d_274,spNO.171,d,274,280,304,fear,CASME3_Dataset\Part_A_ME_clip\Part_A_ME_clip\frame\spNO.171_d_274,CASME3_Dataset\Part_A_ME_clip\Part_A_ME_clip\depth\spNO.171_d_274,4
spNO.171_d_542,spNO.171,d,542,548,552,fear,CASME3_Dataset\Part_A_ME_clip\Part_A_ME_clip\frame\spNO.171_d_542,CASME3_Dataset\Part_A_ME_clip\Part_A_ME_clip\depth\spNO.171_d_542,4
spNO.171_d_1666,spNO.171,d,1666,1674,1684,fear,CASME3_Dataset\Part_A_ME_clip\Part_A_ME_clip\frame\spNO.171_d_1666,CASME3_Dataset\Part_A_ME_clip\Part_A_ME_clip\depth\spNO.171_d_1666,4
spNO.171_d_2163,spNO.171,d,2163,2170,2178,fear,CASME3_Dataset\Part_A_ME_clip\Part_A_ME_clip\frame\spNO.171_d_2163,CASME3_Dataset\Part_A_ME_clip\Part_A_ME_clip\depth\spNO.171_d_2163,4
spNO.171_e_2403,spNO.171,e,2403,2407,2441,surprise,CASME3_Dataset\Part_A_ME_clip\Part_A_ME_clip\frame\spNO.171_e_2403,CASME3_Dataset\Part_A_ME_clip\Part_A_ME_clip\depth\spNO.171_e_2403,4
spNO.171_e_2825,spNO.171,e,2825,2827,2856,surprise,CASME3_Dataset\Part_A_ME_clip\Part_A_ME_clip\frame\spNO.171_e_2825,CASME3_Dataset\Part_A_ME_clip\Part_A_ME_clip\depth\spNO.171_e_2825,4
spNO.171_f_668,spNO.171,f,668,674,705,fear,CASME3_Dataset\Part_A_ME_clip\Part_A_ME_clip\frame\spNO.171_f_668,CASME3_Dataset\Part_A_ME_clip\Part_A_ME_clip\depth\spNO.171_f_668,4
spNO.171_f_2151,spNO.171,f,2151,2158,2201,fear,CASME3_Dataset\Part_A_ME_clip\Part_A_ME_clip\frame\spNO.171_f_2151,CASME3_Dataset\Part_A_ME_clip\Part_A_ME_clip\depth\spNO.171_f_2151,4
spNO.171_g_96,spNO.171,g,96,99,103,disgust,CASME3_Dataset\Part_A_ME_clip\Part_A_ME_clip\frame\spNO.171_g_96,CASME3_Dataset\Part_A_ME_clip\Part_A_ME_clip\depth\spNO.171_g_96,4
spNO.171_g_1604,spNO.171,g,1604,1612,1653,sad,CASME3_Dataset\Part_A_ME_clip\Part_A_ME_clip\frame\spNO.171_g_1604,CASME3_Dataset\Part_A_ME_clip\Part_A_ME_clip\depth\spNO.171_g_1604,4
spNO.171_g_1882,spNO.171,g,1882,1886,1892,disgust,CASME3_Dataset\Part_A_ME_clip\Part_A_ME_clip\frame\spNO.171_g_1882,CASME3_Dataset\Part_A_ME_clip\Part_A_ME_clip\depth\spNO.171_g_1882,4
spNO.171_g_2298,spNO.171,g,2298,2306,2335,disgust,CASME3_Dataset\Part_A_ME_clip\Part_A_ME_clip\frame\spNO.171_g_2298,CASME3_Dataset\Part_A_ME_clip\Part_A_ME_clip\depth\spNO.171_g_2298,4
spNO.171_h_163,spNO.171,h,163,166,173,disgust,CASME3_Dataset\Part_A_ME_clip\Part_A_ME_clip\frame\spNO.171_h_163,CASME3_Dataset\Part_A_ME_clip\Part_A_ME_clip\depth\spNO.171_h_163,4
spNO.171_h_1340,spNO.171,h,1340,1347,1363,disgust,CASME3_Dataset\Part_A_ME_clip\Part_A_ME_clip\frame\spNO.171_h_1340,CASME3_Dataset\Part_A_ME_clip\Part_A_ME_clip\depth\spNO.171_h_1340,4
spNO.171_h_1890,spNO.171,h,1890,1897,1915,disgust,CASME3_Dataset\Part_A_ME_clip\Part_A_ME_clip\frame\spNO.171_h_1890,CASME3_Dataset\Part_A_ME_clip\Part_A_ME_clip\depth\spNO.171_h_1890,4
spNO.171_h_2941,spNO.171,h,2941,2948,2963,disgust,CASME3_Dataset\Part_A_ME_clip\Part_A_ME_clip\frame\spNO.171_h_2941,CASME3_Dataset\Part_A_ME_clip\Part_A_ME_clip\depth\spNO.171_h_2941,4
spNO.171_h_3202,spNO.171,h,3202,3208,3236,disgust,CASME3_Dataset\Part_A_ME_clip\Part_A_ME_clip\frame\spNO.171_h_3202,CASME3_Dataset\Part_A_ME_clip\Part_A_ME_clip\depth\spNO.171_h_3202,4
spNO.171_l_933,spNO.171,l,933,941,982,sad,CASME3_Dataset\Part_A_ME_clip\Part_A_ME_clip\frame\spNO.171_l_933,CASME3_Dataset\Part_A_ME_clip\Part_A_ME_clip\depth\spNO.171_l_933,4
spNO.171_l_1625,spNO.171,l,1625,1632,1638,disgust,CASME3_Dataset\Part_A_ME_clip\Part_A_ME_clip\frame\spNO.171_l_1625,CASME3_Dataset\Part_A_ME_clip\Part_A_ME_clip\depth\spNO.171_l_1625,4
spNO.171_l_1758,spNO.171,l,1758,1763,1769,disgust,CASME3_Dataset\Part_A_ME_clip\Part_A_ME_clip\frame\spNO.171_l_1758,CASME3_Dataset\Part_A_ME_clip\Part_A_ME_clip\depth\spNO.171_l_1758,4
spNO.171_l_3553,spNO.171,l,3553,3559,3569,disgust,CASME3_Dataset\Part_A_ME_clip\Part_A_ME_clip\frame\spNO.171_l_3553,CASME3_Dataset\Part_A_ME_clip\Part_A_ME_clip\depth\spNO.171_l_3553,4
spNO.171_l_3881,spNO.171,l,3881,3887,3900,disgust,CASME3_Dataset\Part_A_ME_clip\Part_A_ME_clip\frame\spNO.171_l_3881,CASME3_Dataset\Part_A_ME_clip\Part_A_ME_clip\depth\spNO.171_l_3881,4
spNO.171_m_8,spNO.171,m,8,12,55,anger,CASME3_Dataset\Part_A_ME_clip\Part_A_ME_clip\frame\spNO.171_m_8,CASME3_Dataset\Part_A_ME_clip\Part_A_ME_clip\depth\spNO.171_m_8,4
spNO.171_m_677,spNO.171,m,677,685,723,anger,CASME3_Dataset\Part_A_ME_clip\Part_A_ME_clip\frame\spNO.171_m_677,CASME3_Dataset\Part_A_ME_clip\Part_A_ME_clip\depth\spNO.171_m_677,4
spNO.171_m_1865,spNO.171,m,1865,1872,1888,disgust,CASME3_Dataset\Part_A_ME_clip\Part_A_ME_clip\frame\spNO.171_m_1865,CASME3_Dataset\Part_A_ME_clip\Part_A_ME_clip\depth\spNO.171_m_1865,4
spNO.171_m_2213,spNO.171,m,2213,2221,2256,anger,CASME3_Dataset\Part_A_ME_clip\Part_A_ME_clip\frame\spNO.171_m_2213,CASME3_Dataset\Part_A_ME_clip\Part_A_ME_clip\depth\spNO.171_m_2213,4
spNO.171_m_2469,spNO.171,m,2469,2474,2485,disgust,CASME3_Dataset\Part_A_ME_clip\Part_A_ME_clip\frame\spNO.171_m_2469,CASME3_Dataset\Part_A_ME_clip\Part_A_ME_clip\depth\spNO.171_m_2469,4
spNO.172_b_938,spNO.172,b,938,945,978,disgust,CASME3_Dataset\Part_A_ME_clip\Part_A_ME_clip\frame\spNO.172_b_938,CASME3_Dataset\Part_A_ME_clip\Part_A_ME_clip\depth\spNO.172_b_938,0
spNO.172_f_293,spNO.172,f,293,301,319,fear,CASME3_Dataset\Part_A_ME_clip\Part_A_ME_clip\frame\spNO.172_f_293,CASME3_Dataset\Part_A_ME_clip\Part_A_ME_clip\depth\spNO.172_f_293,0
spNO.172_f_1933,spNO.172,f,1933,1935,1941,fear,CASME3_Dataset\Part_A_ME_clip\Part_A_ME_clip\frame\spNO.172_f_1933,CASME3_Dataset\Part_A_ME_clip\Part_A_ME_clip\depth\spNO.172_f_1933,0
spNO.172_h_206,spNO.172,h,206,214,219,anger,CASME3_Dataset\Part_A_ME_clip\Part_A_ME_clip\frame\spNO.172_h_206,CASME3_Dataset\Part_A_ME_clip\Part_A_ME_clip\depth\spNO.172_h_206,0
spNO.172_h_840,spNO.172,h,840,847,862,sad,CASME3_Dataset\Part_A_ME_clip\Part_A_ME_clip\frame\spNO.172_h_840,CASME3_Dataset\Part_A_ME_clip\Part_A_ME_clip\depth\spNO.172_h_840,0
spNO.172_i_538,spNO.172,i,538,543,566,surprise,CASME3_Dataset\Part_A_ME_clip\Part_A_ME_clip\frame\spNO.172_i_538,CASME3_Dataset\Part_A_ME_clip\Part_A_ME_clip\depth\spNO.172_i_538,0
spNO.172_k_89,spNO.172,k,89,96,108,happy,CASME3_Dataset\Part_A_ME_clip\Part_A_ME_clip\frame\spNO.172_k_89,CASME3_Dataset\Part_A_ME_clip\Part_A_ME_clip\depth\spNO.172_k_89,0
spNO.172_k_1877,spNO.172,k,1877,1882,1891,happy,CASME3_Dataset\Part_A_ME_clip\Part_A_ME_clip\frame\spNO.172_k_1877,CASME3_Dataset\Part_A_ME_clip\Part_A_ME_clip\depth\spNO.172_k_1877,0
spNO.172_k_1898,spNO.172,k,1898,1903,1908,disgust,CASME3_Dataset\Part_A_ME_clip\Part_A_ME_clip\frame\spNO.172_k_1898,CASME3_Dataset\Part_A_ME_clip\Part_A_ME_clip\depth\spNO.172_k_1898,0
spNO.172_l_1617,spNO.172,l,1617,1623,1631,disgust,CASME3_Dataset\Part_A_ME_clip\Part_A_ME_clip\frame\spNO.172_l_1617,CASME3_Dataset\Part_A_ME_clip\Part_A_ME_clip\depth\spNO.172_l_1617,0
spNO.173_a_7,spNO.173,a,7,15,59,others,CASME3_Dataset\Part_A_ME_clip\Part_A_ME_clip\frame\spNO.173_a_7,CASME3_Dataset\Part_A_ME_clip\Part_A_ME_clip\depth\spNO.173_a_7,4
spNO.174_e_442,spNO.174,e,442,450,469,disgust,CASME3_Dataset\Part_A_ME_clip\Part_A_ME_clip\frame\spNO.174_e_442,CASME3_Dataset\Part_A_ME_clip\Part_A_ME_clip\depth\spNO.174_e_442,3
spNO.174_j_205,spNO.174,j,205,212,221,happy,CASME3_Dataset\Part_A_ME_clip\Part_A_ME_clip\frame\spNO.174_j_205,CASME3_Dataset\Part_A_ME_clip\Part_A_ME_clip\depth\spNO.174_j_205,3
spNO.174_k_12,spNO.174,k,12,14,35,happy,CASME3_Dataset\Part_A_ME_clip\Part_A_ME_clip\frame\spNO.174_k_12,CASME3_Dataset\Part_A_ME_clip\Part_A_ME_clip\depth\spNO.174_k_12,3
spNO.174_m_7,spNO.174,m,7,8,45,anger,CASME3_Dataset\Part_A_ME_clip\Part_A_ME_clip\frame\spNO.174_m_7,CASME3_Dataset\Part_A_ME_clip\Part_A_ME_clip\depth\spNO.174_m_7,3
spNO.175_b_62,spNO.175,b,62,65,70,disgust,CASME3_Dataset\Part_A_ME_clip\Part_A_ME_clip\frame\spNO.175_b_62,CASME3_Dataset\Part_A_ME_clip\Part_A_ME_clip\depth\spNO.175_b_62,1
spNO.175_d_2730,spNO.175,d,2730,2736,2753,fear,CASME3_Dataset\Part_A_ME_clip\Part_A_ME_clip\frame\spNO.175_d_2730,CASME3_Dataset\Part_A_ME_clip\Part_A_ME_clip\depth\spNO.175_d_2730,1
spNO.175_f_7,spNO.175,f,7,7,42,fear,CASME3_Dataset\Part_A_ME_clip\Part_A_ME_clip\frame\spNO.175_f_7,CASME3_Dataset\Part_A_ME_clip\Part_A_ME_clip\depth\spNO.175_f_7,1
spNO.175_g_329,spNO.175,g,329,335,355,disgust,CASME3_Dataset\Part_A_ME_clip\Part_A_ME_clip\frame\spNO.175_g_329,CASME3_Dataset\Part_A_ME_clip\Part_A_ME_clip\depth\spNO.175_g_329,1
spNO.175_k_2169,spNO.175,k,2169,2177,2186,disgust,CASME3_Dataset\Part_A_ME_clip\Part_A_ME_clip\frame\spNO.175_k_2169,CASME3_Dataset\Part_A_ME_clip\Part_A_ME_clip\depth\spNO.175_k_2169,1
spNO.176_d_7,spNO.176,d,7,13,41,others,CASME3_Dataset\Part_A_ME_clip\Part_A_ME_clip\frame\spNO.176_d_7,CASME3_Dataset\Part_A_ME_clip\Part_A_ME_clip\depth\spNO.176_d_7,3
spNO.176_k_8,spNO.176,k,8,12,27,others,CASME3_Dataset\Part_A_ME_clip\Part_A_ME_clip\frame\spNO.176_k_8,CASME3_Dataset\Part_A_ME_clip\Part_A_ME_clip\depth\spNO.176_k_8,3
spNO.176_l_7,spNO.176,l,7,14,45,anger,CASME3_Dataset\Part_A_ME_clip\Part_A_ME_clip\frame\spNO.176_l_7,CASME3_Dataset\Part_A_ME_clip\Part_A_ME_clip\depth\spNO.176_l_7,3
spNO.177_d_7,spNO.177,d,7,14,72,others,CASME3_Dataset\Part_A_ME_clip\Part_A_ME_clip\frame\spNO.177_d_7,CASME3_Dataset\Part_A_ME_clip\Part_A_ME_clip\depth\spNO.177_d_7,1
spNO.177_d_4170,spNO.177,d,4170,4180,4183,surprise,CASME3_Dataset\Part_A_ME_clip\Part_A_ME_clip\frame\spNO.177_d_4170,CASME3_Dataset\Part_A_ME_clip\Part_A_ME_clip\depth\spNO.177_d_4170,1
spNO.177_k_1333,spNO.177,k,1333,1341,1369,happy,CASME3_Dataset\Part_A_ME_clip\Part_A_ME_clip\frame\spNO.177_k_1333,CASME3_Dataset\Part_A_ME_clip\Part_A_ME_clip\depth\spNO.177_k_1333,1
spNO.178_j_1184,spNO.178,j,1184,1188,1192,happy,CASME3_Dataset\Part_A_ME_clip\Part_A_ME_clip\frame\spNO.178_j_1184,CASME3_Dataset\Part_A_ME_clip\Part_A_ME_clip\depth\spNO.178_j_1184,1
spNO.178_m_33,spNO.178,m,33,40,48,disgust,CASME3_Dataset\Part_A_ME_clip\Part_A_ME_clip\frame\spNO.178_m_33,CASME3_Dataset\Part_A_ME_clip\Part_A_ME_clip\depth\spNO.178_m_33,1
spNO.179_b_7,spNO.179,b,7,7,57,disgust,CASME3_Dataset\Part_A_ME_clip\Part_A_ME_clip\frame\spNO.179_b_7,CASME3_Dataset\Part_A_ME_clip\Part_A_ME_clip\depth\spNO.179_b_7,4
spNO.179_d_680,spNO.179,d,680,686,707,others,CASME3_Dataset\Part_A_ME_clip\Part_A_ME_clip\frame\spNO.179_d_680,CASME3_Dataset\Part_A_ME_clip\Part_A_ME_clip\depth\spNO.179_d_680,4
spNO.179_k_1407,spNO.179,k,1407,1415,1438,disgust,CASME3_Dataset\Part_A_ME_clip\Part_A_ME_clip\frame\spNO.179_k_1407,CASME3_Dataset\Part_A_ME_clip\Part_A_ME_clip\depth\spNO.179_k_1407,4
spNO.179_k_1493,spNO.179,k,1493,1499,1525,surprise,CASME3_Dataset\Part_A_ME_clip\Part_A_ME_clip\frame\spNO.179_k_1493,CASME3_Dataset\Part_A_ME_clip\Part_A_ME_clip\depth\spNO.179_k_1493,4
spNO.179_l_1071,spNO.179,l,1071,1077,1093,sad,CASME3_Dataset\Part_A_ME_clip\Part_A_ME_clip\frame\spNO.179_l_1071,CASME3_Dataset\Part_A_ME_clip\Part_A_ME_clip\depth\spNO.179_l_1071,4
spNO.179_m_1264,spNO.179,m,1264,1269,1292,disgust,CASME3_Dataset\Part_A_ME_clip\Part_A_ME_clip\frame\spNO.179_m_1264,CASME3_Dataset\Part_A_ME_clip\Part_A_ME_clip\depth\spNO.179_m_1264,4
spNO.180_b_78,spNO.180,b,78,84,94,disgust,CASME3_Dataset\Part_A_ME_clip\Part_A_ME_clip\frame\spNO.180_b_78,CASME3_Dataset\Part_A_ME_clip\Part_A_ME_clip\depth\spNO.180_b_78,2
spNO.180_h_1794,spNO.180,h,1794,1802,1843,surprise,CASME3_Dataset\Part_A_ME_clip\Part_A_ME_clip\frame\spNO.180_h_1794,CASME3_Dataset\Part_A_ME_clip\Part_A_ME_clip\depth\spNO.180_h_1794,2
spNO.180_j_423,spNO.180,j,423,428,448,surprise,CASME3_Dataset\Part_A_ME_clip\Part_A_ME_clip\frame\spNO.180_j_423,CASME3_Dataset\Part_A_ME_clip\Part_A_ME_clip\depth\spNO.180_j_423,2
spNO.180_j_1670,spNO.180,j,1670,1676,1686,surprise,CASME3_Dataset\Part_A_ME_clip\Part_A_ME_clip\frame\spNO.180_j_1670,CASME3_Dataset\Part_A_ME_clip\Part_A_ME_clip\depth\spNO.180_j_1670,2
spNO.181_c_1467,spNO.181,c,1467,1470,1476,surprise,CASME3_Dataset\Part_A_ME_clip\Part_A_ME_clip\frame\spNO.181_c_1467,CASME3_Dataset\Part_A_ME_clip\Part_A_ME_clip\depth\spNO.181_c_1467,3
spNO.181_d_22,spNO.181,d,22,30,36,fear,CASME3_Dataset\Part_A_ME_clip\Part_A_ME_clip\frame\spNO.181_d_22,CASME3_Dataset\Part_A_ME_clip\Part_A_ME_clip\depth\spNO.181_d_22,3
spNO.181_d_1023,spNO.181,d,1023,1030,1097,fear,CASME3_Dataset\Part_A_ME_clip\Part_A_ME_clip\frame\spNO.181_d_1023,CASME3_Dataset\Part_A_ME_clip\Part_A_ME_clip\depth\spNO.181_d_1023,3
spNO.181_d_2376,spNO.181,d,2376,2383,2390,fear,CASME3_Dataset\Part_A_ME_clip\Part_A_ME_clip\frame\spNO.181_d_2376,CASME3_Dataset\Part_A_ME_clip\Part_A_ME_clip\depth\spNO.181_d_2376,3
spNO.181_d_3290,spNO.181,d,3290,3298,3304,surprise,CASME3_Dataset\Part_A_ME_clip\Part_A_ME_clip\frame\spNO.181_d_3290,CASME3_Dataset\Part_A_ME_clip\Part_A_ME_clip\depth\spNO.181_d_3290,3
spNO.181_e_1655,spNO.181,e,1655,1662,1720,surprise,CASME3_Dataset\Part_A_ME_clip\Part_A_ME_clip\frame\spNO.181_e_1655,CASME3_Dataset\Part_A_ME_clip\Part_A_ME_clip\depth\spNO.181_e_1655,3
spNO.181_g_958,spNO.181,g,958,966,1020,disgust,CASME3_Dataset\Part_A_ME_clip\Part_A_ME_clip\frame\spNO.181_g_958,CASME3_Dataset\Part_A_ME_clip\Part_A_ME_clip\depth\spNO.181_g_958,3
spNO.181_g_1964,spNO.181,g,1964,1967,1988,disgust,CASME3_Dataset\Part_A_ME_clip\Part_A_ME_clip\frame\spNO.181_g_1964,CASME3_Dataset\Part_A_ME_clip\Part_A_ME_clip\depth\spNO.181_g_1964,3
spNO.181_i_3276,spNO.181,i,3276,3281,3335,surprise,CASME3_Dataset\Part_A_ME_clip\Part_A_ME_clip\frame\spNO.181_i_3276,CASME3_Dataset\Part_A_ME_clip\Part_A_ME_clip\depth\spNO.181_i_3276,3
spNO.181_j_24,spNO.181,j,24,32,42,disgust,CASME3_Dataset\Part_A_ME_clip\Part_A_ME_clip\frame\spNO.181_j_24,CASME3_Dataset\Part_A_ME_clip\Part_A_ME_clip\depth\spNO.181_j_24,3
spNO.181_j_258,spNO.181,j,258,262,278,surprise,CASME3_Dataset\Part_A_ME_clip\Part_A_ME_clip\frame\spNO.181_j_258,CASME3_Dataset\Part_A_ME_clip\Part_A_ME_clip\depth\spNO.181_j_258,3
spNO.181_j_1568,spNO.181,j,1568,1574,1595,surprise,CASME3_Dataset\Part_A_ME_clip\Part_A_ME_clip\frame\spNO.181_j_1568,CASME3_Dataset\Part_A_ME_clip\Part_A_ME_clip\depth\spNO.181_j_1568,3
spNO.181_k_1288,spNO.181,k,1288,1296,1313,surprise,CASME3_Dataset\Part_A_ME_clip\Part_A_ME_clip\frame\spNO.181_k_1288,CASME3_Dataset\Part_A_ME_clip\Part_A_ME_clip\depth\spNO.181_k_1288,3
spNO.181_l_1312,spNO.181,l,1312,1321,1323,surprise,CASME3_Dataset\Part_A_ME_clip\Part_A_ME_clip\frame\spNO.181_l_1312,CASME3_Dataset\Part_A_ME_clip\Part_A_ME_clip\depth\spNO.181_l_1312,3
spNO.181_m_34,spNO.181,m,34,41,46,disgust,CASME3_Dataset\Part_A_ME_clip\Part_A_ME_clip\frame\spNO.181_m_34,CASME3_Dataset\Part_A_ME_clip\Part_A_ME_clip\depth\spNO.181_m_34,3
spNO.181_m_423,spNO.181,m,423,428,503,surprise,CASME3_Dataset\Part_A_ME_clip\Part_A_ME_clip\frame\spNO.181_m_423,CASME3_Dataset\Part_A_ME_clip\Part_A_ME_clip\depth\spNO.181_m_423,3
spNO.181_m_569,spNO.181,m,569,577,609,surprise,CASME3_Dataset\Part_A_ME_clip\Part_A_ME_clip\frame\spNO.181_m_569,CASME3_Dataset\Part_A_ME_clip\Part_A_ME_clip\depth\spNO.181_m_569,3
spNO.181_m_876,spNO.181,m,876,882,928,surprise,CASME3_Dataset\Part_A_ME_clip\Part_A_ME_clip\frame\spNO.181_m_876,CASME3_Dataset\Part_A_ME_clip\Part_A_ME_clip\depth\spNO.181_m_876,3
spNO.181_m_1322,spNO.181,m,1322,1326,1438,disgust,CASME3_Dataset\Part_A_ME_clip\Part_A_ME_clip\frame\spNO.181_m_1322,CASME3_Dataset\Part_A_ME_clip\Part_A_ME_clip\depth\spNO.181_m_1322,3
spNO.182_a_742,spNO.182,a,742,749,769,surprise,CASME3_Dataset\Part_A_ME_clip\Part_A_ME_clip\frame\spNO.182_a_742,CASME3_Dataset\Part_A_ME_clip\Part_A_ME_clip\depth\spNO.182_a_742,4
spNO.182_e_2693,spNO.182,e,2693,2701,2716,others,CASME3_Dataset\Part_A_ME_clip\Part_A_ME_clip\frame\spNO.182_e_2693,CASME3_Dataset\Part_A_ME_clip\Part_A_ME_clip\depth\spNO.182_e_2693,4
spNO.182_g_88,spNO.182,g,88,96,127,sad,CASME3_Dataset\Part_A_ME_clip\Part_A_ME_clip\frame\spNO.182_g_88,CASME3_Dataset\Part_A_ME_clip\Part_A_ME_clip\depth\spNO.182_g_88,4
spNO.183_j_416,spNO.183,j,416,421,438,happy,CASME3_Dataset\Part_A_ME_clip\Part_A_ME_clip\frame\spNO.183_j_416,CASME3_Dataset\Part_A_ME_clip\Part_A_ME_clip\depth\spNO.183_j_416,4
spNO.183_m_133,spNO.183,m,133,137,148,anger,CASME3_Dataset\Part_A_ME_clip\Part_A_ME_clip\frame\spNO.183_m_133,CASME3_Dataset\Part_A_ME_clip\Part_A_ME_clip\depth\spNO.183_m_133,4
spNO.184_c_466,spNO.184,c,466,471,490,others,CASME3_Dataset\Part_A_ME_clip\Part_A_ME_clip\frame\spNO.184_c_466,CASME3_Dataset\Part_A_ME_clip\Part_A_ME_clip\depth\spNO.184_c_466,0
spNO.184_c_682,spNO.184,c,682,690,698,disgust,CASME3_Dataset\Part_A_ME_clip\Part_A_ME_clip\frame\spNO.184_c_682,CASME3_Dataset\Part_A_ME_clip\Part_A_ME_clip\depth\spNO.184_c_682,0
spNO.184_c_1296,spNO.184,c,1296,1300,1318,disgust,CASME3_Dataset\Part_A_ME_clip\Part_A_ME_clip\frame\spNO.184_c_1296,CASME3_Dataset\Part_A_ME_clip\Part_A_ME_clip\depth\spNO.184_c_1296,0
spNO.184_c_2792,spNO.184,c,2792,2799,2813,others,CASME3_Dataset\Part_A_ME_clip\Part_A_ME_clip\frame\spNO.184_c_2792,CASME3_Dataset\Part_A_ME_clip\Part_A_ME_clip\depth\spNO.184_c_2792,0
spNO.184_f_5,spNO.184,f,5,12,23,others,CASME3_Dataset\Part_A_ME_clip\Part_A_ME_clip\frame\spNO.184_f_5,CASME3_Dataset\Part_A_ME_clip\Part_A_ME_clip\depth\spNO.184_f_5,0
spNO.184_h_1742,spNO.184,h,1742,1748,1755,disgust,CASME3_Dataset\Part_A_ME_clip\Part_A_ME_clip\frame\spNO.184_h_1742,CASME3_Dataset\Part_A_ME_clip\Part_A_ME_clip\depth\spNO.184_h_1742,0
spNO.184_h_3411,spNO.184,h,3411,3414,3417,disgust,CASME3_Dataset\Part_A_ME_clip\Part_A_ME_clip\frame\spNO.184_h_3411,CASME3_Dataset\Part_A_ME_clip\Part_A_ME_clip\depth\spNO.184_h_3411,0
spNO.184_h_3418,spNO.184,h,3418,3424,3428,disgust,CASME3_Dataset\Part_A_ME_clip\Part_A_ME_clip\frame\spNO.184_h_3418,CASME3_Dataset\Part_A_ME_clip\Part_A_ME_clip\depth\spNO.184_h_3418,0
spNO.184_i_8,spNO.184,i,8,8,23,others,CASME3_Dataset\Part_A_ME_clip\Part_A_ME_clip\frame\spNO.184_i_8,CASME3_Dataset\Part_A_ME_clip\Part_A_ME_clip\depth\spNO.184_i_8,0
spNO.184_i_3339,spNO.184,i,3339,3347,3354,others,CASME3_Dataset\Part_A_ME_clip\Part_A_ME_clip\frame\spNO.184_i_3339,CASME3_Dataset\Part_A_ME_clip\Part_A_ME_clip\depth\spNO.184_i_3339,0
spNO.184_j_227,spNO.184,j,227,234,241,disgust,CASME3_Dataset\Part_A_ME_clip\Part_A_ME_clip\frame\spNO.184_j_227,CASME3_Dataset\Part_A_ME_clip\Part_A_ME_clip\depth\spNO.184_j_227,0
spNO.184_j_1324,spNO.184,j,1324,1330,1343,disgust,CASME3_Dataset\Part_A_ME_clip\Part_A_ME_clip\frame\spNO.184_j_1324,CASME3_Dataset\Part_A_ME_clip\Part_A_ME_clip\depth\spNO.184_j_1324,0
spNO.184_j_1374,spNO.184,j,1374,1380,1387,disgust,CASME3_Dataset\Part_A_ME_clip\Part_A_ME_clip\frame\spNO.184_j_1374,CASME3_Dataset\Part_A_ME_clip\Part_A_ME_clip\depth\spNO.184_j_1374,0
spNO.184_j_1397,spNO.184,j,1397,1403,1428,disgust,CASME3_Dataset\Part_A_ME_clip\Part_A_ME_clip\frame\spNO.184_j_1397,CASME3_Dataset\Part_A_ME_clip\Part_A_ME_clip\depth\spNO.184_j_1397,0
spNO.184_j_1917,spNO.184,j,1917,1925,1976,disgust,CASME3_Dataset\Part_A_ME_clip\Part_A_ME_clip\frame\spNO.184_j_1917,CASME3_Dataset\Part_A_ME_clip\Part_A_ME_clip\depth\spNO.184_j_1917,0
spNO.184_k_149,spNO.184,k,149,154,161,disgust,CASME3_Dataset\Part_A_ME_clip\Part_A_ME_clip\frame\spNO.184_k_149,CASME3_Dataset\Part_A_ME_clip\Part_A_ME_clip\depth\spNO.184_k_149,0
spNO.184_k_1421,spNO.184,k,1421,1427,1437,disgust,CASME3_Dataset\Part_A_ME_clip\Part_A_ME_clip\frame\spNO.184_k_1421,CASME3_Dataset\Part_A_ME_clip\Part_A_ME_clip\depth\spNO.184_k_1421,0
spNO.185_k_997,spNO.185,k,997,1003,1034,others,CASME3_Dataset\Part_A_ME_clip\Part_A_ME_clip\frame\spNO.185_k_997,CASME3_Dataset\Part_A_ME_clip\Part_A_ME_clip\depth\spNO.185_k_997,3
spNO.186_c_337,spNO.186,c,337,343,352,surprise,CASME3_Dataset\Part_A_ME_clip\Part_A_ME_clip\frame\spNO.186_c_337,CASME3_Dataset\Part_A_ME_clip\Part_A_ME_clip\depth\spNO.186_c_337,2
spNO.186_c_359,spNO.186,c,359,365,473,disgust,CASME3_Dataset\Part_A_ME_clip\Part_A_ME_clip\frame\spNO.186_c_359,CASME3_Dataset\Part_A_ME_clip\Part_A_ME_clip\depth\spNO.186_c_359,2
spNO.186_f_448,spNO.186,f,448,456,502,surprise,CASME3_Dataset\Part_A_ME_clip\Part_A_ME_clip\frame\spNO.186_f_448,CASME3_Dataset\Part_A_ME_clip\Part_A_ME_clip\depth\spNO.186_f_448,2
spNO.186_l_3634,spNO.186,l,3634,3640,3660,disgust,CASME3_Dataset\Part_A_ME_clip\Part_A_ME_clip\frame\spNO.186_l_3634,CASME3_Dataset\Part_A_ME_clip\Part_A_ME_clip\depth\spNO.186_l_3634,2
spNO.186_l_3677,spNO.186,l,3677,3683,3699,disgust,CASME3_Dataset\Part_A_ME_clip\Part_A_ME_clip\frame\spNO.186_l_3677,CASME3_Dataset\Part_A_ME_clip\Part_A_ME_clip\depth\spNO.186_l_3677,2
spNO.187_c_2541,spNO.187,c,2541,2549,2575,others,CASME3_Dataset\Part_A_ME_clip\Part_A_ME_clip\frame\spNO.187_c_2541,CASME3_Dataset\Part_A_ME_clip\Part_A_ME_clip\depth\spNO.187_c_2541,3
spNO.187_d_1802,spNO.187,d,1802,1808,1852,fear,CASME3_Dataset\Part_A_ME_clip\Part_A_ME_clip\frame\spNO.187_d_1802,CASME3_Dataset\Part_A_ME_clip\Part_A_ME_clip\depth\spNO.187_d_1802,3
spNO.187_i_3994,spNO.187,i,3994,3998,4015,disgust,CASME3_Dataset\Part_A_ME_clip\Part_A_ME_clip\frame\spNO.187_i_3994,CASME3_Dataset\Part_A_ME_clip\Part_A_ME_clip\depth\spNO.187_i_3994,3
spNO.187_l_3437,spNO.187,l,3437,3444,3484,sad,CASME3_Dataset\Part_A_ME_clip\Part_A_ME_clip\frame\spNO.187_l_3437,CASME3_Dataset\Part_A_ME_clip\Part_A_ME_clip\depth\spNO.187_l_3437,3
spNO.188_c_309,spNO.188,c,309,317,333,surprise,CASME3_Dataset\Part_A_ME_clip\Part_A_ME_clip\frame\spNO.188_c_309,CASME3_Dataset\Part_A_ME_clip\Part_A_ME_clip\depth\spNO.188_c_309,1
spNO.188_e_8,spNO.188,e,8,8,39,surprise,CASME3_Dataset\Part_A_ME_clip\Part_A_ME_clip\frame\spNO.188_e_8,CASME3_Dataset\Part_A_ME_clip\Part_A_ME_clip\depth\spNO.188_e_8,1
spNO.188_m_1052,spNO.188,m,1052,1057,1076,disgust,CASME3_Dataset\Part_A_ME_clip\Part_A_ME_clip\frame\spNO.188_m_1052,CASME3_Dataset\Part_A_ME_clip\Part_A_ME_clip\depth\spNO.188_m_1052,1
spNO.189_a_467,spNO.189,a,467,471,474,disgust,CASME3_Dataset\Part_A_ME_clip\Part_A_ME_clip\frame\spNO.189_a_467,CASME3_Dataset\Part_A_ME_clip\Part_A_ME_clip\depth\spNO.189_a_467,0
spNO.189_d_101,spNO.189,d,101,104,107,fear,CASME3_Dataset\Part_A_ME_clip\Part_A_ME_clip\frame\spNO.189_d_101,CASME3_Dataset\Part_A_ME_clip\Part_A_ME_clip\depth\spNO.189_d_101,0
spNO.189_d_122,spNO.189,d,122,127,130,fear,CASME3_Dataset\Part_A_ME_clip\Part_A_ME_clip\frame\spNO.189_d_122,CASME3_Dataset\Part_A_ME_clip\Part_A_ME_clip\depth\spNO.189_d_122,0
spNO.189_e_8,spNO.189,e,8,8,28,others,CASME3_Dataset\Part_A_ME_clip\Part_A_ME_clip\frame\spNO.189_e_8,CASME3_Dataset\Part_A_ME_clip\Part_A_ME_clip\depth\spNO.189_e_8,0
spNO.189_e_148,spNO.189,e,148,153,156,disgust,CASME3_Dataset\Part_A_ME_clip\Part_A_ME_clip\frame\spNO.189_e_148,CASME3_Dataset\Part_A_ME_clip\Part_A_ME_clip\depth\spNO.189_e_148,0
spNO.189_e_1194,spNO.189,e,1194,1202,1239,disgust,CASME3_Dataset\Part_A_ME_clip\Part_A_ME_clip\frame\spNO.189_e_1194,CASME3_Dataset\Part_A_ME_clip\Part_A_ME_clip\depth\spNO.189_e_1194,0
spNO.189_e_2095,spNO.189,e,2095,2101,2105,disgust,CASME3_Dataset\Part_A_ME_clip\Part_A_ME_clip\frame\spNO.189_e_2095,CASME3_Dataset\Part_A_ME_clip\Part_A_ME_clip\depth\spNO.189_e_2095,0
spNO.189_e_2301,spNO.189,e,2301,2308,2323,disgust,CASME3_Dataset\Part_A_ME_clip\Part_A_ME_clip\frame\spNO.189_e_2301,CASME3_Dataset\Part_A_ME_clip\Part_A_ME_clip\depth\spNO.189_e_2301,0
spNO.189_e_2334,spNO.189,e,2334,2341,2365,disgust,CASME3_Dataset\Part_A_ME_clip\Part_A_ME_clip\frame\spNO.189_e_2334,CASME3_Dataset\Part_A_ME_clip\Part_A_ME_clip\depth\spNO.189_e_2334,0
spNO.189_f_7,spNO.189,f,7,7,70,others,CASME3_Dataset\Part_A_ME_clip\Part_A_ME_clip\frame\spNO.189_f_7,CASME3_Dataset\Part_A_ME_clip\Part_A_ME_clip\depth\spNO.189_f_7,0
spNO.189_f_144,spNO.189,f,144,150,208,fear,CASME3_Dataset\Part_A_ME_clip\Part_A_ME_clip\frame\spNO.189_f_144,CASME3_Dataset\Part_A_ME_clip\Part_A_ME_clip\depth\spNO.189_f_144,0
spNO.189_f_679,spNO.189,f,679,685,695,fear,CASME3_Dataset\Part_A_ME_clip\Part_A_ME_clip\frame\spNO.189_f_679,CASME3_Dataset\Part_A_ME_clip\Part_A_ME_clip\depth\spNO.189_f_679,0
spNO.189_f_1387,spNO.189,f,1387,1390,1394,fear,CASME3_Dataset\Part_A_ME_clip\Part_A_ME_clip\frame\spNO.189_f_1387,CASME3_Dataset\Part_A_ME_clip\Part_A_ME_clip\depth\spNO.189_f_1387,0
spNO.189_f_1395,spNO.189,f,1395,1403,1423,fear,CASME3_Dataset\Part_A_ME_clip\Part_A_ME_clip\frame\spNO.189_f_1395,CASME3_Dataset\Part_A_ME_clip\Part_A_ME_clip\depth\spNO.189_f_1395,0
spNO.189_g_40,spNO.189,g,40,44,48,disgust,CASME3_Dataset\Part_A_ME_clip\Part_A_ME_clip\frame\spNO.189_g_40,CASME3_Dataset\Part_A_ME_clip\Part_A_ME_clip\depth\spNO.189_g_40,0
spNO.189_g_50,spNO.189,g,50,55,59,disgust,CASME3_Dataset\Part_A_ME_clip\Part_A_ME_clip\frame\spNO.189_g_50,CASME3_Dataset\Part_A_ME_clip\Part_A_ME_clip\depth\spNO.189_g_50,0
spNO.189_g_367,spNO.189,g,367,372,376,disgust,CASME3_Dataset\Part_A_ME_clip\Part_A_ME_clip\frame\spNO.189_g_367,CASME3_Dataset\Part_A_ME_clip\Part_A_ME_clip\depth\spNO.189_g_367,0
spNO.189_g_911,spNO.189,g,911,915,920,disgust,CASME3_Dataset\Part_A_ME_clip\Part_A_ME_clip\frame\spNO.189_g_911,CASME3_Dataset\Part_A_ME_clip\Part_A_ME_clip\depth\spNO.189_g_911,0
spNO.189_g_990,spNO.189,g,990,996,1003,disgust,CASME3_Dataset\Part_A_ME_clip\Part_A_ME_clip\frame\spNO.189_g_990,CASME3_Dataset\Part_A_ME_clip\Part_A_ME_clip\depth\spNO.189_g_990,0
spNO.189_g_1719,spNO.189,g,1719,1727,1779,disgust,CASME3_Dataset\Part_A_ME_clip\Part_A_ME_clip\frame\spNO.189_g_1719,CASME3_Dataset\Part_A_ME_clip\Part_A_ME_clip\depth\spNO.189_g_1719,0
spNO.189_g_1812,spNO.189,g,1812,1819,1843,disgust,CASME3_Dataset\Part_A_ME_clip\Part_A_ME_clip\frame\spNO.189_g_1812,CASME3_Dataset\Part_A_ME_clip\Part_A_ME_clip\depth\spNO.189_g_1812,0
spNO.189_g_2043,spNO.189,g,2043,2048,2062,disgust,CASME3_Dataset\Part_A_ME_clip\Part_A_ME_clip\frame\spNO.189_g_2043,CASME3_Dataset\Part_A_ME_clip\Part_A_ME_clip\depth\spNO.189_g_2043,0
spNO.189_h_37,spNO.189,h,37,44,66,disgust,CASME3_Dataset\Part_A_ME_clip\Part_A_ME_clip\frame\spNO.189_h_37,CASME3_Dataset\Part_A_ME_clip\Part_A_ME_clip\depth\spNO.189_h_37,0
spNO.189_h_77,spNO.189,h,77,85,95,disgust,CASME3_Dataset\Part_A_ME_clip\Part_A_ME_clip\frame\spNO.189_h_77,CASME3_Dataset\Part_A_ME_clip\Part_A_ME_clip\depth\spNO.189_h_77,0
spNO.189_h_610,spNO.189,h,610,617,643,disgust,CASME3_Dataset\Part_A_ME_clip\Part_A_ME_clip\frame\spNO.189_h_610,CASME3_Dataset\Part_A_ME_clip\Part_A_ME_clip\depth\spNO.189_h_610,0
spNO.189_h_644,spNO.189,h,644,647,659,disgust,CASME3_Dataset\Part_A_ME_clip\Part_A_ME_clip\frame\spNO.189_h_644,CASME3_Dataset\Part_A_ME_clip\Part_A_ME_clip\depth\spNO.189_h_644,0
spNO.189_h_1196,spNO.189,h,1196,1204,1222,disgust,CASME3_Dataset\Part_A_ME_clip\Part_A_ME_clip\frame\spNO.189_h_1196,CASME3_Dataset\Part_A_ME_clip\Part_A_ME_clip\depth\spNO.189_h_1196,0
spNO.189_h_2046,spNO.189,h,2046,2048,2053,disgust,CASME3_Dataset\Part_A_ME_clip\Part_A_ME_clip\frame\spNO.189_h_2046,CASME3_Dataset\Part_A_ME_clip\Part_A_ME_clip\depth\spNO.189_h_2046,0
spNO.189_h_2441,spNO.189,h,2441,2444,2448,disgust,CASME3_Dataset\Part_A_ME_clip\Part_A_ME_clip\frame\spNO.189_h_2441,CASME3_Dataset\Part_A_ME_clip\Part_A_ME_clip\depth\spNO.189_h_2441,0
spNO.189_h_3309,spNO.189,h,3309,3317,3339,disgust,CASME3_Dataset\Part_A_ME_clip\Part_A_ME_clip\frame\spNO.189_h_3309,CASME3_Dataset\Part_A_ME_clip\Part_A_ME_clip\depth\spNO.189_h_3309,0
spNO.189_i_5,spNO.189,i,5,5,16,anger,CASME3_Dataset\Part_A_ME_clip\Part_A_ME_clip\frame\spNO.189_i_5,CASME3_Dataset\Part_A_ME_clip\Part_A_ME_clip\depth\spNO.189_i_5,0
spNO.189_i_111,spNO.189,i,111,116,120,disgust,CASME3_Dataset\Part_A_ME_clip\Part_A_ME_clip\frame\spNO.189_i_111,CASME3_Dataset\Part_A_ME_clip\Part_A_ME_clip\depth\spNO.189_i_111,0
spNO.189_i_173,spNO.189,i,173,181,185,disgust,CASME3_Dataset\Part_A_ME_clip\Part_A_ME_clip\frame\spNO.189_i_173,CASME3_Dataset\Part_A_ME_clip\Part_A_ME_clip\depth\spNO.189_i_173,0
spNO.189_i_271,spNO.189,i,271,275,280,disgust,CASME3_Dataset\Part_A_ME_clip\Part_A_ME_clip\frame\spNO.189_i_271,CASME3_Dataset\Part_A_ME_clip\Part_A_ME_clip\depth\spNO.189_i_271,0
spNO.189_i_441,spNO.189,i,441,449,459,anger,CASME3_Dataset\Part_A_ME_clip\Part_A_ME_clip\frame\spNO.189_i_441,CASME3_Dataset\Part_A_ME_clip\Part_A_ME_clip\depth\spNO.189_i_441,0
spNO.189_i_461,spNO.189,i,461,467,532,anger,CASME3_Dataset\Part_A_ME_clip\Part_A_ME_clip\frame\spNO.189_i_461,CASME3_Dataset\Part_A_ME_clip\Part_A_ME_clip\depth\spNO.189_i_461,0
spNO.189_j_32,spNO.189,j,32,35,38,disgust,CASME3_Dataset\Part_A_ME_clip\Part_A_ME_clip\frame\spNO.189_j_32,CASME3_Dataset\Part_A_ME_clip\Part_A_ME_clip\depth\spNO.189_j_32,0
spNO.189_j_56,spNO.189,j,56,62,65,happy,CASME3_Dataset\Part_A_ME_clip\Part_A_ME_clip\frame\spNO.189_j_56,CASME3_Dataset\Part_A_ME_clip\Part_A_ME_clip\depth\spNO.189_j_56,0
spNO.189_j_166,spNO.189,j,166,168,171,happy,CASME3_Dataset\Part_A_ME_clip\Part_A_ME_clip\frame\spNO.189_j_166,CASME3_Dataset\Part_A_ME_clip\Part_A_ME_clip\depth\spNO.189_j_166,0
spNO.189_j_780,spNO.189,j,780,785,809,others,CASME3_Dataset\Part_A_ME_clip\Part_A_ME_clip\frame\spNO.189_j_780,CASME3_Dataset\Part_A_ME_clip\Part_A_ME_clip\depth\spNO.189_j_780,0
spNO.189_k_25,spNO.189,k,25,31,35,disgust,CASME3_Dataset\Part_A_ME_clip\Part_A_ME_clip\frame\spNO.189_k_25,CASME3_Dataset\Part_A_ME_clip\Part_A_ME_clip\depth\spNO.189_k_25,0
spNO.189_k_287,spNO.189,k,287,293,297,disgust,CASME3_Dataset\Part_A_ME_clip\Part_A_ME_clip\frame\spNO.189_k_287,CASME3_Dataset\Part_A_ME_clip\Part_A_ME_clip\depth\spNO.189_k_287,0
spNO.189_l_218,spNO.189,l,218,221,225,disgust,CASME3_Dataset\Part_A_ME_clip\Part_A_ME_clip\frame\spNO.189_l_218,CASME3_Dataset\Part_A_ME_clip\Part_A_ME_clip\depth\spNO.189_l_218,0
spNO.189_l_233,spNO.189,l,233,240,250,disgust,CASME3_Dataset\Part_A_ME_clip\Part_A_ME_clip\frame\spNO.189_l_233,CASME3_Dataset\Part_A_ME_clip\Part_A_ME_clip\depth\spNO.189_l_233,0
spNO.189_l_1422,spNO.189,l,1422,1427,1463,disgust,CASME3_Dataset\Part_A_ME_clip\Part_A_ME_clip\frame\spNO.189_l_1422,CASME3_Dataset\Part_A_ME_clip\Part_A_ME_clip\depth\spNO.189_l_1422,0
spNO.189_l_2593,spNO.189,l,2593,2600,2604,disgust,CASME3_Dataset\Part_A_ME_clip\Part_A_ME_clip\frame\spNO.189_l_2593,CASME3_Dataset\Part_A_ME_clip\Part_A_ME_clip\depth\spNO.189_l_2593,0
spNO.189_m_87,spNO.189,m,87,91,94,disgust,CASME3_Dataset\Part_A_ME_clip\Part_A_ME_clip\frame\spNO.189_m_87,CASME3_Dataset\Part_A_ME_clip\Part_A_ME_clip\depth\spNO.189_m_87,0
spNO.189_m_94,spNO.189,m,94,103,107,disgust,CASME3_Dataset\Part_A_ME_clip\Part_A_ME_clip\frame\spNO.189_m_94,CASME3_Dataset\Part_A_ME_clip\Part_A_ME_clip\depth\spNO.189_m_94,0
spNO.189_m_134,spNO.189,m,134,137,149,disgust,CASME3_Dataset\Part_A_ME_clip\Part_A_ME_clip\frame\spNO.189_m_134,CASME3_Dataset\Part_A_ME_clip\Part_A_ME_clip\depth\spNO.189_m_134,0
spNO.189_m_270,spNO.189,m,270,274,340,anger,CASME3_Dataset\Part_A_ME_clip\Part_A_ME_clip\frame\spNO.189_m_270,CASME3_Dataset\Part_A_ME_clip\Part_A_ME_clip\depth\spNO.189_m_270,0
spNO.189_m_387,spNO.189,m,387,391,394,disgust,CASME3_Dataset\Part_A_ME_clip\Part_A_ME_clip\frame\spNO.189_m_387,CASME3_Dataset\Part_A_ME_clip\Part_A_ME_clip\depth\spNO.189_m_387,0
spNO.189_m_551,spNO.189,m,551,559,617,anger,CASME3_Dataset\Part_A_ME_clip\Part_A_ME_clip\frame\spNO.189_m_551,CASME3_Dataset\Part_A_ME_clip\Part_A_ME_clip\depth\spNO.189_m_551,0
spNO.189_m_770,spNO.189,m,770,776,830,anger,CASME3_Dataset\Part_A_ME_clip\Part_A_ME_clip\frame\spNO.189_m_770,CASME3_Dataset\Part_A_ME_clip\Part_A_ME_clip\depth\spNO.189_m_770,0
spNO.189_m_780,spNO.189,m,780,784,788,disgust,CASME3_Dataset\Part_A_ME_clip\Part_A_ME_clip\frame\spNO.189_m_780,CASME3_Dataset\Part_A_ME_clip\Part_A_ME_clip\depth\spNO.189_m_780,0
spNO.190_d_3629,spNO.190,d,3629,3636,3659,others,CASME3_Dataset\Part_A_ME_clip\Part_A_ME_clip\frame\spNO.190_d_3629,CASME3_Dataset\Part_A_ME_clip\Part_A_ME_clip\depth\spNO.190_d_3629,0
spNO.190_d_4121,spNO.190,d,4121,4126,4175,others,CASME3_Dataset\Part_A_ME_clip\Part_A_ME_clip\frame\spNO.190_d_4121,CASME3_Dataset\Part_A_ME_clip\Part_A_ME_clip\depth\spNO.190_d_4121,0
spNO.190_e_2271,spNO.190,e,2271,2276,2294,surprise,CASME3_Dataset\Part_A_ME_clip\Part_A_ME_clip\frame\spNO.190_e_2271,CASME3_Dataset\Part_A_ME_clip\Part_A_ME_clip\depth\spNO.190_e_2271,0
spNO.190_j_1939,spNO.190,j,1939,1945,1972,others,CASME3_Dataset\Part_A_ME_clip\Part_A_ME_clip\frame\spNO.190_j_1939,CASME3_Dataset\Part_A_ME_clip\Part_A_ME_clip\depth\spNO.190_j_1939,0
spNO.190_k_2187,spNO.190,k,2187,2195,2203,happy,CASME3_Dataset\Part_A_ME_clip\Part_A_ME_clip\frame\spNO.190_k_2187,CASME3_Dataset\Part_A_ME_clip\Part_A_ME_clip\depth\spNO.190_k_2187,0
spNO.190_m_8,spNO.190,m,8,8,737,anger,CASME3_Dataset\Part_A_ME_clip\Part_A_ME_clip\frame\spNO.190_m_8,CASME3_Dataset\Part_A_ME_clip\Part_A_ME_clip\depth\spNO.190_m_8,0
spNO.192_b_889,spNO.192,b,889,897,975,disgust,CASME3_Dataset\Part_A_ME_clip\Part_A_ME_clip\frame\spNO.192_b_889,CASME3_Dataset\Part_A_ME_clip\Part_A_ME_clip\depth\spNO.192_b_889,4
spNO.192_d_1291,spNO.192,d,1291,1299,1352,fear,CASME3_Dataset\Part_A_ME_clip\Part_A_ME_clip\frame\spNO.192_d_1291,CASME3_Dataset\Part_A_ME_clip\Part_A_ME_clip\depth\spNO.192_d_1291,4
spNO.192_d_4736,spNO.192,d,4736,4744,4793,fear,CASME3_Dataset\Part_A_ME_clip\Part_A_ME_clip\frame\spNO.192_d_4736,CASME3_Dataset\Part_A_ME_clip\Part_A_ME_clip\depth\spNO.192_d_4736,4
spNO.192_j_1522,spNO.192,j,1522,1530,1555,others,CASME3_Dataset\Part_A_ME_clip\Part_A_ME_clip\frame\spNO.192_j_1522,CASME3_Dataset\Part_A_ME_clip\Part_A_ME_clip\depth\spNO.192_j_1522,4
spNO.193_a_8,spNO.193,a,8,8,130,disgust,CASME3_Dataset\Part_A_ME_clip\Part_A_ME_clip\frame\spNO.193_a_8,CASME3_Dataset\Part_A_ME_clip\Part_A_ME_clip\depth\spNO.193_a_8,0
spNO.193_a_583,spNO.193,a,583,587,592,disgust,CASME3_Dataset\Part_A_ME_clip\Part_A_ME_clip\frame\spNO.193_a_583,CASME3_Dataset\Part_A_ME_clip\Part_A_ME_clip\depth\spNO.193_a_583,0
spNO.193_e_92,spNO.193,e,92,93,98,fear,CASME3_Dataset\Part_A_ME_clip\Part_A_ME_clip\frame\spNO.193_e_92,CASME3_Dataset\Part_A_ME_clip\Part_A_ME_clip\depth\spNO.193_e_92,0
spNO.193_e_110,spNO.193,e,110,113,117,fear,CASME3_Dataset\Part_A_ME_clip\Part_A_ME_clip\frame\spNO.193_e_110,CASME3_Dataset\Part_A_ME_clip\Part_A_ME_clip\depth\spNO.193_e_110,0
spNO.193_e_183,spNO.193,e,183,187,191,fear,CASME3_Dataset\Part_A_ME_clip\Part_A_ME_clip\frame\spNO.193_e_183,CASME3_Dataset\Part_A_ME_clip\Part_A_ME_clip\depth\spNO.193_e_183,0
spNO.193_e_193,spNO.193,e,193,196,199,fear,CASME3_Dataset\Part_A_ME_clip\Part_A_ME_clip\frame\spNO.193_e_193,CASME3_Dataset\Part_A_ME_clip\Part_A_ME_clip\depth\spNO.193_e_193,0
spNO.193_f_5,spNO.193,f,5,5,186,others,CASME3_Dataset\Part_A_ME_clip\Part_A_ME_clip\frame\spNO.193_f_5,CASME3_Dataset\Part_A_ME_clip\Part_A_ME_clip\depth\spNO.193_f_5,0
spNO.193_g_7,spNO.193,g,7,7,79,others,CASME3_Dataset\Part_A_ME_clip\Part_A_ME_clip\frame\spNO.193_g_7,CASME3_Dataset\Part_A_ME_clip\Part_A_ME_clip\depth\spNO.193_g_7,0
spNO.193_h_16,spNO.193,h,16,19,21,sad,CASME3_Dataset\Part_A_ME_clip\Part_A_ME_clip\frame\spNO.193_h_16,CASME3_Dataset\Part_A_ME_clip\Part_A_ME_clip\depth\spNO.193_h_16,0
spNO.193_m_23,spNO.193,m,23,26,31,disgust,CASME3_Dataset\Part_A_ME_clip\Part_A_ME_clip\frame\spNO.193_m_23,CASME3_Dataset\Part_A_ME_clip\Part_A_ME_clip\depth\spNO.193_m_23,0
spNO.194_a_7,spNO.194,a,7,11,37,others,CASME3_Dataset\Part_A_ME_clip\Part_A_ME_clip\frame\spNO.194_a_7,CASME3_Dataset\Part_A_ME_clip\Part_A_ME_clip\depth\spNO.194_a_7,1
spNO.194_a_561,spNO.194,a,561,569,580,others,CASME3_Dataset\Part_A_ME_clip\Part_A_ME_clip\frame\spNO.194_a_561,CASME3_Dataset\Part_A_ME_clip\Part_A_ME_clip\depth\spNO.194_a_561,1
spNO.194_c_2209,spNO.194,c,2209,2216,2228,surprise,CASME3_Dataset\Part_A_ME_clip\Part_A_ME_clip\frame\spNO.194_c_2209,CASME3_Dataset\Part_A_ME_clip\Part_A_ME_clip\depth\spNO.194_c_2209,1
spNO.194_c_2708,spNO.194,c,2708,2716,2741,others,CASME3_Dataset\Part_A_ME_clip\Part_A_ME_clip\frame\spNO.194_c_2708,CASME3_Dataset\Part_A_ME_clip\Part_A_ME_clip\depth\spNO.194_c_2708,1
spNO.194_d_1888,spNO.194,d,1888,1894,1903,disgust,CASME3_Dataset\Part_A_ME_clip\Part_A_ME_clip\frame\spNO.194_d_1888,CASME3_Dataset\Part_A_ME_clip\Part_A_ME_clip\depth\spNO.194_d_1888,1
spNO.194_f_331,spNO.194,f,331,339,373,others,CASME3_Dataset\Part_A_ME_clip\Part_A_ME_clip\frame\spNO.194_f_331,CASME3_Dataset\Part_A_ME_clip\Part_A_ME_clip\depth\spNO.194_f_331,1
spNO.194_g_288,spNO.194,g,288,295,303,sad,CASME3_Dataset\Part_A_ME_clip\Part_A_ME_clip\frame\spNO.194_g_288,CASME3_Dataset\Part_A_ME_clip\Part_A_ME_clip\depth\spNO.194_g_288,1
spNO.194_h_1427,spNO.194,h,1427,1433,1444,surprise,CASME3_Dataset\Part_A_ME_clip\Part_A_ME_clip\frame\spNO.194_h_1427,CASME3_Dataset\Part_A_ME_clip\Part_A_ME_clip\depth\spNO.194_h_1427,1
spNO.194_i_8,spNO.194,i,8,14,20,others,CASME3_Dataset\Part_A_ME_clip\Part_A_ME_clip\frame\spNO.194_i_8,CASME3_Dataset\Part_A_ME_clip\Part_A_ME_clip\depth\spNO.194_i_8,1
spNO.194_i_245,spNO.194,i,245,253,268,surprise,CASME3_Dataset\Part_A_ME_clip\Part_A_ME_clip\frame\spNO.194_i_245,CASME3_Dataset\Part_A_ME_clip\Part_A_ME_clip\depth\spNO.194_i_245,1
spNO.194_k_430,spNO.194,k,430,438,495,disgust,CASME3_Dataset\Part_A_ME_clip\Part_A_ME_clip\frame\spNO.194_k_430,CASME3_Dataset\Part_A_ME_clip\Part_A_ME_clip\depth\spNO.194_k_430,1
spNO.194_m_125,spNO.194,m,125,132,151,surprise,CASME3_Dataset\Part_A_ME_clip\Part_A_ME_clip\frame\spNO.194_m_125,CASME3_Dataset\Part_A_ME_clip\Part_A_ME_clip\depth\spNO.194_m_125,1
spNO.194_m_382,spNO.194,m,382,389,410,surprise,CASME3_Dataset\Part_A_ME_clip\Part_A_ME_clip\frame\spNO.194_m_382,CASME3_Dataset\Part_A_ME_clip\Part_A_ME_clip\depth\spNO.194_m_382,1
spNO.194_m_862,spNO.194,m,862,869,880,surprise,CASME3_Dataset\Part_A_ME_clip\Part_A_ME_clip\frame\spNO.194_m_862,CASME3_Dataset\Part_A_ME_clip\Part_A_ME_clip\depth\spNO.194_m_862,1
spNO.194_m_1920,spNO.194,m,1920,1927,1946,anger,CASME3_Dataset\Part_A_ME_clip\Part_A_ME_clip\frame\spNO.194_m_1920,CASME3_Dataset\Part_A_ME_clip\Part_A_ME_clip\depth\spNO.194_m_1920,1
spNO.194_m_1954,spNO.194,m,1954,1957,1971,others,CASME3_Dataset\Part_A_ME_clip\Part_A_ME_clip\frame\spNO.194_m_1954,CASME3_Dataset\Part_A_ME_clip\Part_A_ME_clip\depth\spNO.194_m_1954,1
spNO.195_a_8,spNO.195,a,8,8,39,surprise,CASME3_Dataset\Part_A_ME_clip\Part_A_ME_clip\frame\spNO.195_a_8,CASME3_Dataset\Part_A_ME_clip\Part_A_ME_clip\depth\spNO.195_a_8,1
spNO.195_h_7,spNO.195,h,7,7,79,others,CASME3_Dataset\Part_A_ME_clip\Part_A_ME_clip\frame\spNO.195_h_7,CASME3_Dataset\Part_A_ME_clip\Part_A_ME_clip\depth\spNO.195_h_7,1
spNO.195_i_2844,spNO.195,i,2844,2851,2886,anger,CASME3_Dataset\Part_A_ME_clip\Part_A_ME_clip\frame\spNO.195_i_2844,CASME3_Dataset\Part_A_ME_clip\Part_A_ME_clip\depth\spNO.195_i_2844,1
spNO.195_j_1109,spNO.195,j,1109,1116,1141,happy,CASME3_Dataset\Part_A_ME_clip\Part_A_ME_clip\frame\spNO.195_j_1109,CASME3_Dataset\Part_A_ME_clip\Part_A_ME_clip\depth\spNO.195_j_1109,1
spNO.195_k_7,spNO.195,k,7,7,242,happy,CASME3_Dataset\Part_A_ME_clip\Part_A_ME_clip\frame\spNO.195_k_7,CASME3_Dataset\Part_A_ME_clip\Part_A_ME_clip\depth\spNO.195_k_7,1
spNO.195_k_1377,spNO.195,k,1377,1383,1398,happy,CASME3_Dataset\Part_A_ME_clip\Part_A_ME_clip\frame\spNO.195_k_1377,CASME3_Dataset\Part_A_ME_clip\Part_A_ME_clip\depth\spNO.195_k_1377,1
spNO.196_b_269,spNO.196,b,269,274,291,others,CASME3_Dataset\Part_A_ME_clip\Part_A_ME_clip\frame\spNO.196_b_269,CASME3_Dataset\Part_A_ME_clip\Part_A_ME_clip\depth\spNO.196_b_269,2
spNO.196_c_8,spNO.196,c,8,8,39,others,CASME3_Dataset\Part_A_ME_clip\Part_A_ME_clip\frame\spNO.196_c_8,CASME3_Dataset\Part_A_ME_clip\Part_A_ME_clip\depth\spNO.196_c_8,2
spNO.196_c_2331,spNO.196,c,2331,2336,2359,others,CASME3_Dataset\Part_A_ME_clip\Part_A_ME_clip\frame\spNO.196_c_2331,CASME3_Dataset\Part_A_ME_clip\Part_A_ME_clip\depth\spNO.196_c_2331,2
spNO.196_e_1382,spNO.196,e,1382,1389,1417,others,CASME3_Dataset\Part_A_ME_clip\Part_A_ME_clip\frame\spNO.196_e_1382,CASME3_Dataset\Part_A_ME_clip\Part_A_ME_clip\depth\spNO.196_e_1382,2
spNO.196_i_389,spNO.196,i,389,393,402,disgust,CASME3_Dataset\Part_A_ME_clip\Part_A_ME_clip\frame\spNO.196_i_389,CASME3_Dataset\Part_A_ME_clip\Part_A_ME_clip\depth\spNO.196_i_389,2
spNO.196_i_643,spNO.196,i,643,647,662,disgust,CASME3_Dataset\Part_A_ME_clip\Part_A_ME_clip\frame\spNO.196_i_643,CASME3_Dataset\Part_A_ME_clip\Part_A_ME_clip\depth\spNO.196_i_643,2
spNO.197_a_881,spNO.197,a,881,888,899,disgust,CASME3_Dataset\Part_A_ME_clip\Part_A_ME_clip\frame\spNO.197_a_881,CASME3_Dataset\Part_A_ME_clip\Part_A_ME_clip\depth\spNO.197_a_881,4
spNO.197_d_108,spNO.197,d,108,115,128,others,CASME3_Dataset\Part_A_ME_clip\Part_A_ME_clip\frame\spNO.197_d_108,CASME3_Dataset\Part_A_ME_clip\Part_A_ME_clip\depth\spNO.197_d_108,4
spNO.197_d_1686,spNO.197,d,1686,1692,1745,fear,CASME3_Dataset\Part_A_ME_clip\Part_A_ME_clip\frame\spNO.197_d_1686,CASME3_Dataset\Part_A_ME_clip\Part_A_ME_clip\depth\spNO.197_d_1686,4
spNO.197_h_1813,spNO.197,h,1813,1820,1830,surprise,CASME3_Dataset\Part_A_ME_clip\Part_A_ME_clip\frame\spNO.197_h_1813,CASME3_Dataset\Part_A_ME_clip\Part_A_ME_clip\depth\spNO.197_h_1813,4
spNO.197_i_1305,spNO.197,i,1305,1310,1322,surprise,CASME3_Dataset\Part_A_ME_clip\Part_A_ME_clip\frame\spNO.197_i_1305,CASME3_Dataset\Part_A_ME_clip\Part_A_ME_clip\depth\spNO.197_i_1305,4
spNO.197_i_1809,spNO.197,i,1809,1813,1821,surprise,CASME3_Dataset\Part_A_ME_clip\Part_A_ME_clip\frame\spNO.197_i_1809,CASME3_Dataset\Part_A_ME_clip\Part_A_ME_clip\depth\spNO.197_i_1809,4
spNO.197_k_543,spNO.197,k,543,548,566,happy,CASME3_Dataset\Part_A_ME_clip\Part_A_ME_clip\frame\spNO.197_k_543,CASME3_Dataset\Part_A_ME_clip\Part_A_ME_clip\depth\spNO.197_k_543,4
spNO.197_k_1146,spNO.197,k,1146,1154,1182,happy,CASME3_Dataset\Part_A_ME_clip\Part_A_ME_clip\frame\spNO.197_k_1146,CASME3_Dataset\Part_A_ME_clip\Part_A_ME_clip\depth\spNO.197_k_1146,4
spNO.197_k_1950,spNO.197,k,1950,1956,1968,happy,CASME3_Dataset\Part_A_ME_clip\Part_A_ME_clip\frame\spNO.197_k_1950,CASME3_Dataset\Part_A_ME_clip\Part_A_ME_clip\depth\spNO.197_k_1950,4
spNO.197_l_662,spNO.197,l,662,669,674,surprise,CASME3_Dataset\Part_A_ME_clip\Part_A_ME_clip\frame\spNO.197_l_662,CASME3_Dataset\Part_A_ME_clip\Part_A_ME_clip\depth\spNO.197_l_662,4
spNO.197_l_933,spNO.197,l,933,942,948,surprise,CASME3_Dataset\Part_A_ME_clip\Part_A_ME_clip\frame\spNO.197_l_933,CASME3_Dataset\Part_A_ME_clip\Part_A_ME_clip\depth\spNO.197_l_933,4
spNO.197_l_1995,spNO.197,l,1995,1998,2004,surprise,CASME3_Dataset\Part_A_ME_clip\Part_A_ME_clip\frame\spNO.197_l_1995,CASME3_Dataset\Part_A_ME_clip\Part_A_ME_clip\depth\spNO.197_l_1995,4
spNO.197_l_3551,spNO.197,l,3551,3554,3567,surprise,CASME3_Dataset\Part_A_ME_clip\Part_A_ME_clip\frame\spNO.197_l_3551,CASME3_Dataset\Part_A_ME_clip\Part_A_ME_clip\depth\spNO.197_l_3551,4
spNO.197_m_324,spNO.197,m,324,331,343,surprise,CASME3_Dataset\Part_A_ME_clip\Part_A_ME_clip\frame\spNO.197_m_324,CASME3_Dataset\Part_A_ME_clip\Part_A_ME_clip\depth\spNO.197_m_324,4
spNO.197_m_431,spNO.197,m,431,437,460,disgust,CASME3_Dataset\Part_A_ME_clip\Part_A_ME_clip\frame\spNO.197_m_431,CASME3_Dataset\Part_A_ME_clip\Part_A_ME_clip\depth\spNO.197_m_431,4
spNO.198_f_54,spNO.198,f,54,62,72,others,CASME3_Dataset\Part_A_ME_clip\Part_A_ME_clip\frame\spNO.198_f_54,CASME3_Dataset\Part_A_ME_clip\Part_A_ME_clip\depth\spNO.198_f_54,1
spNO.2_a_237,spNO.2,a,237,241,258,surprise,CASME3_Dataset\Part_A_ME_clip\Part_A_ME_clip\frame\spNO.2_a_237,CASME3_Dataset\Part_A_ME_clip\Part_A_ME_clip\depth\spNO.2_a_237,3
spNO.2_b_106,spNO.2,b,106,110,149,others,CASME3_Dataset\Part_A_ME_clip\Part_A_ME_clip\frame\spNO.2_b_106,CASME3_Dataset\Part_A_ME_clip\Part_A_ME_clip\depth\spNO.2_b_106,3
spNO.2_c_615,spNO.2,c,615,620,656,fear,CASME3_Dataset\Part_A_ME_clip\Part_A_ME_clip\frame\spNO.2_c_615,CASME3_Dataset\Part_A_ME_clip\Part_A_ME_clip\depth\spNO.2_c_615,3
spNO.2_c_2793,spNO.2,c,2793,2797,2810,fear,CASME3_Dataset\Part_A_ME_clip\Part_A_ME_clip\frame\spNO.2_c_2793,CASME3_Dataset\Part_A_ME_clip\Part_A_ME_clip\depth\spNO.2_c_2793,3
spNO.2_d_1101,spNO.2,d,1101,1107,1129,fear,CASME3_Dataset\Part_A_ME_clip\Part_A_ME_clip\frame\spNO.2_d_1101,CASME3_Dataset\Part_A_ME_clip\Part_A_ME_clip\depth\spNO.2_d_1101,3
spNO.2_d_1595,spNO.2,d,1595,1600,1650,others,CASME3_Dataset\Part_A_ME_clip\Part_A_ME_clip\frame\spNO.2_d_1595,CASME3_Dataset\Part_A_ME_clip\Part_A_ME_clip\depth\spNO.2_d_1595,3
spNO.2_e_138,spNO.2,e,138,143,148,surprise,CASME3_Dataset\Part_A_ME_clip\Part_A_ME_clip\frame\spNO.2_e_138,CASME3_Dataset\Part_A_ME_clip\Part_A_ME_clip\depth\spNO.2_e_138,3
spNO.2_g_4,spNO.2,g,4,4,74,happy,CASME3_Dataset\Part_A_ME_clip\Part_A_ME_clip\frame\spNO.2_g_4,CASME3_Dataset\Part_A_ME_clip\Part_A_ME_clip\depth\spNO.2_g_4,3
spNO.2_j_7,spNO.2,j,7,7,408,happy,CASME3_Dataset\Part_A_ME_clip\Part_A_ME_clip\frame\spNO.2_j_7,CASME3_Dataset\Part_A_ME_clip\Part_A_ME_clip\depth\spNO.2_j_7,3
spNO.2_k_185,spNO.2,k,185,191,200,surprise,CASME3_Dataset\Part_A_ME_clip\Part_A_ME_clip\frame\spNO.2_k_185,CASME3_Dataset\Part_A_ME_clip\Part_A_ME_clip\depth\spNO.2_k_185,3
spNO.200_b_226,spNO.200,b,226,233,255,surprise,CASME3_Dataset\Part_A_ME_clip\Part_A_ME_clip\frame\spNO.200_b_226,CASME3_Dataset\Part_A_ME_clip\Part_A_ME_clip\depth\spNO.200_b_226,3
spNO.200_b_518,spNO.200,b,518,524,533,fear,CASME3_Dataset\Part_A_ME_clip\Part_A_ME_clip\frame\spNO.200_b_518,CASME3_Dataset\Part_A_ME_clip\Part_A_ME_clip\depth\spNO.200_b_518,3
spNO.200_g_1942,spNO.200,g,1942,1947,1961,anger,CASME3_Dataset\Part_A_ME_clip\Part_A_ME_clip\frame\spNO.200_g_1942,CASME3_Dataset\Part_A_ME_clip\Part_A_ME_clip\depth\spNO.200_g_1942,3
spNO.200_k_387,spNO.200,k,387,395,414,happy,CASME3_Dataset\Part_A_ME_clip\Part_A_ME_clip\frame\spNO.200_k_387,CASME3_Dataset\Part_A_ME_clip\Part_A_ME_clip\depth\spNO.200_k_387,3
spNO.200_m_101,spNO.200,m,101,109,150,anger,CASME3_Dataset\Part_A_ME_clip\Part_A_ME_clip\frame\spNO.200_m_101,CASME3_Dataset\Part_A_ME_clip\Part_A_ME_clip\depth\spNO.200_m_101,3
spNO.201_c_7,spNO.201,c,7,7,23,surprise,CASME3_Dataset\Part_A_ME_clip\Part_A_ME_clip\frame\spNO.201_c_7,CASME3_Dataset\Part_A_ME_clip\Part_A_ME_clip\depth\spNO.201_c_7,3
spNO.201_c_1698,spNO.201,c,1698,1703,1722,surprise,CASME3_Dataset\Part_A_ME_clip\Part_A_ME_clip\frame\spNO.201_c_1698,CASME3_Dataset\Part_A_ME_clip\Part_A_ME_clip\depth\spNO.201_c_1698,3
spNO.201_e_596,spNO.201,e,596,601,607,surprise,CASME3_Dataset\Part_A_ME_clip\Part_A_ME_clip\frame\spNO.201_e_596,CASME3_Dataset\Part_A_ME_clip\Part_A_ME_clip\depth\spNO.201_e_596,3
spNO.201_e_1900,spNO.201,e,1900,1905,1911,surprise,CASME3_Dataset\Part_A_ME_clip\Part_A_ME_clip\frame\spNO.201_e_1900,CASME3_Dataset\Part_A_ME_clip\Part_A_ME_clip\depth\spNO.201_e_1900,3
spNO.201_g_165,spNO.201,g,165,170,175,surprise,CASME3_Dataset\Part_A_ME_clip\Part_A_ME_clip\frame\spNO.201_g_165,CASME3_Dataset\Part_A_ME_clip\Part_A_ME_clip\depth\spNO.201_g_165,3
spNO.201_i_50,spNO.201,i,50,57,62,others,CASME3_Dataset\Part_A_ME_clip\Part_A_ME_clip\frame\spNO.201_i_50,CASME3_Dataset\Part_A_ME_clip\Part_A_ME_clip\depth\spNO.201_i_50,3
spNO.201_i_61,spNO.201,i,61,64,66,others,CASME3_Dataset\Part_A_ME_clip\Part_A_ME_clip\frame\spNO.201_i_61,CASME3_Dataset\Part_A_ME_clip\Part_A_ME_clip\depth\spNO.201_i_61,3
spNO.201_j_1759,spNO.201,j,1759,1767,1778,happy,CASME3_Dataset\Part_A_ME_clip\Part_A_ME_clip\frame\spNO.201_j_1759,CASME3_Dataset\Part_A_ME_clip\Part_A_ME_clip\depth\spNO.201_j_1759,3
spNO.201_m_360,spNO.201,m,360,364,369,surprise,CASME3_Dataset\Part_A_ME_clip\Part_A_ME_clip\frame\spNO.201_m_360,CASME3_Dataset\Part_A_ME_clip\Part_A_ME_clip\depth\spNO.201_m_360,3
spNO.201_m_381,spNO.201,m,381,388,397,surprise,CASME3_Dataset\Part_A_ME_clip\Part_A_ME_clip\frame\spNO.201_m_381,CASME3_Dataset\Part_A_ME_clip\Part_A_ME_clip\depth\spNO.201_m_381,3
spNO.201_m_1174,spNO.201,m,1174,1178,1205,disgust,CASME3_Dataset\Part_A_ME_clip\Part_A_ME_clip\frame\spNO.201_m_1174,CASME3_Dataset\Part_A_ME_clip\Part_A_ME_clip\depth\spNO.201_m_1174,3
spNO.202_b_65,spNO.202,b,65,71,79,surprise,CASME3_Dataset\Part_A_ME_clip\Part_A_ME_clip\frame\spNO.202_b_65,CASME3_Dataset\Part_A_ME_clip\Part_A_ME_clip\depth\spNO.202_b_65,3
spNO.202_e_7,spNO.202,e,7,7,487,others,CASME3_Dataset\Part_A_ME_clip\Part_A_ME_clip\frame\spNO.202_e_7,CASME3_Dataset\Part_A_ME_clip\Part_A_ME_clip\depth\spNO.202_e_7,3
spNO.202_f_7,spNO.202,f,7,7,45,fear,CASME3_Dataset\Part_A_ME_clip\Part_A_ME_clip\frame\spNO.202_f_7,CASME3_Dataset\Part_A_ME_clip\Part_A_ME_clip\depth\spNO.202_f_7,3
spNO.202_f_45,spNO.202,f,45,52,60,surprise,CASME3_Dataset\Part_A_ME_clip\Part_A_ME_clip\frame\spNO.202_f_45,CASME3_Dataset\Part_A_ME_clip\Part_A_ME_clip\depth\spNO.202_f_45,3
spNO.202_g_393,spNO.202,g,393,396,401,disgust,CASME3_Dataset\Part_A_ME_clip\Part_A_ME_clip\frame\spNO.202_g_393,CASME3_Dataset\Part_A_ME_clip\Part_A_ME_clip\depth\spNO.202_g_393,3
spNO.202_j_78,spNO.202,j,78,86,111,happy,CASME3_Dataset\Part_A_ME_clip\Part_A_ME_clip\frame\spNO.202_j_78,CASME3_Dataset\Part_A_ME_clip\Part_A_ME_clip\depth\spNO.202_j_78,3
spNO.202_j_570,spNO.202,j,570,577,611,happy,CASME3_Dataset\Part_A_ME_clip\Part_A_ME_clip\frame\spNO.202_j_570,CASME3_Dataset\Part_A_ME_clip\Part_A_ME_clip\depth\spNO.202_j_570,3
spNO.202_k_7,spNO.202,k,7,7,96,others,CASME3_Dataset\Part_A_ME_clip\Part_A_ME_clip\frame\spNO.202_k_7,CASME3_Dataset\Part_A_ME_clip\Part_A_ME_clip\depth\spNO.202_k_7,3
spNO.202_l_7,spNO.202,l,7,7,22,others,CASME3_Dataset\Part_A_ME_clip\Part_A_ME_clip\frame\spNO.202_l_7,CASME3_Dataset\Part_A_ME_clip\Part_A_ME_clip\depth\spNO.202_l_7,3
spNO.202_l_3267,spNO.202,l,3267,3271,3283,surprise,CASME3_Dataset\Part_A_ME_clip\Part_A_ME_clip\frame\spNO.202_l_3267,CASME3_Dataset\Part_A_ME_clip\Part_A_ME_clip\depth\spNO.202_l_3267,3
spNO.202_m_1,spNO.202,m,1,1,70,anger,CASME3_Dataset\Part_A_ME_clip\Part_A_ME_clip\frame\spNO.202_m_1,CASME3_Dataset\Part_A_ME_clip\Part_A_ME_clip\depth\spNO.202_m_1,3
spNO.202_m_204,spNO.202,m,204,212,303,anger,CASME3_Dataset\Part_A_ME_clip\Part_A_ME_clip\frame\spNO.202_m_204,CASME3_Dataset\Part_A_ME_clip\Part_A_ME_clip\depth\spNO.202_m_204,3
spNO.203_d_7,spNO.203,d,7,7,195,fear,CASME3_Dataset\Part_A_ME_clip\Part_A_ME_clip\frame\spNO.203_d_7,CASME3_Dataset\Part_A_ME_clip\Part_A_ME_clip\depth\spNO.203_d_7,2
spNO.203_d_2067,spNO.203,d,2067,2074,2120,surprise,CASME3_Dataset\Part_A_ME_clip\Part_A_ME_clip\frame\spNO.203_d_2067,CASME3_Dataset\Part_A_ME_clip\Part_A_ME_clip\depth\spNO.203_d_2067,2
spNO.203_e_6,spNO.203,e,6,6,49,others,CASME3_Dataset\Part_A_ME_clip\Part_A_ME_clip\frame\spNO.203_e_6,CASME3_Dataset\Part_A_ME_clip\Part_A_ME_clip\depth\spNO.203_e_6,2
spNO.203_g_111,spNO.203,g,111,119,142,sad,CASME3_Dataset\Part_A_ME_clip\Part_A_ME_clip\frame\spNO.203_g_111,CASME3_Dataset\Part_A_ME_clip\Part_A_ME_clip\depth\spNO.203_g_111,2
spNO.203_h_2161,spNO.203,h,2161,2169,2196,sad,CASME3_Dataset\Part_A_ME_clip\Part_A_ME_clip\frame\spNO.203_h_2161,CASME3_Dataset\Part_A_ME_clip\Part_A_ME_clip\depth\spNO.203_h_2161,2
spNO.203_i_5,spNO.203,i,5,5,198,anger,CASME3_Dataset\Part_A_ME_clip\Part_A_ME_clip\frame\spNO.203_i_5,CASME3_Dataset\Part_A_ME_clip\Part_A_ME_clip\depth\spNO.203_i_5,2
spNO.204_a_513,spNO.204,a,513,521,535,surprise,CASME3_Dataset\Part_A_ME_clip\Part_A_ME_clip\frame\spNO.204_a_513,CASME3_Dataset\Part_A_ME_clip\Part_A_ME_clip\depth\spNO.204_a_513,0
spNO.204_a_606,spNO.204,a,606,612,635,disgust,CASME3_Dataset\Part_A_ME_clip\Part_A_ME_clip\frame\spNO.204_a_606,CASME3_Dataset\Part_A_ME_clip\Part_A_ME_clip\depth\spNO.204_a_606,0
spNO.204_b_276,spNO.204,b,276,284,298,disgust,CASME3_Dataset\Part_A_ME_clip\Part_A_ME_clip\frame\spNO.204_b_276,CASME3_Dataset\Part_A_ME_clip\Part_A_ME_clip\depth\spNO.204_b_276,0
spNO.204_b_670,spNO.204,b,670,678,698,disgust,CASME3_Dataset\Part_A_ME_clip\Part_A_ME_clip\frame\spNO.204_b_670,CASME3_Dataset\Part_A_ME_clip\Part_A_ME_clip\depth\spNO.204_b_670,0
spNO.204_e_1651,spNO.204,e,1651,1659,1679,others,CASME3_Dataset\Part_A_ME_clip\Part_A_ME_clip\frame\spNO.204_e_1651,CASME3_Dataset\Part_A_ME_clip\Part_A_ME_clip\depth\spNO.204_e_1651,0
spNO.204_j_500,spNO.204,j,500,503,516,surprise,CASME3_Dataset\Part_A_ME_clip\Part_A_ME_clip\frame\spNO.204_j_500,CASME3_Dataset\Part_A_ME_clip\Part_A_ME_clip\depth\spNO.204_j_500,0
spNO.204_j_697,spNO.204,j,697,701,706,surprise,CASME3_Dataset\Part_A_ME_clip\Part_A_ME_clip\frame\spNO.204_j_697,CASME3_Dataset\Part_A_ME_clip\Part_A_ME_clip\depth\spNO.204_j_697,0
spNO.204_k_721,spNO.204,k,721,727,777,happy,CASME3_Dataset\Part_A_ME_clip\Part_A_ME_clip\frame\spNO.204_k_721,CASME3_Dataset\Part_A_ME_clip\Part_A_ME_clip\depth\spNO.204_k_721,0
spNO.204_m_2679,spNO.204,m,2679,2685,2695,anger,CASME3_Dataset\Part_A_ME_clip\Part_A_ME_clip\frame\spNO.204_m_2679,CASME3_Dataset\Part_A_ME_clip\Part_A_ME_clip\depth\spNO.204_m_2679,0
spNO.206_a_10,spNO.206,a,10,17,24,others,CASME3_Dataset\Part_A_ME_clip\Part_A_ME_clip\frame\spNO.206_a_10,CASME3_Dataset\Part_A_ME_clip\Part_A_ME_clip\depth\spNO.206_a_10,1
spNO.206_a_117,spNO.206,a,117,124,146,surprise,CASME3_Dataset\Part_A_ME_clip\Part_A_ME_clip\frame\spNO.206_a_117,CASME3_Dataset\Part_A_ME_clip\Part_A_ME_clip\depth\spNO.206_a_117,1
spNO.206_c_69,spNO.206,c,69,75,80,others,CASME3_Dataset\Part_A_ME_clip\Part_A_ME_clip\frame\spNO.206_c_69,CASME3_Dataset\Part_A_ME_clip\Part_A_ME_clip\depth\spNO.206_c_69,1
spNO.206_d_2056,spNO.206,d,2056,2063,2086,surprise,CASME3_Dataset\Part_A_ME_clip\Part_A_ME_clip\frame\spNO.206_d_2056,CASME3_Dataset\Part_A_ME_clip\Part_A_ME_clip\depth\spNO.206_d_2056,1
spNO.206_e_338,spNO.206,e,338,346,358,surprise,CASME3_Dataset\Part_A_ME_clip\Part_A_ME_clip\frame\spNO.206_e_338,CASME3_Dataset\Part_A_ME_clip\Part_A_ME_clip\depth\spNO.206_e_338,1
spNO.206_e_377,spNO.206,e,377,385,393,surprise,CASME3_Dataset\Part_A_ME_clip\Part_A_ME_clip\frame\spNO.206_e_377,CASME3_Dataset\Part_A_ME_clip\Part_A_ME_clip\depth\spNO.206_e_377,1
spNO.206_e_625,spNO.206,e,625,633,642,surprise,CASME3_Dataset\Part_A_ME_clip\Part_A_ME_clip\frame\spNO.206_e_625,CASME3_Dataset\Part_A_ME_clip\Part_A_ME_clip\depth\spNO.206_e_625,1
spNO.206_e_1133,spNO.206,e,1133,1138,1142,surprise,CASME3_Dataset\Part_A_ME_clip\Part_A_ME_clip\frame\spNO.206_e_1133,CASME3_Dataset\Part_A_ME_clip\Part_A_ME_clip\depth\spNO.206_e_1133,1
spNO.206_f_31,spNO.206,f,31,37,46,surprise,CASME3_Dataset\Part_A_ME_clip\Part_A_ME_clip\frame\spNO.206_f_31,CASME3_Dataset\Part_A_ME_clip\Part_A_ME_clip\depth\spNO.206_f_31,1
spNO.206_f_117,spNO.206,f,117,122,141,surprise,CASME3_Dataset\Part_A_ME_clip\Part_A_ME_clip\frame\spNO.206_f_117,CASME3_Dataset\Part_A_ME_clip\Part_A_ME_clip\depth\spNO.206_f_117,1
spNO.206_g_76,spNO.206,g,76,83,108,surprise,CASME3_Dataset\Part_A_ME_clip\Part_A_ME_clip\frame\spNO.206_g_76,CASME3_Dataset\Part_A_ME_clip\Part_A_ME_clip\depth\spNO.206_g_76,1
spNO.206_g_113,spNO.206,g,113,121,138,surprise,CASME3_Dataset\Part_A_ME_clip\Part_A_ME_clip\frame\spNO.206_g_113,CASME3_Dataset\Part_A_ME_clip\Part_A_ME_clip\depth\spNO.206_g_113,1
spNO.206_g_368,spNO.206,g,368,375,385,surprise,CASME3_Dataset\Part_A_ME_clip\Part_A_ME_clip\frame\spNO.206_g_368,CASME3_Dataset\Part_A_ME_clip\Part_A_ME_clip\depth\spNO.206_g_368,1
spNO.206_h_35,spNO.206,h,35,40,46,surprise,CASME3_Dataset\Part_A_ME_clip\Part_A_ME_clip\frame\spNO.206_h_35,CASME3_Dataset\Part_A_ME_clip\Part_A_ME_clip\depth\spNO.206_h_35,1
spNO.206_h_75,spNO.206,h,75,79,90,surprise,CASME3_Dataset\Part_A_ME_clip\Part_A_ME_clip\frame\spNO.206_h_75,CASME3_Dataset\Part_A_ME_clip\Part_A_ME_clip\depth\spNO.206_h_75,1
spNO.206_h_95,spNO.206,h,95,101,116,surprise,CASME3_Dataset\Part_A_ME_clip\Part_A_ME_clip\frame\spNO.206_h_95,CASME3_Dataset\Part_A_ME_clip\Part_A_ME_clip\depth\spNO.206_h_95,1
spNO.206_h_336,spNO.206,h,336,339,343,sad,CASME3_Dataset\Part_A_ME_clip\Part_A_ME_clip\frame\spNO.206_h_336,CASME3_Dataset\Part_A_ME_clip\Part_A_ME_clip\depth\spNO.206_h_336,1
spNO.206_j_19,spNO.206,j,19,25,30,surprise,CASME3_Dataset\Part_A_ME_clip\Part_A_ME_clip\frame\spNO.206_j_19,CASME3_Dataset\Part_A_ME_clip\Part_A_ME_clip\depth\spNO.206_j_19,1
spNO.206_k_1588,spNO.206,k,1588,1594,1601,surprise,CASME3_Dataset\Part_A_ME_clip\Part_A_ME_clip\frame\spNO.206_k_1588,CASME3_Dataset\Part_A_ME_clip\Part_A_ME_clip\depth\spNO.206_k_1588,1
spNO.206_l_1630,spNO.206,l,1630,1638,1669,surprise,CASME3_Dataset\Part_A_ME_clip\Part_A_ME_clip\frame\spNO.206_l_1630,CASME3_Dataset\Part_A_ME_clip\Part_A_ME_clip\depth\spNO.206_l_1630,1
spNO.206_l_2601,spNO.206,l,2601,2608,2613,sad,CASME3_Dataset\Part_A_ME_clip\Part_A_ME_clip\frame\spNO.206_l_2601,CASME3_Dataset\Part_A_ME_clip\Part_A_ME_clip\depth\spNO.206_l_2601,1
spNO.206_m_244,spNO.206,m,244,252,260,others,CASME3_Dataset\Part_A_ME_clip\Part_A_ME_clip\frame\spNO.206_m_244,CASME3_Dataset\Part_A_ME_clip\Part_A_ME_clip\depth\spNO.206_m_244,1
spNO.206_m_277,spNO.206,m,277,283,300,surprise,CASME3_Dataset\Part_A_ME_clip\Part_A_ME_clip\frame\spNO.206_m_277,CASME3_Dataset\Part_A_ME_clip\Part_A_ME_clip\depth\spNO.206_m_277,1
spNO.207_a_303,spNO.207,a,303,308,346,disgust,CASME3_Dataset\Part_A_ME_clip\Part_A_ME_clip\frame\spNO.207_a_303,CASME3_Dataset\Part_A_ME_clip\Part_A_ME_clip\depth\spNO.207_a_303,2
spNO.207_a_667,spNO.207,a,667,673,822,disgust,CASME3_Dataset\Part_A_ME_clip\Part_A_ME_clip\frame\spNO.207_a_667,CASME3_Dataset\Part_A_ME_clip\Part_A_ME_clip\depth\spNO.207_a_667,2
spNO.207_b_358,spNO.207,b,358,365,389,surprise,CASME3_Dataset\Part_A_ME_clip\Part_A_ME_clip\frame\spNO.207_b_358,CASME3_Dataset\Part_A_ME_clip\Part_A_ME_clip\depth\spNO.207_b_358,2
spNO.207_c_5,spNO.207,c,5,5,38,others,CASME3_Dataset\Part_A_ME_clip\Part_A_ME_clip\frame\spNO.207_c_5,CASME3_Dataset\Part_A_ME_clip\Part_A_ME_clip\depth\spNO.207_c_5,2
spNO.207_c_100,spNO.207,c,100,107,143,others,CASME3_Dataset\Part_A_ME_clip\Part_A_ME_clip\frame\spNO.207_c_100,CASME3_Dataset\Part_A_ME_clip\Part_A_ME_clip\depth\spNO.207_c_100,2
spNO.207_c_366,spNO.207,c,366,372,380,disgust,CASME3_Dataset\Part_A_ME_clip\Part_A_ME_clip\frame\spNO.207_c_366,CASME3_Dataset\Part_A_ME_clip\Part_A_ME_clip\depth\spNO.207_c_366,2
spNO.207_c_555,spNO.207,c,555,563,586,disgust,CASME3_Dataset\Part_A_ME_clip\Part_A_ME_clip\frame\spNO.207_c_555,CASME3_Dataset\Part_A_ME_clip\Part_A_ME_clip\depth\spNO.207_c_555,2
spNO.207_c_3118,spNO.207,c,3118,3126,3165,others,CASME3_Dataset\Part_A_ME_clip\Part_A_ME_clip\frame\spNO.207_c_3118,CASME3_Dataset\Part_A_ME_clip\Part_A_ME_clip\depth\spNO.207_c_3118,2
spNO.207_c_3285,spNO.207,c,3285,3293,3353,disgust,CASME3_Dataset\Part_A_ME_clip\Part_A_ME_clip\frame\spNO.207_c_3285,CASME3_Dataset\Part_A_ME_clip\Part_A_ME_clip\depth\spNO.207_c_3285,2
spNO.207_d_565,spNO.207,d,565,573,633,others,CASME3_Dataset\Part_A_ME_clip\Part_A_ME_clip\frame\spNO.207_d_565,CASME3_Dataset\Part_A_ME_clip\Part_A_ME_clip\depth\spNO.207_d_565,2
spNO.207_e_271,spNO.207,e,271,278,296,surprise,CASME3_Dataset\Part_A_ME_clip\Part_A_ME_clip\frame\spNO.207_e_271,CASME3_Dataset\Part_A_ME_clip\Part_A_ME_clip\depth\spNO.207_e_271,2
spNO.207_e_404,spNO.207,e,404,410,414,disgust,CASME3_Dataset\Part_A_ME_clip\Part_A_ME_clip\frame\spNO.207_e_404,CASME3_Dataset\Part_A_ME_clip\Part_A_ME_clip\depth\spNO.207_e_404,2
spNO.207_h_98,spNO.207,h,98,106,127,sad,CASME3_Dataset\Part_A_ME_clip\Part_A_ME_clip\frame\spNO.207_h_98,CASME3_Dataset\Part_A_ME_clip\Part_A_ME_clip\depth\spNO.207_h_98,2
spNO.207_h_1843,spNO.207,h,1843,1850,1955,sad,CASME3_Dataset\Part_A_ME_clip\Part_A_ME_clip\frame\spNO.207_h_1843,CASME3_Dataset\Part_A_ME_clip\Part_A_ME_clip\depth\spNO.207_h_1843,2
spNO.207_h_2479,spNO.207,h,2479,2484,2503,disgust,CASME3_Dataset\Part_A_ME_clip\Part_A_ME_clip\frame\spNO.207_h_2479,CASME3_Dataset\Part_A_ME_clip\Part_A_ME_clip\depth\spNO.207_h_2479,2
spNO.207_i_4176,spNO.207,i,4176,4183,4208,disgust,CASME3_Dataset\Part_A_ME_clip\Part_A_ME_clip\frame\spNO.207_i_4176,CASME3_Dataset\Part_A_ME_clip\Part_A_ME_clip\depth\spNO.207_i_4176,2
spNO.207_j_24,spNO.207,j,24,30,48,disgust,CASME3_Dataset\Part_A_ME_clip\Part_A_ME_clip\frame\spNO.207_j_24,CASME3_Dataset\Part_A_ME_clip\Part_A_ME_clip\depth\spNO.207_j_24,2
spNO.207_j_416,spNO.207,j,416,421,453,surprise,CASME3_Dataset\Part_A_ME_clip\Part_A_ME_clip\frame\spNO.207_j_416,CASME3_Dataset\Part_A_ME_clip\Part_A_ME_clip\depth\spNO.207_j_416,2
spNO.207_l_220,spNO.207,l,220,228,253,sad,CASME3_Dataset\Part_A_ME_clip\Part_A_ME_clip\frame\spNO.207_l_220,CASME3_Dataset\Part_A_ME_clip\Part_A_ME_clip\depth\spNO.207_l_220,2
spNO.207_l_474,spNO.207,l,474,479,496,disgust,CASME3_Dataset\Part_A_ME_clip\Part_A_ME_clip\frame\spNO.207_l_474,CASME3_Dataset\Part_A_ME_clip\Part_A_ME_clip\depth\spNO.207_l_474,2
spNO.207_l_2028,spNO.207,l,2028,2035,2068,sad,CASME3_Dataset\Part_A_ME_clip\Part_A_ME_clip\frame\spNO.207_l_2028,CASME3_Dataset\Part_A_ME_clip\Part_A_ME_clip\depth\spNO.207_l_2028,2
spNO.207_l_3698,spNO.207,l,3698,3706,3726,disgust,CASME3_Dataset\Part_A_ME_clip\Part_A_ME_clip\frame\spNO.207_l_3698,CASME3_Dataset\Part_A_ME_clip\Part_A_ME_clip\depth\spNO.207_l_3698,2
spNO.207_l_3948,spNO.207,l,3948,3951,3971,disgust,CASME3_Dataset\Part_A_ME_clip\Part_A_ME_clip\frame\spNO.207_l_3948,CASME3_Dataset\Part_A_ME_clip\Part_A_ME_clip\depth\spNO.207_l_3948,2
spNO.207_m_26,spNO.207,m,26,34,48,disgust,CASME3_Dataset\Part_A_ME_clip\Part_A_ME_clip\frame\spNO.207_m_26,CASME3_Dataset\Part_A_ME_clip\Part_A_ME_clip\depth\spNO.207_m_26,2
spNO.208_c_278,spNO.208,c,278,286,311,disgust,CASME3_Dataset\Part_A_ME_clip\Part_A_ME_clip\frame\spNO.208_c_278,CASME3_Dataset\Part_A_ME_clip\Part_A_ME_clip\depth\spNO.208_c_278,4
spNO.208_c_1706,spNO.208,c,1706,1714,1739,disgust,CASME3_Dataset\Part_A_ME_clip\Part_A_ME_clip\frame\spNO.208_c_1706,CASME3_Dataset\Part_A_ME_clip\Part_A_ME_clip\depth\spNO.208_c_1706,4
spNO.208_c_1830,spNO.208,c,1830,1838,1854,surprise,CASME3_Dataset\Part_A_ME_clip\Part_A_ME_clip\frame\spNO.208_c_1830,CASME3_Dataset\Part_A_ME_clip\Part_A_ME_clip\depth\spNO.208_c_1830,4
spNO.208_c_1898,spNO.208,c,1898,1906,1929,surprise,CASME3_Dataset\Part_A_ME_clip\Part_A_ME_clip\frame\spNO.208_c_1898,CASME3_Dataset\Part_A_ME_clip\Part_A_ME_clip\depth\spNO.208_c_1898,4
spNO.208_c_1971,spNO.208,c,1971,1979,1994,surprise,CASME3_Dataset\Part_A_ME_clip\Part_A_ME_clip\frame\spNO.208_c_1971,CASME3_Dataset\Part_A_ME_clip\Part_A_ME_clip\depth\spNO.208_c_1971,4
spNO.208_c_2334,spNO.208,c,2334,2341,2349,surprise,CASME3_Dataset\Part_A_ME_clip\Part_A_ME_clip\frame\spNO.208_c_2334,CASME3_Dataset\Part_A_ME_clip\Part_A_ME_clip\depth\spNO.208_c_2334,4
spNO.208_d_1013,spNO.208,d,1013,1020,1028,surprise,CASME3_Dataset\Part_A_ME_clip\Part_A_ME_clip\frame\spNO.208_d_1013,CASME3_Dataset\Part_A_ME_clip\Part_A_ME_clip\depth\spNO.208_d_1013,4
spNO.208_d_2139,spNO.208,d,2139,2144,2147,surprise,CASME3_Dataset\Part_A_ME_clip\Part_A_ME_clip\frame\spNO.208_d_2139,CASME3_Dataset\Part_A_ME_clip\Part_A_ME_clip\depth\spNO.208_d_2139,4
spNO.208_e_937,spNO.208,e,937,947,952,surprise,CASME3_Dataset\Part_A_ME_clip\Part_A_ME_clip\frame\spNO.208_e_937,CASME3_Dataset\Part_A_ME_clip\Part_A_ME_clip\depth\spNO.208_e_937,4
spNO.208_e_1267,spNO.208,e,1267,1273,1293,surprise,CASME3_Dataset\Part_A_ME_clip\Part_A_ME_clip\frame\spNO.208_e_1267,CASME3_Dataset\Part_A_ME_clip\Part_A_ME_clip\depth\spNO.208_e_1267,4
spNO.208_e_1757,spNO.208,e,1757,1764,1777,surprise,CASME3_Dataset\Part_A_ME_clip\Part_A_ME_clip\frame\spNO.208_e_1757,CASME3_Dataset\Part_A_ME_clip\Part_A_ME_clip\depth\spNO.208_e_1757,4
spNO.208_f_1744,spNO.208,f,1744,1751,1764,disgust,CASME3_Dataset\Part_A_ME_clip\Part_A_ME_clip\frame\spNO.208_f_1744,CASME3_Dataset\Part_A_ME_clip\Part_A_ME_clip\depth\spNO.208_f_1744,4
spNO.208_m_47,spNO.208,m,47,51,55,surprise,CASME3_Dataset\Part_A_ME_clip\Part_A_ME_clip\frame\spNO.208_m_47,CASME3_Dataset\Part_A_ME_clip\Part_A_ME_clip\depth\spNO.208_m_47,4
spNO.208_m_178,spNO.208,m,178,183,198,disgust,CASME3_Dataset\Part_A_ME_clip\Part_A_ME_clip\frame\spNO.208_m_178,CASME3_Dataset\Part_A_ME_clip\Part_A_ME_clip\depth\spNO.208_m_178,4
spNO.208_m_608,spNO.208,m,608,616,641,disgust,CASME3_Dataset\Part_A_ME_clip\Part_A_ME_clip\frame\spNO.208_m_608,CASME3_Dataset\Part_A_ME_clip\Part_A_ME_clip\depth\spNO.208_m_608,4
spNO.208_m_1272,spNO.208,m,1272,1280,1289,disgust,CASME3_Dataset\Part_A_ME_clip\Part_A_ME_clip\frame\spNO.208_m_1272,CASME3_Dataset\Part_A_ME_clip\Part_A_ME_clip\depth\spNO.208_m_1272,4
spNO.209_c_221,spNO.209,c,221,228,262,others,CASME3_Dataset\Part_A_ME_clip\Part_A_ME_clip\frame\spNO.209_c_221,CASME3_Dataset\Part_A_ME_clip\Part_A_ME_clip\depth\spNO.209_c_221,1
spNO.209_h_2818,spNO.209,h,2818,2823,2838,sad,CASME3_Dataset\Part_A_ME_clip\Part_A_ME_clip\frame\spNO.209_h_2818,CASME3_Dataset\Part_A_ME_clip\Part_A_ME_clip\depth\spNO.209_h_2818,1
spNO.209_i_3296,spNO.209,i,3296,3302,3329,anger,CASME3_Dataset\Part_A_ME_clip\Part_A_ME_clip\frame\spNO.209_i_3296,CASME3_Dataset\Part_A_ME_clip\Part_A_ME_clip\depth\spNO.209_i_3296,1
spNO.209_j_661,spNO.209,j,661,668,709,happy,CASME3_Dataset\Part_A_ME_clip\Part_A_ME_clip\frame\spNO.209_j_661,CASME3_Dataset\Part_A_ME_clip\Part_A_ME_clip\depth\spNO.209_j_661,1
spNO.209_l_268,spNO.209,l,268,272,301,sad,CASME3_Dataset\Part_A_ME_clip\Part_A_ME_clip\frame\spNO.209_l_268,CASME3_Dataset\Part_A_ME_clip\Part_A_ME_clip\depth\spNO.209_l_268,1
spNO.209_m_63,spNO.209,m,63,68,76,disgust,CASME3_Dataset\Part_A_ME_clip\Part_A_ME_clip\frame\spNO.209_m_63,CASME3_Dataset\Part_A_ME_clip\Part_A_ME_clip\depth\spNO.209_m_63,1
spNO.210_a_62,spNO.210,a,62,69,78,others,CASME3_Dataset\Part_A_ME_clip\Part_A_ME_clip\frame\spNO.210_a_62,CASME3_Dataset\Part_A_ME_clip\Part_A_ME_clip\depth\spNO.210_a_62,2
spNO.210_a_913,spNO.210,a,913,920,935,happy,CASME3_Dataset\Part_A_ME_clip\Part_A_ME_clip\frame\spNO.210_a_913,CASME3_Dataset\Part_A_ME_clip\Part_A_ME_clip\depth\spNO.210_a_913,2
spNO.210_b_5,spNO.210,b,5,5,36,others,CASME3_Dataset\Part_A_ME_clip\Part_A_ME_clip\frame\spNO.210_b_5,CASME3_Dataset\Part_A_ME_clip\Part_A_ME_clip\depth\spNO.210_b_5,2
spNO.210_b_218,spNO.210,b,218,225,268,happy,CASME3_Dataset\Part_A_ME_clip\Part_A_ME_clip\frame\spNO.210_b_218,CASME3_Dataset\Part_A_ME_clip\Part_A_ME_clip\depth\spNO.210_b_218,2
spNO.210_b_284,spNO.210,b,284,292,327,others,CASME3_Dataset\Part_A_ME_clip\Part_A_ME_clip\frame\spNO.210_b_284,CASME3_Dataset\Part_A_ME_clip\Part_A_ME_clip\depth\spNO.210_b_284,2
spNO.210_c_110,spNO.210,c,110,117,135,others,CASME3_Dataset\Part_A_ME_clip\Part_A_ME_clip\frame\spNO.210_c_110,CASME3_Dataset\Part_A_ME_clip\Part_A_ME_clip\depth\spNO.210_c_110,2
spNO.210_c_1473,spNO.210,c,1473,1479,1494,others,CASME3_Dataset\Part_A_ME_clip\Part_A_ME_clip\frame\spNO.210_c_1473,CASME3_Dataset\Part_A_ME_clip\Part_A_ME_clip\depth\spNO.210_c_1473,2
spNO.210_c_2082,spNO.210,c,2082,2087,2124,others,CASME3_Dataset\Part_A_ME_clip\Part_A_ME_clip\frame\spNO.210_c_2082,CASME3_Dataset\Part_A_ME_clip\Part_A_ME_clip\depth\spNO.210_c_2082,2
spNO.210_c_3207,spNO.210,c,3207,3211,3215,disgust,CASME3_Dataset\Part_A_ME_clip\Part_A_ME_clip\frame\spNO.210_c_3207,CASME3_Dataset\Part_A_ME_clip\Part_A_ME_clip\depth\spNO.210_c_3207,2
spNO.210_d_2425,spNO.210,d,2425,2433,2458,fear,CASME3_Dataset\Part_A_ME_clip\Part_A_ME_clip\frame\spNO.210_d_2425,CASME3_Dataset\Part_A_ME_clip\Part_A_ME_clip\depth\spNO.210_d_2425,2
spNO.210_d_2975,spNO.210,d,2975,2982,3011,others,CASME3_Dataset\Part_A_ME_clip\Part_A_ME_clip\frame\spNO.210_d_2975,CASME3_Dataset\Part_A_ME_clip\Part_A_ME_clip\depth\spNO.210_d_2975,2
spNO.210_d_4099,spNO.210,d,4099,4106,4134,others,CASME3_Dataset\Part_A_ME_clip\Part_A_ME_clip\frame\spNO.210_d_4099,CASME3_Dataset\Part_A_ME_clip\Part_A_ME_clip\depth\spNO.210_d_4099,2
spNO.210_e_136,spNO.210,e,136,144,189,others,CASME3_Dataset\Part_A_ME_clip\Part_A_ME_clip\frame\spNO.210_e_136,CASME3_Dataset\Part_A_ME_clip\Part_A_ME_clip\depth\spNO.210_e_136,2
spNO.210_f_412,spNO.210,f,412,419,459,others,CASME3_Dataset\Part_A_ME_clip\Part_A_ME_clip\frame\spNO.210_f_412,CASME3_Dataset\Part_A_ME_clip\Part_A_ME_clip\depth\spNO.210_f_412,2
spNO.210_f_961,spNO.210,f,961,967,1005,others,CASME3_Dataset\Part_A_ME_clip\Part_A_ME_clip\frame\spNO.210_f_961,CASME3_Dataset\Part_A_ME_clip\Part_A_ME_clip\depth\spNO.210_f_961,2
spNO.210_h_1310,spNO.210,h,1310,1317,1332,sad,CASME3_Dataset\Part_A_ME_clip\Part_A_ME_clip\frame\spNO.210_h_1310,CASME3_Dataset\Part_A_ME_clip\Part_A_ME_clip\depth\spNO.210_h_1310,2
spNO.210_h_2079,spNO.210,h,2079,2086,2155,sad,CASME3_Dataset\Part_A_ME_clip\Part_A_ME_clip\frame\spNO.210_h_2079,CASME3_Dataset\Part_A_ME_clip\Part_A_ME_clip\depth\spNO.210_h_2079,2
spNO.210_i_1,spNO.210,i,1,5,26,anger,CASME3_Dataset\Part_A_ME_clip\Part_A_ME_clip\frame\spNO.210_i_1,CASME3_Dataset\Part_A_ME_clip\Part_A_ME_clip\depth\spNO.210_i_1,2
spNO.210_i_545,spNO.210,i,545,553,605,anger,CASME3_Dataset\Part_A_ME_clip\Part_A_ME_clip\frame\spNO.210_i_545,CASME3_Dataset\Part_A_ME_clip\Part_A_ME_clip\depth\spNO.210_i_545,2
spNO.210_k_546,spNO.210,k,546,553,571,happy,CASME3_Dataset\Part_A_ME_clip\Part_A_ME_clip\frame\spNO.210_k_546,CASME3_Dataset\Part_A_ME_clip\Part_A_ME_clip\depth\spNO.210_k_546,2
spNO.210_k_1361,spNO.210,k,1361,1369,1390,others,CASME3_Dataset\Part_A_ME_clip\Part_A_ME_clip\frame\spNO.210_k_1361,CASME3_Dataset\Part_A_ME_clip\Part_A_ME_clip\depth\spNO.210_k_1361,2
spNO.210_m_4,spNO.210,m,4,4,18,anger,CASME3_Dataset\Part_A_ME_clip\Part_A_ME_clip\frame\spNO.210_m_4,CASME3_Dataset\Part_A_ME_clip\Part_A_ME_clip\depth\spNO.210_m_4,2
spNO.211_e_5,spNO.211,e,5,11,47,others,CASME3_Dataset\Part_A_ME_clip\Part_A_ME_clip\frame\spNO.211_e_5,CASME3_Dataset\Part_A_ME_clip\Part_A_ME_clip\depth\spNO.211_e_5,3
spNO.211_h_1,spNO.211,h,1,1,68,sad,CASME3_Dataset\Part_A_ME_clip\Part_A_ME_clip\frame\spNO.211_h_1,CASME3_Dataset\Part_A_ME_clip\Part_A_ME_clip\depth\spNO.211_h_1,3
spNO.212_b_923,spNO.212,b,923,930,957,disgust,CASME3_Dataset\Part_A_ME_clip\Part_A_ME_clip\frame\spNO.212_b_923,CASME3_Dataset\Part_A_ME_clip\Part_A_ME_clip\depth\spNO.212_b_923,1
spNO.212_e_1876,spNO.212,e,1876,1884,1909,surprise,CASME3_Dataset\Part_A_ME_clip\Part_A_ME_clip\frame\spNO.212_e_1876,CASME3_Dataset\Part_A_ME_clip\Part_A_ME_clip\depth\spNO.212_e_1876,1
spNO.212_f_953,spNO.212,f,953,961,1084,others,CASME3_Dataset\Part_A_ME_clip\Part_A_ME_clip\frame\spNO.212_f_953,CASME3_Dataset\Part_A_ME_clip\Part_A_ME_clip\depth\spNO.212_f_953,1
spNO.212_i_556,spNO.212,i,556,564,587,surprise,CASME3_Dataset\Part_A_ME_clip\Part_A_ME_clip\frame\spNO.212_i_556,CASME3_Dataset\Part_A_ME_clip\Part_A_ME_clip\depth\spNO.212_i_556,1
spNO.212_i_1323,spNO.212,i,1323,1326,1340,surprise,CASME3_Dataset\Part_A_ME_clip\Part_A_ME_clip\frame\spNO.212_i_1323,CASME3_Dataset\Part_A_ME_clip\Part_A_ME_clip\depth\spNO.212_i_1323,1
spNO.212_j_45,spNO.212,j,45,49,56,happy,CASME3_Dataset\Part_A_ME_clip\Part_A_ME_clip\frame\spNO.212_j_45,CASME3_Dataset\Part_A_ME_clip\Part_A_ME_clip\depth\spNO.212_j_45,1
spNO.212_j_362,spNO.212,j,362,367,387,others,CASME3_Dataset\Part_A_ME_clip\Part_A_ME_clip\frame\spNO.212_j_362,CASME3_Dataset\Part_A_ME_clip\Part_A_ME_clip\depth\spNO.212_j_362,1
spNO.212_j_1127,spNO.212,j,1127,1130,1137,happy,CASME3_Dataset\Part_A_ME_clip\Part_A_ME_clip\frame\spNO.212_j_1127,CASME3_Dataset\Part_A_ME_clip\Part_A_ME_clip\depth\spNO.212_j_1127,1
spNO.213_k_2462,spNO.213,k,2462,2467,2495,surprise,CASME3_Dataset\Part_A_ME_clip\Part_A_ME_clip\frame\spNO.213_k_2462,CASME3_Dataset\Part_A_ME_clip\Part_A_ME_clip\depth\spNO.213_k_2462,0
spNO.214_b_5,spNO.214,b,5,7,16,others,CASME3_Dataset\Part_A_ME_clip\Part_A_ME_clip\frame\spNO.214_b_5,CASME3_Dataset\Part_A_ME_clip\Part_A_ME_clip\depth\spNO.214_b_5,0
spNO.214_c_5,spNO.214,c,5,5,5,disgust,CASME3_Dataset\Part_A_ME_clip\Part_A_ME_clip\frame\spNO.214_c_5,CASME3_Dataset\Part_A_ME_clip\Part_A_ME_clip\depth\spNO.214_c_5,0
spNO.214_j_1239,spNO.214,j,1239,1242,1298,happy,CASME3_Dataset\Part_A_ME_clip\Part_A_ME_clip\frame\spNO.214_j_1239,CASME3_Dataset\Part_A_ME_clip\Part_A_ME_clip\depth\spNO.214_j_1239,0
spNO.214_k_4,spNO.214,k,4,7,28,surprise,CASME3_Dataset\Part_A_ME_clip\Part_A_ME_clip\frame\spNO.214_k_4,CASME3_Dataset\Part_A_ME_clip\Part_A_ME_clip\depth\spNO.214_k_4,0
spNO.214_m_4,spNO.214,m,4,4,72,others,CASME3_Dataset\Part_A_ME_clip\Part_A_ME_clip\frame\spNO.214_m_4,CASME3_Dataset\Part_A_ME_clip\Part_A_ME_clip\depth\spNO.214_m_4,0
spNO.215_a_33,spNO.215,a,33,40,55,disgust,CASME3_Dataset\Part_A_ME_clip\Part_A_ME_clip\frame\spNO.215_a_33,CASME3_Dataset\Part_A_ME_clip\Part_A_ME_clip\depth\spNO.215_a_33,3
spNO.215_a_84,spNO.215,a,84,89,110,others,CASME3_Dataset\Part_A_ME_clip\Part_A_ME_clip\frame\spNO.215_a_84,CASME3_Dataset\Part_A_ME_clip\Part_A_ME_clip\depth\spNO.215_a_84,3
spNO.215_a_221,spNO.215,a,221,229,250,surprise,CASME3_Dataset\Part_A_ME_clip\Part_A_ME_clip\frame\spNO.215_a_221,CASME3_Dataset\Part_A_ME_clip\Part_A_ME_clip\depth\spNO.215_a_221,3
spNO.215_b_5,spNO.215,b,5,5,37,others,CASME3_Dataset\Part_A_ME_clip\Part_A_ME_clip\frame\spNO.215_b_5,CASME3_Dataset\Part_A_ME_clip\Part_A_ME_clip\depth\spNO.215_b_5,3
spNO.215_b_42,spNO.215,b,42,46,52,disgust,CASME3_Dataset\Part_A_ME_clip\Part_A_ME_clip\frame\spNO.215_b_42,CASME3_Dataset\Part_A_ME_clip\Part_A_ME_clip\depth\spNO.215_b_42,3
spNO.215_b_101,spNO.215,b,101,106,120,disgust,CASME3_Dataset\Part_A_ME_clip\Part_A_ME_clip\frame\spNO.215_b_101,CASME3_Dataset\Part_A_ME_clip\Part_A_ME_clip\depth\spNO.215_b_101,3
spNO.215_b_899,spNO.215,b,899,903,906,surprise,CASME3_Dataset\Part_A_ME_clip\Part_A_ME_clip\frame\spNO.215_b_899,CASME3_Dataset\Part_A_ME_clip\Part_A_ME_clip\depth\spNO.215_b_899,3
spNO.215_b_948,spNO.215,b,948,951,964,others,CASME3_Dataset\Part_A_ME_clip\Part_A_ME_clip\frame\spNO.215_b_948,CASME3_Dataset\Part_A_ME_clip\Part_A_ME_clip\depth\spNO.215_b_948,3
spNO.215_c_119,spNO.215,c,119,127,141,surprise,CASME3_Dataset\Part_A_ME_clip\Part_A_ME_clip\frame\spNO.215_c_119,CASME3_Dataset\Part_A_ME_clip\Part_A_ME_clip\depth\spNO.215_c_119,3
spNO.215_d_1330,spNO.215,d,1330,1337,1381,others,CASME3_Dataset\Part_A_ME_clip\Part_A_ME_clip\frame\spNO.215_d_1330,CASME3_Dataset\Part_A_ME_clip\Part_A_ME_clip\depth\spNO.215_d_1330,3
spNO.215_d_1925,spNO.215,d,1925,1932,1957,others,CASME3_Dataset\Part_A_ME_clip\Part_A_ME_clip\frame\spNO.215_d_1925,CASME3_Dataset\Part_A_ME_clip\Part_A_ME_clip\depth\spNO.215_d_1925,3
spNO.215_d_2996,spNO.215,d,2996,2999,3016,surprise,CASME3_Dataset\Part_A_ME_clip\Part_A_ME_clip\frame\spNO.215_d_2996,CASME3_Dataset\Part_A_ME_clip\Part_A_ME_clip\depth\spNO.215_d_2996,3
spNO.215_d_3177,spNO.215,d,3177,3184,3210,others,CASME3_Dataset\Part_A_ME_clip\Part_A_ME_clip\frame\spNO.215_d_3177,CASME3_Dataset\Part_A_ME_clip\Part_A_ME_clip\depth\spNO.215_d_3177,3
spNO.215_d_3392,spNO.215,d,3392,3398,3433,others,CASME3_Dataset\Part_A_ME_clip\Part_A_ME_clip\frame\spNO.215_d_3392,CASME3_Dataset\Part_A_ME_clip\Part_A_ME_clip\depth\spNO.215_d_3392,3
spNO.215_d_4206,spNO.215,d,4206,4213,4231,surprise,CASME3_Dataset\Part_A_ME_clip\Part_A_ME_clip\frame\spNO.215_d_4206,CASME3_Dataset\Part_A_ME_clip\Part_A_ME_clip\depth\spNO.215_d_4206,3
spNO.215_d_4292,spNO.215,d,4292,4300,4320,others,CASME3_Dataset\Part_A_ME_clip\Part_A_ME_clip\frame\spNO.215_d_4292,CASME3_Dataset\Part_A_ME_clip\Part_A_ME_clip\depth\spNO.215_d_4292,3
spNO.215_e_7,spNO.215,e,7,7,59,others,CASME3_Dataset\Part_A_ME_clip\Part_A_ME_clip\frame\spNO.215_e_7,CASME3_Dataset\Part_A_ME_clip\Part_A_ME_clip\depth\spNO.215_e_7,3
spNO.215_e_446,spNO.215,e,446,448,453,disgust,CASME3_Dataset\Part_A_ME_clip\Part_A_ME_clip\frame\spNO.215_e_446,CASME3_Dataset\Part_A_ME_clip\Part_A_ME_clip\depth\spNO.215_e_446,3
spNO.215_e_2058,spNO.215,e,2058,2065,2078,others,CASME3_Dataset\Part_A_ME_clip\Part_A_ME_clip\frame\spNO.215_e_2058,CASME3_Dataset\Part_A_ME_clip\Part_A_ME_clip\depth\spNO.215_e_2058,3
spNO.215_f_5,spNO.215,f,5,5,56,others,CASME3_Dataset\Part_A_ME_clip\Part_A_ME_clip\frame\spNO.215_f_5,CASME3_Dataset\Part_A_ME_clip\Part_A_ME_clip\depth\spNO.215_f_5,3
spNO.215_f_127,spNO.215,f,127,135,151,disgust,CASME3_Dataset\Part_A_ME_clip\Part_A_ME_clip\frame\spNO.215_f_127,CASME3_Dataset\Part_A_ME_clip\Part_A_ME_clip\depth\spNO.215_f_127,3
spNO.215_f_1692,spNO.215,f,1692,1699,1706,others,CASME3_Dataset\Part_A_ME_clip\Part_A_ME_clip\frame\spNO.215_f_1692,CASME3_Dataset\Part_A_ME_clip\Part_A_ME_clip\depth\spNO.215_f_1692,3
spNO.215_f_2183,spNO.215,f,2183,2187,2197,surprise,CASME3_Dataset\Part_A_ME_clip\Part_A_ME_clip\frame\spNO.215_f_2183,CASME3_Dataset\Part_A_ME_clip\Part_A_ME_clip\depth\spNO.215_f_2183,3
spNO.215_h_3233,spNO.215,h,3233,3236,3250,sad,CASME3_Dataset\Part_A_ME_clip\Part_A_ME_clip\frame\spNO.215_h_3233,CASME3_Dataset\Part_A_ME_clip\Part_A_ME_clip\depth\spNO.215_h_3233,3
spNO.215_i_549,spNO.215,i,549,556,576,anger,CASME3_Dataset\Part_A_ME_clip\Part_A_ME_clip\frame\spNO.215_i_549,CASME3_Dataset\Part_A_ME_clip\Part_A_ME_clip\depth\spNO.215_i_549,3
spNO.215_j_463,spNO.215,j,463,465,478,disgust,CASME3_Dataset\Part_A_ME_clip\Part_A_ME_clip\frame\spNO.215_j_463,CASME3_Dataset\Part_A_ME_clip\Part_A_ME_clip\depth\spNO.215_j_463,3
spNO.215_j_668,spNO.215,j,668,674,678,disgust,CASME3_Dataset\Part_A_ME_clip\Part_A_ME_clip\frame\spNO.215_j_668,CASME3_Dataset\Part_A_ME_clip\Part_A_ME_clip\depth\spNO.215_j_668,3
spNO.215_j_1374,spNO.215,j,1374,1379,1397,disgust,CASME3_Dataset\Part_A_ME_clip\Part_A_ME_clip\frame\spNO.215_j_1374,CASME3_Dataset\Part_A_ME_clip\Part_A_ME_clip\depth\spNO.215_j_1374,3
spNO.215_j_1710,spNO.215,j,1710,1717,1738,disgust,CASME3_Dataset\Part_A_ME_clip\Part_A_ME_clip\frame\spNO.215_j_1710,CASME3_Dataset\Part_A_ME_clip\Part_A_ME_clip\depth\spNO.215_j_1710,3
spNO.215_k_7,spNO.215,k,7,7,42,others,CASME3_Dataset\Part_A_ME_clip\Part_A_ME_clip\frame\spNO.215_k_7,CASME3_Dataset\Part_A_ME_clip\Part_A_ME_clip\depth\spNO.215_k_7,3
spNO.215_k_1505,spNO.215,k,1505,1512,1529,surprise,CASME3_Dataset\Part_A_ME_clip\Part_A_ME_clip\frame\spNO.215_k_1505,CASME3_Dataset\Part_A_ME_clip\Part_A_ME_clip\depth\spNO.215_k_1505,3
spNO.215_l_1613,spNO.215,l,1613,1618,1637,disgust,CASME3_Dataset\Part_A_ME_clip\Part_A_ME_clip\frame\spNO.215_l_1613,CASME3_Dataset\Part_A_ME_clip\Part_A_ME_clip\depth\spNO.215_l_1613,3
spNO.215_m_877,spNO.215,m,877,883,905,others,CASME3_Dataset\Part_A_ME_clip\Part_A_ME_clip\frame\spNO.215_m_877,CASME3_Dataset\Part_A_ME_clip\Part_A_ME_clip\depth\spNO.215_m_877,3
spNO.216_a_921,spNO.216,a,921,926,936,disgust,CASME3_Dataset\Part_A_ME_clip\Part_A_ME_clip\frame\spNO.216_a_921,CASME3_Dataset\Part_A_ME_clip\Part_A_ME_clip\depth\spNO.216_a_921,4
spNO.216_a_939,spNO.216,a,939,945,966,disgust,CASME3_Dataset\Part_A_ME_clip\Part_A_ME_clip\frame\spNO.216_a_939,CASME3_Dataset\Part_A_ME_clip\Part_A_ME_clip\depth\spNO.216_a_939,4
spNO.216_b_67,spNO.216,b,67,73,103,happy,CASME3_Dataset\Part_A_ME_clip\Part_A_ME_clip\frame\spNO.216_b_67,CASME3_Dataset\Part_A_ME_clip\Part_A_ME_clip\depth\spNO.216_b_67,4
spNO.216_c_2367,spNO.216,c,2367,2375,2389,disgust,CASME3_Dataset\Part_A_ME_clip\Part_A_ME_clip\frame\spNO.216_c_2367,CASME3_Dataset\Part_A_ME_clip\Part_A_ME_clip\depth\spNO.216_c_2367,4
spNO.216_e_463,spNO.216,e,463,471,493,surprise,CASME3_Dataset\Part_A_ME_clip\Part_A_ME_clip\frame\spNO.216_e_463,CASME3_Dataset\Part_A_ME_clip\Part_A_ME_clip\depth\spNO.216_e_463,4
spNO.216_h_1788,spNO.216,h,1788,1793,1800,others,CASME3_Dataset\Part_A_ME_clip\Part_A_ME_clip\frame\spNO.216_h_1788,CASME3_Dataset\Part_A_ME_clip\Part_A_ME_clip\depth\spNO.216_h_1788,4
spNO.216_i_1853,spNO.216,i,1853,1859,1872,others,CASME3_Dataset\Part_A_ME_clip\Part_A_ME_clip\frame\spNO.216_i_1853,CASME3_Dataset\Part_A_ME_clip\Part_A_ME_clip\depth\spNO.216_i_1853,4
spNO.216_j_1,spNO.216,j,1,1,84,happy,CASME3_Dataset\Part_A_ME_clip\Part_A_ME_clip\frame\spNO.216_j_1,CASME3_Dataset\Part_A_ME_clip\Part_A_ME_clip\depth\spNO.216_j_1,4
spNO.216_l_2783,spNO.216,l,2783,2790,2804,others,CASME3_Dataset\Part_A_ME_clip\Part_A_ME_clip\frame\spNO.216_l_2783,CASME3_Dataset\Part_A_ME_clip\Part_A_ME_clip\depth\spNO.216_l_2783,4
spNO.216_m_622,spNO.216,m,622,632,637,anger,CASME3_Dataset\Part_A_ME_clip\Part_A_ME_clip\frame\spNO.216_m_622,CASME3_Dataset\Part_A_ME_clip\Part_A_ME_clip\depth\spNO.216_m_622,4
spNO.216_m_1311,spNO.216,m,1311,1319,1344,anger,CASME3_Dataset\Part_A_ME_clip\Part_A_ME_clip\frame\spNO.216_m_1311,CASME3_Dataset\Part_A_ME_clip\Part_A_ME_clip\depth\spNO.216_m_1311,4
spNO.216_m_1569,spNO.216,m,1569,1577,1600,anger,CASME3_Dataset\Part_A_ME_clip\Part_A_ME_clip\frame\spNO.216_m_1569,CASME3_Dataset\Part_A_ME_clip\Part_A_ME_clip\depth\spNO.216_m_1569,4
spNO.217_a_233,spNO.217,a,233,241,262,surprise,CASME3_Dataset\Part_A_ME_clip\Part_A_ME_clip\frame\spNO.217_a_233,CASME3_Dataset\Part_A_ME_clip\Part_A_ME_clip\depth\spNO.217_a_233,1
spNO.217_b_920,spNO.217,b,920,928,945,disgust,CASME3_Dataset\Part_A_ME_clip\Part_A_ME_clip\frame\spNO.217_b_920,CASME3_Dataset\Part_A_ME_clip\Part_A_ME_clip\depth\spNO.217_b_920,1
spNO.217_c_2302,spNO.217,c,2302,2310,2318,disgust,CASME3_Dataset\Part_A_ME_clip\Part_A_ME_clip\frame\spNO.217_c_2302,CASME3_Dataset\Part_A_ME_clip\Part_A_ME_clip\depth\spNO.217_c_2302,1
spNO.217_e_610,spNO.217,e,610,615,637,surprise,CASME3_Dataset\Part_A_ME_clip\Part_A_ME_clip\frame\spNO.217_e_610,CASME3_Dataset\Part_A_ME_clip\Part_A_ME_clip\depth\spNO.217_e_610,1
spNO.217_g_739,spNO.217,g,739,744,767,fear,CASME3_Dataset\Part_A_ME_clip\Part_A_ME_clip\frame\spNO.217_g_739,CASME3_Dataset\Part_A_ME_clip\Part_A_ME_clip\depth\spNO.217_g_739,1
spNO.217_k_959,spNO.217,k,959,967,986,others,CASME3_Dataset\Part_A_ME_clip\Part_A_ME_clip\frame\spNO.217_k_959,CASME3_Dataset\Part_A_ME_clip\Part_A_ME_clip\depth\spNO.217_k_959,1
spNO.217_k_1412,spNO.217,k,1412,1420,1431,happy,CASME3_Dataset\Part_A_ME_clip\Part_A_ME_clip\frame\spNO.217_k_1412,CASME3_Dataset\Part_A_ME_clip\Part_A_ME_clip\depth\spNO.217_k_1412,1
spNO.217_l_164,spNO.217,l,164,172,200,fear,CASME3_Dataset\Part_A_ME_clip\Part_A_ME_clip\frame\spNO.217_l_164,CASME3_Dataset\Part_A_ME_clip\Part_A_ME_clip\depth\spNO.217_l_164,1
spNO.217_l_3201,spNO.217,l,3201,3208,3219,fear,CASME3_Dataset\Part_A_ME_clip\Part_A_ME_clip\frame\spNO.217_l_3201,CASME3_Dataset\Part_A_ME_clip\Part_A_ME_clip\depth\spNO.217_l_3201,1
spNO.3_d_88,spNO.3,d,88,93,113,surprise,CASME3_Dataset\Part_A_ME_clip\Part_A_ME_clip\frame\spNO.3_d_88,CASME3_Dataset\Part_A_ME_clip\Part_A_ME_clip\depth\spNO.3_d_88,4
spNO.3_e_1353,spNO.3,e,1353,1360,1371,others,CASME3_Dataset\Part_A_ME_clip\Part_A_ME_clip\frame\spNO.3_e_1353,CASME3_Dataset\Part_A_ME_clip\Part_A_ME_clip\depth\spNO.3_e_1353,4
spNO.3_e_2200,spNO.3,e,2200,2204,2225,surprise,CASME3_Dataset\Part_A_ME_clip\Part_A_ME_clip\frame\spNO.3_e_2200,CASME3_Dataset\Part_A_ME_clip\Part_A_ME_clip\depth\spNO.3_e_2200,4
spNO.3_f_94,spNO.3,f,94,99,110,others,CASME3_Dataset\Part_A_ME_clip\Part_A_ME_clip\frame\spNO.3_f_94,CASME3_Dataset\Part_A_ME_clip\Part_A_ME_clip\depth\spNO.3_f_94,4
spNO.3_f_141,spNO.3,f,141,147,162,others,CASME3_Dataset\Part_A_ME_clip\Part_A_ME_clip\frame\spNO.3_f_141,CASME3_Dataset\Part_A_ME_clip\Part_A_ME_clip\depth\spNO.3_f_141,4
spNO.3_h_341,spNO.3,h,341,347,374,sad,CASME3_Dataset\Part_A_ME_clip\Part_A_ME_clip\frame\spNO.3_h_341,CASME3_Dataset\Part_A_ME_clip\Part_A_ME_clip\depth\spNO.3_h_341,4
spNO.3_h_552,spNO.3,h,552,556,582,surprise,CASME3_Dataset\Part_A_ME_clip\Part_A_ME_clip\frame\spNO.3_h_552,CASME3_Dataset\Part_A_ME_clip\Part_A_ME_clip\depth\spNO.3_h_552,4
spNO.3_h_1172,spNO.3,h,1172,1179,1198,surprise,CASME3_Dataset\Part_A_ME_clip\Part_A_ME_clip\frame\spNO.3_h_1172,CASME3_Dataset\Part_A_ME_clip\Part_A_ME_clip\depth\spNO.3_h_1172,4
spNO.3_k_1973,spNO.3,k,1973,1980,2024,surprise,CASME3_Dataset\Part_A_ME_clip\Part_A_ME_clip\frame\spNO.3_k_1973,CASME3_Dataset\Part_A_ME_clip\Part_A_ME_clip\depth\spNO.3_k_1973,4
spNO.3_l_1098,spNO.3,l,1098,1104,1142,sad,CASME3_Dataset\Part_A_ME_clip\Part_A_ME_clip\frame\spNO.3_l_1098,CASME3_Dataset\Part_A_ME_clip\Part_A_ME_clip\depth\spNO.3_l_1098,4
spNO.3_l_1145,spNO.3,l,1145,1152,1180,sad,CASME3_Dataset\Part_A_ME_clip\Part_A_ME_clip\frame\spNO.3_l_1145,CASME3_Dataset\Part_A_ME_clip\Part_A_ME_clip\depth\spNO.3_l_1145,4
spNO.3_l_2693,spNO.3,l,2693,2697,2727,sad,CASME3_Dataset\Part_A_ME_clip\Part_A_ME_clip\frame\spNO.3_l_2693,CASME3_Dataset\Part_A_ME_clip\Part_A_ME_clip\depth\spNO.3_l_2693,4
spNO.3_m_1538,spNO.3,m,1538,1544,1549,anger,CASME3_Dataset\Part_A_ME_clip\Part_A_ME_clip\frame\spNO.3_m_1538,CASME3_Dataset\Part_A_ME_clip\Part_A_ME_clip\depth\spNO.3_m_1538,4
spNO.39_a_179,spNO.39,a,179,184,201,surprise,CASME3_Dataset\Part_A_ME_clip\Part_A_ME_clip\frame\spNO.39_a_179,CASME3_Dataset\Part_A_ME_clip\Part_A_ME_clip\depth\spNO.39_a_179,1
spNO.39_e_302,spNO.39,e,302,310,336,surprise,CASME3_Dataset\Part_A_ME_clip\Part_A_ME_clip\frame\spNO.39_e_302,CASME3_Dataset\Part_A_ME_clip\Part_A_ME_clip\depth\spNO.39_e_302,1
spNO.39_i_3188,spNO.39,i,3188,3196,3215,others,CASME3_Dataset\Part_A_ME_clip\Part_A_ME_clip\frame\spNO.39_i_3188,CASME3_Dataset\Part_A_ME_clip\Part_A_ME_clip\depth\spNO.39_i_3188,1
spNO.39_j_855,spNO.39,j,855,860,897,others,CASME3_Dataset\Part_A_ME_clip\Part_A_ME_clip\frame\spNO.39_j_855,CASME3_Dataset\Part_A_ME_clip\Part_A_ME_clip\depth\spNO.39_j_855,1
spNO.39_k_539,spNO.39,k,539,545,570,surprise,CASME3_Dataset\Part_A_ME_clip\Part_A_ME_clip\frame\spNO.39_k_539,CASME3_Dataset\Part_A_ME_clip\Part_A_ME_clip\depth\spNO.39_k_539,1
spNO.4_a_7,spNO.4,a,7,7,49,others,CASME3_Dataset\Part_A_ME_clip\Part_A_ME_clip\frame\spNO.4_a_7,CASME3_Dataset\Part_A_ME_clip\Part_A_ME_clip\depth\spNO.4_a_7,0
spNO.4_a_547,spNO.4,a,547,555,564,others,CASME3_Dataset\Part_A_ME_clip\Part_A_ME_clip\frame\spNO.4_a_547,CASME3_Dataset\Part_A_ME_clip\Part_A_ME_clip\depth\spNO.4_a_547,0
spNO.4_b_111,spNO.4,b,111,119,135,disgust,CASME3_Dataset\Part_A_ME_clip\Part_A_ME_clip\frame\spNO.4_b_111,CASME3_Dataset\Part_A_ME_clip\Part_A_ME_clip\depth\spNO.4_b_111,0
spNO.4_g_2033,spNO.4,g,2033,2037,2041,sad,CASME3_Dataset\Part_A_ME_clip\Part_A_ME_clip\frame\spNO.4_g_2033,CASME3_Dataset\Part_A_ME_clip\Part_A_ME_clip\depth\spNO.4_g_2033,0
spNO.4_k_92,spNO.4,k,92,100,291,happy,CASME3_Dataset\Part_A_ME_clip\Part_A_ME_clip\frame\spNO.4_k_92,CASME3_Dataset\Part_A_ME_clip\Part_A_ME_clip\depth\spNO.4_k_92,0
spNO.4_l_2410,spNO.4,l,2410,2418,2444,sad,CASME3_Dataset\Part_A_ME_clip\Part_A_ME_clip\frame\spNO.4_l_2410,CASME3_Dataset\Part_A_ME_clip\Part_A_ME_clip\depth\spNO.4_l_2410,0
spNO.40_b_7,spNO.40,b,7,7,47,disgust,CASME3_Dataset\Part_A_ME_clip\Part_A_ME_clip\frame\spNO.40_b_7,CASME3_Dataset\Part_A_ME_clip\Part_A_ME_clip\depth\spNO.40_b_7,4
spNO.40_c_8,spNO.40,c,8,8,45,disgust,CASME3_Dataset\Part_A_ME_clip\Part_A_ME_clip\frame\spNO.40_c_8,CASME3_Dataset\Part_A_ME_clip\Part_A_ME_clip\depth\spNO.40_c_8,4
spNO.40_e_1683,spNO.40,e,1683,1690,1703,others,CASME3_Dataset\Part_A_ME_clip\Part_A_ME_clip\frame\spNO.40_e_1683,CASME3_Dataset\Part_A_ME_clip\Part_A_ME_clip\depth\spNO.40_e_1683,4
spNO.40_e_1731,spNO.40,e,1731,1736,1749,others,CASME3_Dataset\Part_A_ME_clip\Part_A_ME_clip\frame\spNO.40_e_1731,CASME3_Dataset\Part_A_ME_clip\Part_A_ME_clip\depth\spNO.40_e_1731,4
spNO.40_e_1812,spNO.40,e,1812,1824,1824,others,CASME3_Dataset\Part_A_ME_clip\Part_A_ME_clip\frame\spNO.40_e_1812,CASME3_Dataset\Part_A_ME_clip\Part_A_ME_clip\depth\spNO.40_e_1812,4
spNO.40_e_1970,spNO.40,e,1970,1972,1985,others,CASME3_Dataset\Part_A_ME_clip\Part_A_ME_clip\frame\spNO.40_e_1970,CASME3_Dataset\Part_A_ME_clip\Part_A_ME_clip\depth\spNO.40_e_1970,4
spNO.40_e_2327,spNO.40,e,2327,2363,2363,others,CASME3_Dataset\Part_A_ME_clip\Part_A_ME_clip\frame\spNO.40_e_2327,CASME3_Dataset\Part_A_ME_clip\Part_A_ME_clip\depth\spNO.40_e_2327,4
spNO.40_g_1232,spNO.40,g,1232,1239,1274,anger,CASME3_Dataset\Part_A_ME_clip\Part_A_ME_clip\frame\spNO.40_g_1232,CASME3_Dataset\Part_A_ME_clip\Part_A_ME_clip\depth\spNO.40_g_1232,4
spNO.40_i_2771,spNO.40,i,2771,2777,2804,others,CASME3_Dataset\Part_A_ME_clip\Part_A_ME_clip\frame\spNO.40_i_2771,CASME3_Dataset\Part_A_ME_clip\Part_A_ME_clip\depth\spNO.40_i_2771,4
spNO.40_j_1016,spNO.40,j,1016,1023,1133,happy,CASME3_Dataset\Part_A_ME_clip\Part_A_ME_clip\frame\spNO.40_j_1016,CASME3_Dataset\Part_A_ME_clip\Part_A_ME_clip\depth\spNO.40_j_1016,4
spNO.40_k_286,spNO.40,k,286,291,337,happy,CASME3_Dataset\Part_A_ME_clip\Part_A_ME_clip\frame\spNO.40_k_286,CASME3_Dataset\Part_A_ME_clip\Part_A_ME_clip\depth\spNO.40_k_286,4
spNO.41_a_879,spNO.41,a,879,884,917,disgust,CASME3_Dataset\Part_A_ME_clip\Part_A_ME_clip\frame\spNO.41_a_879,CASME3_Dataset\Part_A_ME_clip\Part_A_ME_clip\depth\spNO.41_a_879,3
spNO.42_a_215,spNO.42,a,215,222,238,surprise,CASME3_Dataset\Part_A_ME_clip\Part_A_ME_clip\frame\spNO.42_a_215,CASME3_Dataset\Part_A_ME_clip\Part_A_ME_clip\depth\spNO.42_a_215,2
spNO.42_c_3311,spNO.42,c,3311,3319,3338,others,CASME3_Dataset\Part_A_ME_clip\Part_A_ME_clip\frame\spNO.42_c_3311,CASME3_Dataset\Part_A_ME_clip\Part_A_ME_clip\depth\spNO.42_c_3311,2
spNO.42_d_2843,spNO.42,d,2843,2850,2868,fear,CASME3_Dataset\Part_A_ME_clip\Part_A_ME_clip\frame\spNO.42_d_2843,CASME3_Dataset\Part_A_ME_clip\Part_A_ME_clip\depth\spNO.42_d_2843,2
spNO.42_d_3188,spNO.42,d,3188,3196,3217,fear,CASME3_Dataset\Part_A_ME_clip\Part_A_ME_clip\frame\spNO.42_d_3188,CASME3_Dataset\Part_A_ME_clip\Part_A_ME_clip\depth\spNO.42_d_3188,2
spNO.42_d_3555,spNO.42,d,3555,3561,3589,fear,CASME3_Dataset\Part_A_ME_clip\Part_A_ME_clip\frame\spNO.42_d_3555,CASME3_Dataset\Part_A_ME_clip\Part_A_ME_clip\depth\spNO.42_d_3555,2
spNO.42_e_2646,spNO.42,e,2646,2654,2667,surprise,CASME3_Dataset\Part_A_ME_clip\Part_A_ME_clip\frame\spNO.42_e_2646,CASME3_Dataset\Part_A_ME_clip\Part_A_ME_clip\depth\spNO.42_e_2646,2
spNO.42_i_2461,spNO.42,i,2461,2468,2532,disgust,CASME3_Dataset\Part_A_ME_clip\Part_A_ME_clip\frame\spNO.42_i_2461,CASME3_Dataset\Part_A_ME_clip\Part_A_ME_clip\depth\spNO.42_i_2461,2
spNO.42_i_3547,spNO.42,i,3547,3555,3581,disgust,CASME3_Dataset\Part_A_ME_clip\Part_A_ME_clip\frame\spNO.42_i_3547,CASME3_Dataset\Part_A_ME_clip\Part_A_ME_clip\depth\spNO.42_i_3547,2
spNO.42_j_1730,spNO.42,j,1730,1737,1758,surprise,CASME3_Dataset\Part_A_ME_clip\Part_A_ME_clip\frame\spNO.42_j_1730,CASME3_Dataset\Part_A_ME_clip\Part_A_ME_clip\depth\spNO.42_j_1730,2
spNO.42_j_1778,spNO.42,j,1778,1782,1795,happy,CASME3_Dataset\Part_A_ME_clip\Part_A_ME_clip\frame\spNO.42_j_1778,CASME3_Dataset\Part_A_ME_clip\Part_A_ME_clip\depth\spNO.42_j_1778,2
spNO.42_m_7,spNO.42,m,7,7,48,anger,CASME3_Dataset\Part_A_ME_clip\Part_A_ME_clip\frame\spNO.42_m_7,CASME3_Dataset\Part_A_ME_clip\Part_A_ME_clip\depth\spNO.42_m_7,2
spNO.42_m_1086,spNO.42,m,1086,1091,1110,disgust,CASME3_Dataset\Part_A_ME_clip\Part_A_ME_clip\frame\spNO.42_m_1086,CASME3_Dataset\Part_A_ME_clip\Part_A_ME_clip\depth\spNO.42_m_1086,2
spNO.42_m_1289,spNO.42,m,1289,1297,1321,disgust,CASME3_Dataset\Part_A_ME_clip\Part_A_ME_clip\frame\spNO.42_m_1289,CASME3_Dataset\Part_A_ME_clip\Part_A_ME_clip\depth\spNO.42_m_1289,2
spNO.42_m_2058,spNO.42,m,2058,2063,2076,disgust,CASME3_Dataset\Part_A_ME_clip\Part_A_ME_clip\frame\spNO.42_m_2058,CASME3_Dataset\Part_A_ME_clip\Part_A_ME_clip\depth\spNO.42_m_2058,2
spNO.42_m_2168,spNO.42,m,2168,2175,2207,disgust,CASME3_Dataset\Part_A_ME_clip\Part_A_ME_clip\frame\spNO.42_m_2168,CASME3_Dataset\Part_A_ME_clip\Part_A_ME_clip\depth\spNO.42_m_2168,2
spNO.5_c_18,spNO.5,c,18,24,37,disgust,CASME3_Dataset\Part_A_ME_clip\Part_A_ME_clip\frame\spNO.5_c_18,CASME3_Dataset\Part_A_ME_clip\Part_A_ME_clip\depth\spNO.5_c_18,4
spNO.5_c_486,spNO.5,c,486,494,499,surprise,CASME3_Dataset\Part_A_ME_clip\Part_A_ME_clip\frame\spNO.5_c_486,CASME3_Dataset\Part_A_ME_clip\Part_A_ME_clip\depth\spNO.5_c_486,4
spNO.5_e_771,spNO.5,e,771,779,796,surprise,CASME3_Dataset\Part_A_ME_clip\Part_A_ME_clip\frame\spNO.5_e_771,CASME3_Dataset\Part_A_ME_clip\Part_A_ME_clip\depth\spNO.5_e_771,4
spNO.5_e_1631,spNO.5,e,1631,1638,1647,surprise,CASME3_Dataset\Part_A_ME_clip\Part_A_ME_clip\frame\spNO.5_e_1631,CASME3_Dataset\Part_A_ME_clip\Part_A_ME_clip\depth\spNO.5_e_1631,4
spNO.5_e_1880,spNO.5,e,1880,1887,1899,surprise,CASME3_Dataset\Part_A_ME_clip\Part_A_ME_clip\frame\spNO.5_e_1880,CASME3_Dataset\Part_A_ME_clip\Part_A_ME_clip\depth\spNO.5_e_1880,4
spNO.5_e_1923,spNO.5,e,1923,1927,1935,surprise,CASME3_Dataset\Part_A_ME_clip\Part_A_ME_clip\frame\spNO.5_e_1923,CASME3_Dataset\Part_A_ME_clip\Part_A_ME_clip\depth\spNO.5_e_1923,4
spNO.6_c_246,spNO.6,c,246,249,252,disgust,CASME3_Dataset\Part_A_ME_clip\Part_A_ME_clip\frame\spNO.6_c_246,CASME3_Dataset\Part_A_ME_clip\Part_A_ME_clip\depth\spNO.6_c_246,2
spNO.6_f_191,spNO.6,f,191,195,219,fear,CASME3_Dataset\Part_A_ME_clip\Part_A_ME_clip\frame\spNO.6_f_191,CASME3_Dataset\Part_A_ME_clip\Part_A_ME_clip\depth\spNO.6_f_191,2
spNO.6_j_843,spNO.6,j,843,850,859,others,CASME3_Dataset\Part_A_ME_clip\Part_A_ME_clip\frame\spNO.6_j_843,CASME3_Dataset\Part_A_ME_clip\Part_A_ME_clip\depth\spNO.6_j_843,2
spNO.6_j_1122,spNO.6,j,1122,1127,1184,surprise,CASME3_Dataset\Part_A_ME_clip\Part_A_ME_clip\frame\spNO.6_j_1122,CASME3_Dataset\Part_A_ME_clip\Part_A_ME_clip\depth\spNO.6_j_1122,2
spNO.6_j_1683,spNO.6,j,1683,1689,1692,happy,CASME3_Dataset\Part_A_ME_clip\Part_A_ME_clip\frame\spNO.6_j_1683,CASME3_Dataset\Part_A_ME_clip\Part_A_ME_clip\depth\spNO.6_j_1683,2
spNO.7_a_40,spNO.7,a,40,46,54,disgust,CASME3_Dataset\Part_A_ME_clip\Part_A_ME_clip\frame\spNO.7_a_40,CASME3_Dataset\Part_A_ME_clip\Part_A_ME_clip\depth\spNO.7_a_40,1
spNO.7_c_406,spNO.7,c,406,414,432,disgust,CASME3_Dataset\Part_A_ME_clip\Part_A_ME_clip\frame\spNO.7_c_406,CASME3_Dataset\Part_A_ME_clip\Part_A_ME_clip\depth\spNO.7_c_406,1
spNO.7_d_3041,spNO.7,d,3041,3047,3057,fear,CASME3_Dataset\Part_A_ME_clip\Part_A_ME_clip\frame\spNO.7_d_3041,CASME3_Dataset\Part_A_ME_clip\Part_A_ME_clip\depth\spNO.7_d_3041,1
spNO.7_i_5,spNO.7,i,5,5,38,anger,CASME3_Dataset\Part_A_ME_clip\Part_A_ME_clip\frame\spNO.7_i_5,CASME3_Dataset\Part_A_ME_clip\Part_A_ME_clip\depth\spNO.7_i_5,1
spNO.77_d_4708,spNO.77,d,4708,4714,4723,fear,CASME3_Dataset\Part_A_ME_clip\Part_A_ME_clip\frame\spNO.77_d_4708,CASME3_Dataset\Part_A_ME_clip\Part_A_ME_clip\depth\spNO.77_d_4708,3
spNO.77_f_542,spNO.77,f,542,550,586,fear,CASME3_Dataset\Part_A_ME_clip\Part_A_ME_clip\frame\spNO.77_f_542,CASME3_Dataset\Part_A_ME_clip\Part_A_ME_clip\depth\spNO.77_f_542,3
spNO.77_f_609,spNO.77,f,609,614,621,fear,CASME3_Dataset\Part_A_ME_clip\Part_A_ME_clip\frame\spNO.77_f_609,CASME3_Dataset\Part_A_ME_clip\Part_A_ME_clip\depth\spNO.77_f_609,3
spNO.77_g_353,spNO.77,g,353,360,420,sad,CASME3_Dataset\Part_A_ME_clip\Part_A_ME_clip\frame\spNO.77_g_353,CASME3_Dataset\Part_A_ME_clip\Part_A_ME_clip\depth\spNO.77_g_353,3
spNO.77_i_7,spNO.77,i,7,7,35,anger,CASME3_Dataset\Part_A_ME_clip\Part_A_ME_clip\frame\spNO.77_i_7,CASME3_Dataset\Part_A_ME_clip\Part_A_ME_clip\depth\spNO.77_i_7,3
spNO.77_i_535,spNO.77,i,535,540,552,disgust,CASME3_Dataset\Part_A_ME_clip\Part_A_ME_clip\frame\spNO.77_i_535,CASME3_Dataset\Part_A_ME_clip\Part_A_ME_clip\depth\spNO.77_i_535,3
spNO.77_k_7,spNO.77,k,7,7,56,happy,CASME3_Dataset\Part_A_ME_clip\Part_A_ME_clip\frame\spNO.77_k_7,CASME3_Dataset\Part_A_ME_clip\Part_A_ME_clip\depth\spNO.77_k_7,3
spNO.77_m_250,spNO.77,m,250,257,275,disgust,CASME3_Dataset\Part_A_ME_clip\Part_A_ME_clip\frame\spNO.77_m_250,CASME3_Dataset\Part_A_ME_clip\Part_A_ME_clip\depth\spNO.77_m_250,3
spNO.8_b_128,spNO.8,b,128,135,146,others,CASME3_Dataset\Part_A_ME_clip\Part_A_ME_clip\frame\spNO.8_b_128,CASME3_Dataset\Part_A_ME_clip\Part_A_ME_clip\depth\spNO.8_b_128,0
spNO.8_c_7,spNO.8,c,7,7,76,others,CASME3_Dataset\Part_A_ME_clip\Part_A_ME_clip\frame\spNO.8_c_7,CASME3_Dataset\Part_A_ME_clip\Part_A_ME_clip\depth\spNO.8_c_7,0
spNO.8_e_5,spNO.8,e,5,5,21,others,CASME3_Dataset\Part_A_ME_clip\Part_A_ME_clip\frame\spNO.8_e_5,CASME3_Dataset\Part_A_ME_clip\Part_A_ME_clip\depth\spNO.8_e_5,0
spNO.8_e_223,spNO.8,e,223,229,257,others,CASME3_Dataset\Part_A_ME_clip\Part_A_ME_clip\frame\spNO.8_e_223,CASME3_Dataset\Part_A_ME_clip\Part_A_ME_clip\depth\spNO.8_e_223,0
spNO.8_e_295,spNO.8,e,295,301,308,disgust,CASME3_Dataset\Part_A_ME_clip\Part_A_ME_clip\frame\spNO.8_e_295,CASME3_Dataset\Part_A_ME_clip\Part_A_ME_clip\depth\spNO.8_e_295,0
spNO.8_e_1035,spNO.8,e,1035,1040,1098,fear,CASME3_Dataset\Part_A_ME_clip\Part_A_ME_clip\frame\spNO.8_e_1035,CASME3_Dataset\Part_A_ME_clip\Part_A_ME_clip\depth\spNO.8_e_1035,0
spNO.8_f_1064,spNO.8,f,1064,1068,1155,fear,CASME3_Dataset\Part_A_ME_clip\Part_A_ME_clip\frame\spNO.8_f_1064,CASME3_Dataset\Part_A_ME_clip\Part_A_ME_clip\depth\spNO.8_f_1064,0
spNO.8_h_468,spNO.8,h,468,475,516,sad,CASME3_Dataset\Part_A_ME_clip\Part_A_ME_clip\frame\spNO.8_h_468,CASME3_Dataset\Part_A_ME_clip\Part_A_ME_clip\depth\spNO.8_h_468,0
spNO.8_h_2030,spNO.8,h,2030,2038,2068,sad,CASME3_Dataset\Part_A_ME_clip\Part_A_ME_clip\frame\spNO.8_h_2030,CASME3_Dataset\Part_A_ME_clip\Part_A_ME_clip\depth\spNO.8_h_2030,0
spNO.8_i_1823,spNO.8,i,1823,1830,1856,anger,CASME3_Dataset\Part_A_ME_clip\Part_A_ME_clip\frame\spNO.8_i_1823,CASME3_Dataset\Part_A_ME_clip\Part_A_ME_clip\depth\spNO.8_i_1823,0
spNO.8_k_1043,spNO.8,k,1043,1047,1099,happy,CASME3_Dataset\Part_A_ME_clip\Part_A_ME_clip\frame\spNO.8_k_1043,CASME3_Dataset\Part_A_ME_clip\Part_A_ME_clip\depth\spNO.8_k_1043,0
spNO.8_k_1803,spNO.8,k,1803,1811,1822,happy,CASME3_Dataset\Part_A_ME_clip\Part_A_ME_clip\frame\spNO.8_k_1803,CASME3_Dataset\Part_A_ME_clip\Part_A_ME_clip\depth\spNO.8_k_1803,0
spNO.8_l_1366,spNO.8,l,1366,1372,1388,sad,CASME3_Dataset\Part_A_ME_clip\Part_A_ME_clip\frame\spNO.8_l_1366,CASME3_Dataset\Part_A_ME_clip\Part_A_ME_clip\depth\spNO.8_l_1366,0
spNO.8_l_2147,spNO.8,l,2147,2152,2162,sad,CASME3_Dataset\Part_A_ME_clip\Part_A_ME_clip\frame\spNO.8_l_2147,CASME3_Dataset\Part_A_ME_clip\Part_A_ME_clip\depth\spNO.8_l_2147,0
spNO.8_l_2836,spNO.8,l,2836,2840,2861,sad,CASME3_Dataset\Part_A_ME_clip\Part_A_ME_clip\frame\spNO.8_l_2836,CASME3_Dataset\Part_A_ME_clip\Part_A_ME_clip\depth\spNO.8_l_2836,0
spNO.9_g_234,spNO.9,g,234,237,251,sad,CASME3_Dataset\Part_A_ME_clip\Part_A_ME_clip\frame\spNO.9_g_234,CASME3_Dataset\Part_A_ME_clip\Part_A_ME_clip\depth\spNO.9_g_234,0
spNO.9_g_980,spNO.9,g,980,987,1046,sad,CASME3_Dataset\Part_A_ME_clip\Part_A_ME_clip\frame\spNO.9_g_980,CASME3_Dataset\Part_A_ME_clip\Part_A_ME_clip\depth\spNO.9_g_980,0
spNO.9_h_4,spNO.9,h,4,4,18,surprise,CASME3_Dataset\Part_A_ME_clip\Part_A_ME_clip\frame\spNO.9_h_4,CASME3_Dataset\Part_A_ME_clip\Part_A_ME_clip\depth\spNO.9_h_4,0
